ISO-10303-21;
HEADER;
FILE_DESCRIPTION(('KiCad electronic assembly'),'2;1');
FILE_NAME('Gregory.step','2026-09-22T02:11:43',('Pcbnew'),('Kicad'),
  'Open CASCADE STEP processor 7.9','KiCad to STEP converter','Unknown'
  );
FILE_SCHEMA(('AUTOMOTIVE_DESIGN { 1 0 10303 214 1 1 1 1 }'));
ENDSEC;
DATA;
#1 = APPLICATION_PROTOCOL_DEFINITION('international standard',
  'automotive_design',2000,#2);
#2 = APPLICATION_CONTEXT(
  'core data for automotive mechanical design processes');
#3 = SHAPE_DEFINITION_REPRESENTATION(#4,#10);
#4 = PRODUCT_DEFINITION_SHAPE('','',#5);
#5 = PRODUCT_DEFINITION('design','',#6,#9);
#6 = PRODUCT_DEFINITION_FORMATION('','',#7);
#7 = PRODUCT('Gregory 1','Gregory 1','',(#8));
#8 = PRODUCT_CONTEXT('',#2,'mechanical');
#9 = PRODUCT_DEFINITION_CONTEXT('part definition',#2,'design');
#10 = SHAPE_REPRESENTATION('',(#11,#15,#19,#23,#27,#31,#35,#39,#43,#47,
    #51,#55,#59,#63,#67,#71,#75,#79,#83,#87,#91,#95,#99,#103,#107,#111,
    #115,#119,#123,#127,#131,#135,#139,#143,#147,#151,#155,#159),#163);
#11 = AXIS2_PLACEMENT_3D('',#12,#13,#14);
#12 = CARTESIAN_POINT('',(0.,0.,0.));
#13 = DIRECTION('',(0.,0.,1.));
#14 = DIRECTION('',(1.,0.,-0.));
#15 = AXIS2_PLACEMENT_3D('',#16,#17,#18);
#16 = CARTESIAN_POINT('',(26.221777,-37.655,1.595));
#17 = DIRECTION('',(-0.,1.,1.110223024625E-16));
#18 = DIRECTION('',(1.,0.,0.));
#19 = AXIS2_PLACEMENT_3D('',#20,#21,#22);
#20 = CARTESIAN_POINT('',(-18.388223,49.125,1.595));
#21 = DIRECTION('',(0.,0.,1.));
#22 = DIRECTION('',(1.,0.,0.));
#23 = AXIS2_PLACEMENT_3D('',#24,#25,#26);
#24 = CARTESIAN_POINT('',(-16.368223,-28.735,1.595));
#25 = DIRECTION('',(0.,0.,1.));
#26 = DIRECTION('',(1.,0.,0.));
#27 = AXIS2_PLACEMENT_3D('',#28,#29,#30);
#28 = CARTESIAN_POINT('',(26.221777,1.725,1.595));
#29 = DIRECTION('',(-0.,1.,1.110223024625E-16));
#30 = DIRECTION('',(1.,0.,0.));
#31 = AXIS2_PLACEMENT_3D('',#32,#33,#34);
#32 = CARTESIAN_POINT('',(-32.848223,21.415,1.595));
#33 = DIRECTION('',(-0.,1.,1.110223024625E-16));
#34 = DIRECTION('',(1.,0.,0.));
#35 = AXIS2_PLACEMENT_3D('',#36,#37,#38);
#36 = CARTESIAN_POINT('',(-13.158223,-17.965,1.595));
#37 = DIRECTION('',(-0.,1.,1.110223024625E-16));
#38 = DIRECTION('',(1.,0.,0.));
#39 = AXIS2_PLACEMENT_3D('',#40,#41,#42);
#40 = CARTESIAN_POINT('',(-13.158223,-37.655,1.595));
#41 = DIRECTION('',(-0.,1.,1.110223024625E-16));
#42 = DIRECTION('',(1.,0.,0.));
#43 = AXIS2_PLACEMENT_3D('',#44,#45,#46);
#44 = CARTESIAN_POINT('',(6.531777,-37.655,1.595));
#45 = DIRECTION('',(-0.,1.,1.110223024625E-16));
#46 = DIRECTION('',(1.,0.,0.));
#47 = AXIS2_PLACEMENT_3D('',#48,#49,#50);
#48 = CARTESIAN_POINT('',(23.111777,-48.375,1.595));
#49 = DIRECTION('',(0.,0.,1.));
#50 = DIRECTION('',(1.,0.,0.));
#51 = AXIS2_PLACEMENT_3D('',#52,#53,#54);
#52 = CARTESIAN_POINT('',(-16.368223,-48.375,1.595));
#53 = DIRECTION('',(0.,0.,1.));
#54 = DIRECTION('',(1.,0.,0.));
#55 = AXIS2_PLACEMENT_3D('',#56,#57,#58);
#56 = CARTESIAN_POINT('',(-36.008223,10.625,1.595));
#57 = DIRECTION('',(0.,0.,1.));
#58 = DIRECTION('',(1.,0.,0.));
#59 = AXIS2_PLACEMENT_3D('',#60,#61,#62);
#60 = CARTESIAN_POINT('',(23.111777,10.745,1.595));
#61 = DIRECTION('',(0.,0.,1.));
#62 = DIRECTION('',(1.,0.,0.));
#63 = AXIS2_PLACEMENT_3D('',#64,#65,#66);
#64 = CARTESIAN_POINT('',(-48.338223,6.525,1.595));
#65 = DIRECTION('',(0.,0.,1.));
#66 = DIRECTION('',(1.,0.,0.));
#67 = AXIS2_PLACEMENT_3D('',#68,#69,#70);
#68 = CARTESIAN_POINT('',(-30.638223,38.955,1.595));
#69 = DIRECTION('',(0.,-0.,1.));
#70 = DIRECTION('',(1.110223024625E-16,1.,0.));
#71 = AXIS2_PLACEMENT_3D('',#72,#73,#74);
#72 = CARTESIAN_POINT('',(3.331777,-28.735,1.595));
#73 = DIRECTION('',(0.,0.,1.));
#74 = DIRECTION('',(1.,0.,0.));
#75 = AXIS2_PLACEMENT_3D('',#76,#77,#78);
#76 = CARTESIAN_POINT('',(-32.848223,1.725,1.595));
#77 = DIRECTION('',(-0.,1.,1.110223024625E-16));
#78 = DIRECTION('',(1.,0.,0.));
#79 = AXIS2_PLACEMENT_3D('',#80,#81,#82);
#80 = CARTESIAN_POINT('',(-16.368223,-8.995,1.595));
#81 = DIRECTION('',(0.,0.,1.));
#82 = DIRECTION('',(1.,0.,0.));
#83 = AXIS2_PLACEMENT_3D('',#84,#85,#86);
#84 = CARTESIAN_POINT('',(-16.368223,10.745,1.595));
#85 = DIRECTION('',(0.,0.,1.));
#86 = DIRECTION('',(1.,0.,0.));
#87 = AXIS2_PLACEMENT_3D('',#88,#89,#90);
#88 = CARTESIAN_POINT('',(-36.538223,51.025,1.595));
#89 = DIRECTION('',(0.,0.,1.));
#90 = DIRECTION('',(-1.,1.224646799147E-16,0.));
#91 = AXIS2_PLACEMENT_3D('',#92,#93,#94);
#92 = CARTESIAN_POINT('',(6.531777,21.415,1.595));
#93 = DIRECTION('',(-0.,1.,1.110223024625E-16));
#94 = DIRECTION('',(1.,0.,0.));
#95 = AXIS2_PLACEMENT_3D('',#96,#97,#98);
#96 = CARTESIAN_POINT('',(-13.158223,1.725,1.595));
#97 = DIRECTION('',(-0.,1.,1.110223024625E-16));
#98 = DIRECTION('',(1.,0.,0.));
#99 = AXIS2_PLACEMENT_3D('',#100,#101,#102);
#100 = CARTESIAN_POINT('',(-13.158223,21.415,1.595));
#101 = DIRECTION('',(-0.,1.,1.110223024625E-16));
#102 = DIRECTION('',(1.,0.,0.));
#103 = AXIS2_PLACEMENT_3D('',#104,#105,#106);
#104 = CARTESIAN_POINT('',(23.111777,-28.735,1.595));
#105 = DIRECTION('',(0.,0.,1.));
#106 = DIRECTION('',(1.,0.,0.));
#107 = AXIS2_PLACEMENT_3D('',#108,#109,#110);
#108 = CARTESIAN_POINT('',(-32.848223,-17.965,1.595));
#109 = DIRECTION('',(-0.,1.,1.110223024625E-16));
#110 = DIRECTION('',(1.,0.,0.));
#111 = AXIS2_PLACEMENT_3D('',#112,#113,#114);
#112 = CARTESIAN_POINT('',(-32.848223,-37.655,1.595));
#113 = DIRECTION('',(-0.,1.,1.110223024625E-16));
#114 = DIRECTION('',(1.,0.,0.));
#115 = AXIS2_PLACEMENT_3D('',#116,#117,#118);
#116 = CARTESIAN_POINT('',(6.531777,-17.965,1.595));
#117 = DIRECTION('',(-0.,1.,1.110223024625E-16));
#118 = DIRECTION('',(1.,0.,0.));
#119 = AXIS2_PLACEMENT_3D('',#120,#121,#122);
#120 = CARTESIAN_POINT('',(-35.998223,-48.375,1.595));
#121 = DIRECTION('',(0.,0.,1.));
#122 = DIRECTION('',(1.,0.,0.));
#123 = AXIS2_PLACEMENT_3D('',#124,#125,#126);
#124 = CARTESIAN_POINT('',(26.221777,-17.965,1.595));
#125 = DIRECTION('',(-0.,1.,1.110223024625E-16));
#126 = DIRECTION('',(1.,0.,0.));
#127 = AXIS2_PLACEMENT_3D('',#128,#129,#130);
#128 = CARTESIAN_POINT('',(3.371777,10.745,1.595));
#129 = DIRECTION('',(0.,0.,1.));
#130 = DIRECTION('',(1.,0.,0.));
#131 = AXIS2_PLACEMENT_3D('',#132,#133,#134);
#132 = CARTESIAN_POINT('',(-35.998223,-8.955,1.595));
#133 = DIRECTION('',(0.,0.,1.));
#134 = DIRECTION('',(1.,0.,0.));
#135 = AXIS2_PLACEMENT_3D('',#136,#137,#138);
#136 = CARTESIAN_POINT('',(26.221777,21.415,1.595));
#137 = DIRECTION('',(-0.,1.,1.110223024625E-16));
#138 = DIRECTION('',(1.,0.,0.));
#139 = AXIS2_PLACEMENT_3D('',#140,#141,#142);
#140 = CARTESIAN_POINT('',(23.111777,-8.995,1.595));
#141 = DIRECTION('',(0.,0.,1.));
#142 = DIRECTION('',(1.,0.,0.));
#143 = AXIS2_PLACEMENT_3D('',#144,#145,#146);
#144 = CARTESIAN_POINT('',(-35.998223,-28.695,1.595));
#145 = DIRECTION('',(0.,0.,1.));
#146 = DIRECTION('',(1.,0.,0.));
#147 = AXIS2_PLACEMENT_3D('',#148,#149,#150);
#148 = CARTESIAN_POINT('',(6.531777,1.725,1.595));
#149 = DIRECTION('',(-0.,1.,1.110223024625E-16));
#150 = DIRECTION('',(1.,0.,0.));
#151 = AXIS2_PLACEMENT_3D('',#152,#153,#154);
#152 = CARTESIAN_POINT('',(3.412777,-48.645,1.595));
#153 = DIRECTION('',(0.,0.,1.));
#154 = DIRECTION('',(1.,0.,0.));
#155 = AXIS2_PLACEMENT_3D('',#156,#157,#158);
#156 = CARTESIAN_POINT('',(3.371777,-8.995,1.595));
#157 = DIRECTION('',(0.,0.,1.));
#158 = DIRECTION('',(1.,0.,0.));
#159 = AXIS2_PLACEMENT_3D('',#160,#161,#162);
#160 = CARTESIAN_POINT('',(0.,0.,0.));
#161 = DIRECTION('',(0.,0.,1.));
#162 = DIRECTION('',(1.,0.,-0.));
#163 = ( GEOMETRIC_REPRESENTATION_CONTEXT(3) 
GLOBAL_UNCERTAINTY_ASSIGNED_CONTEXT((#167)) GLOBAL_UNIT_ASSIGNED_CONTEXT
((#164,#165,#166)) REPRESENTATION_CONTEXT('Context #1',
  '3D Context with UNIT and UNCERTAINTY') );
#164 = ( LENGTH_UNIT() NAMED_UNIT(*) SI_UNIT(.MILLI.,.METRE.) );
#165 = ( NAMED_UNIT(*) PLANE_ANGLE_UNIT() SI_UNIT($,.RADIAN.) );
#166 = ( NAMED_UNIT(*) SI_UNIT($,.STERADIAN.) SOLID_ANGLE_UNIT() );
#167 = UNCERTAINTY_MEASURE_WITH_UNIT(LENGTH_MEASURE(5.E-04),#164,
  'distance_accuracy_value','confusion accuracy');
#168 = PRODUCT_RELATED_PRODUCT_CATEGORY('part',$,(#7));
#169 = SHAPE_DEFINITION_REPRESENTATION(#170,#176);
#170 = PRODUCT_DEFINITION_SHAPE('','',#171);
#171 = PRODUCT_DEFINITION('design','',#172,#175);
#172 = PRODUCT_DEFINITION_FORMATION('','',#173);
#173 = PRODUCT('MX-Hotswap-Socket','MX-Hotswap-Socket','',(#174));
#174 = PRODUCT_CONTEXT('',#2,'mechanical');
#175 = PRODUCT_DEFINITION_CONTEXT('part definition',#2,'design');
#176 = SHAPE_REPRESENTATION('',(#11,#177),#181);
#177 = AXIS2_PLACEMENT_3D('',#178,#179,#180);
#178 = CARTESIAN_POINT('',(0.,0.,0.));
#179 = DIRECTION('',(0.,0.,1.));
#180 = DIRECTION('',(1.,0.,-0.));
#181 = ( GEOMETRIC_REPRESENTATION_CONTEXT(3) 
GLOBAL_UNCERTAINTY_ASSIGNED_CONTEXT((#185)) GLOBAL_UNIT_ASSIGNED_CONTEXT
((#182,#183,#184)) REPRESENTATION_CONTEXT('Context #1',
  '3D Context with UNIT and UNCERTAINTY') );
#182 = ( LENGTH_UNIT() NAMED_UNIT(*) SI_UNIT(.MILLI.,.METRE.) );
#183 = ( NAMED_UNIT(*) PLANE_ANGLE_UNIT() SI_UNIT($,.RADIAN.) );
#184 = ( NAMED_UNIT(*) SI_UNIT($,.STERADIAN.) SOLID_ANGLE_UNIT() );
#185 = UNCERTAINTY_MEASURE_WITH_UNIT(LENGTH_MEASURE(5.E-04),#182,
  'distance_accuracy_value','confusion accuracy');
#186 = CONTEXT_DEPENDENT_SHAPE_REPRESENTATION(#187,#189);
#187 = ( REPRESENTATION_RELATIONSHIP('','',#176,#10) 
REPRESENTATION_RELATIONSHIP_WITH_TRANSFORMATION(#188) 
SHAPE_REPRESENTATION_RELATIONSHIP() );
#188 = ITEM_DEFINED_TRANSFORMATION('','',#11,#15);
#189 = PRODUCT_DEFINITION_SHAPE('Placement','Placement of an item',#190
  );
#190 = NEXT_ASSEMBLY_USAGE_OCCURRENCE('2','SW16','',#5,#171,$);
#191 = PRODUCT_RELATED_PRODUCT_CATEGORY('part',$,(#173));
#192 = SHAPE_DEFINITION_REPRESENTATION(#193,#199);
#193 = PRODUCT_DEFINITION_SHAPE('','',#194);
#194 = PRODUCT_DEFINITION('design','',#195,#198);
#195 = PRODUCT_DEFINITION_FORMATION('','',#196);
#196 = PRODUCT('Kailh Socket v12','Kailh Socket v12','',(#197));
#197 = PRODUCT_CONTEXT('',#2,'mechanical');
#198 = PRODUCT_DEFINITION_CONTEXT('part definition',#2,'design');
#199 = ADVANCED_BREP_SHAPE_REPRESENTATION('',(#11,#200),#7670);
#200 = MANIFOLD_SOLID_BREP('',#201);
#201 = CLOSED_SHELL('',(#202,#244,#275,#316,#358,#431,#472,#504,#562,
    #587,#629,#694,#735,#777,#808,#849,#874,#906,#972,#1038,#1069,#1119,
    #1168,#1225,#1265,#1315,#1339,#1405,#1444,#1494,#1543,#1600,#1632,
    #1725,#1749,#1798,#1823,#1856,#1873,#1890,#1922,#1972,#2015,#2039,
    #2051,#2070,#2082,#2094,#2118,#2160,#2177,#2219,#2249,#2284,#2333,
    #2358,#2383,#2400,#2425,#2467,#2491,#2503,#2522,#2534,#2546,#2604,
    #2621,#2663,#2732,#2798,#2917,#2941,#2986,#3053,#3077,#3101,#3146,
    #3193,#3250,#3277,#3376,#3461,#3494,#3533,#3564,#3622,#3654,#3679,
    #3704,#3722,#3747,#3779,#3811,#3835,#3893,#3918,#3958,#3991,#4022,
    #4053,#4077,#4110,#4143,#4165,#4182,#4199,#4216,#4243,#4283,#4314,
    #4347,#4371,#4402,#4435,#4468,#4490,#4512,#4529,#4546,#4563,#4590,
    #4602,#4619,#4636,#4653,#4670,#4682,#4751,#4803,#4860,#4916,#4947,
    #5012,#5029,#5046,#5077,#5126,#5150,#5187,#5207,#5245,#5263,#5294,
    #5326,#5513,#5535,#5566,#5589,#5612,#5634,#5651,#5663,#5675,#5697,
    #5714,#5726,#5738,#5768,#5796,#5824,#5836,#5876,#5916,#5956,#5996,
    #6043,#6099,#6123,#6158,#6175,#6206,#6246,#6302,#6351,#6386,#6403,
    #6420,#6432,#6449,#6461,#6540,#6558,#6570,#6582,#6614,#6631,#6657,
    #6669,#6681,#6706,#6723,#6735,#6747,#6764,#6779,#6803,#6827,#6853,
    #6878,#6904,#6930,#6947,#6971,#6996,#7021,#7045,#7063,#7075,#7093,
    #7111,#7137,#7154,#7178,#7196,#7208,#7225,#7237,#7249,#7261,#7294,
    #7391,#7416,#7441,#7466,#7491,#7516,#7525,#7534,#7543,#7552,#7561,
    #7570,#7595,#7612,#7637,#7654));
#202 = ADVANCED_FACE('',(#203),#239,.T.);
#203 = FACE_BOUND('',#204,.T.);
#204 = EDGE_LOOP('',(#205,#216,#224,#233));
#205 = ORIENTED_EDGE('',*,*,#206,.T.);
#206 = EDGE_CURVE('',#207,#209,#211,.T.);
#207 = VERTEX_POINT('',#208);
#208 = CARTESIAN_POINT('',(8.212988732711,-0.9,1.7));
#209 = VERTEX_POINT('',#210);
#210 = CARTESIAN_POINT('',(8.263232211058,-0.95,1.7));
#211 = ELLIPSE('',#212,5.024347834716E-02,5.E-02);
#212 = AXIS2_PLACEMENT_3D('',#213,#214,#215);
#213 = CARTESIAN_POINT('',(8.263232211058,-0.9,1.7));
#214 = DIRECTION('',(0.,0.,1.));
#215 = DIRECTION('',(-1.,9.840007239095E-15,0.));
#216 = ORIENTED_EDGE('',*,*,#217,.T.);
#217 = EDGE_CURVE('',#209,#218,#220,.T.);
#218 = VERTEX_POINT('',#219);
#219 = CARTESIAN_POINT('',(8.248411143357,-0.95,1.85));
#220 = LINE('',#221,#222);
#221 = CARTESIAN_POINT('',(8.253554367936,-0.95,1.797946821216));
#222 = VECTOR('',#223,1.);
#223 = DIRECTION('',(-9.832830175871E-02,-3.945867564549E-16,
    0.995154030828));
#224 = ORIENTED_EDGE('',*,*,#225,.T.);
#225 = EDGE_CURVE('',#218,#226,#228,.T.);
#226 = VERTEX_POINT('',#227);
#227 = CARTESIAN_POINT('',(8.19816766501,-0.9,1.85));
#228 = ELLIPSE('',#229,5.024347834716E-02,5.E-02);
#229 = AXIS2_PLACEMENT_3D('',#230,#231,#232);
#230 = CARTESIAN_POINT('',(8.248411143357,-0.9,1.85));
#231 = DIRECTION('',(0.,0.,-1.));
#232 = DIRECTION('',(-1.,9.840007239095E-15,0.));
#233 = ORIENTED_EDGE('',*,*,#234,.T.);
#234 = EDGE_CURVE('',#226,#207,#235,.T.);
#235 = LINE('',#236,#237);
#236 = CARTESIAN_POINT('',(8.203796666395,-0.9,1.793030406128));
#237 = VECTOR('',#238,1.);
#238 = DIRECTION('',(9.832830175871E-02,3.945867564549E-16,
    -0.995154030828));
#239 = CYLINDRICAL_SURFACE('',#240,5.E-02);
#240 = AXIS2_PLACEMENT_3D('',#241,#242,#243);
#241 = CARTESIAN_POINT('',(8.253554367936,-0.9,1.797946821216));
#242 = DIRECTION('',(9.832830175871E-02,3.945867564549E-16,
    -0.995154030828));
#243 = DIRECTION('',(-0.703680163524,-0.707106781187,-6.952860895614E-02
    ));
#244 = ADVANCED_FACE('',(#245),#270,.F.);
#245 = FACE_BOUND('',#246,.T.);
#246 = EDGE_LOOP('',(#247,#248,#256,#264));
#247 = ORIENTED_EDGE('',*,*,#217,.F.);
#248 = ORIENTED_EDGE('',*,*,#249,.F.);
#249 = EDGE_CURVE('',#250,#209,#252,.T.);
#250 = VERTEX_POINT('',#251);
#251 = CARTESIAN_POINT('',(9.03676778894,-0.95,1.7));
#252 = LINE('',#253,#254);
#253 = CARTESIAN_POINT('',(9.299999999999,-0.95,1.7));
#254 = VECTOR('',#255,1.);
#255 = DIRECTION('',(-1.,0.,0.));
#256 = ORIENTED_EDGE('',*,*,#257,.F.);
#257 = EDGE_CURVE('',#258,#250,#260,.T.);
#258 = VERTEX_POINT('',#259);
#259 = CARTESIAN_POINT('',(9.051588856641,-0.95,1.85));
#260 = LINE('',#261,#262);
#261 = CARTESIAN_POINT('',(9.078784808564,-0.95,2.125242841523));
#262 = VECTOR('',#263,1.);
#263 = DIRECTION('',(-9.832830175871E-02,3.945867564549E-16,
    -0.995154030828));
#264 = ORIENTED_EDGE('',*,*,#265,.T.);
#265 = EDGE_CURVE('',#258,#218,#266,.T.);
#266 = LINE('',#267,#268);
#267 = CARTESIAN_POINT('',(9.299999999999,-0.95,1.85));
#268 = VECTOR('',#269,1.);
#269 = DIRECTION('',(-1.,0.,0.));
#270 = PLANE('',#271);
#271 = AXIS2_PLACEMENT_3D('',#272,#273,#274);
#272 = CARTESIAN_POINT('',(9.299999999999,-0.95,1.85));
#273 = DIRECTION('',(0.,1.,3.965082230804E-16));
#274 = DIRECTION('',(0.,3.965082230804E-16,-1.));
#275 = ADVANCED_FACE('',(#276),#311,.F.);
#276 = FACE_BOUND('',#277,.T.);
#277 = EDGE_LOOP('',(#278,#279,#287,#295,#303,#310));
#278 = ORIENTED_EDGE('',*,*,#206,.F.);
#279 = ORIENTED_EDGE('',*,*,#280,.F.);
#280 = EDGE_CURVE('',#281,#207,#283,.T.);
#281 = VERTEX_POINT('',#282);
#282 = CARTESIAN_POINT('',(8.212988732711,0.2825,1.7));
#283 = LINE('',#284,#285);
#284 = CARTESIAN_POINT('',(8.212988732711,-0.95,1.7));
#285 = VECTOR('',#286,1.);
#286 = DIRECTION('',(-1.486649187413E-16,-1.,0.));
#287 = ORIENTED_EDGE('',*,*,#288,.F.);
#288 = EDGE_CURVE('',#289,#281,#291,.T.);
#289 = VERTEX_POINT('',#290);
#290 = CARTESIAN_POINT('',(9.087011267287,0.2825,1.7));
#291 = LINE('',#292,#293);
#292 = CARTESIAN_POINT('',(9.299999999999,0.2825,1.7));
#293 = VECTOR('',#294,1.);
#294 = DIRECTION('',(-1.,0.,0.));
#295 = ORIENTED_EDGE('',*,*,#296,.F.);
#296 = EDGE_CURVE('',#297,#289,#299,.T.);
#297 = VERTEX_POINT('',#298);
#298 = CARTESIAN_POINT('',(9.087011267287,-0.9,1.7));
#299 = LINE('',#300,#301);
#300 = CARTESIAN_POINT('',(9.087011267287,-0.95,1.7));
#301 = VECTOR('',#302,1.);
#302 = DIRECTION('',(-1.486649187413E-16,1.,0.));
#303 = ORIENTED_EDGE('',*,*,#304,.F.);
#304 = EDGE_CURVE('',#250,#297,#305,.T.);
#305 = ELLIPSE('',#306,5.024347834716E-02,5.E-02);
#306 = AXIS2_PLACEMENT_3D('',#307,#308,#309);
#307 = CARTESIAN_POINT('',(9.03676778894,-0.9,1.7));
#308 = DIRECTION('',(0.,0.,1.));
#309 = DIRECTION('',(1.,-3.280002413032E-15,0.));
#310 = ORIENTED_EDGE('',*,*,#249,.T.);
#311 = PLANE('',#312);
#312 = AXIS2_PLACEMENT_3D('',#313,#314,#315);
#313 = CARTESIAN_POINT('',(9.299999999999,-0.95,1.7));
#314 = DIRECTION('',(0.,0.,1.));
#315 = DIRECTION('',(0.,1.,0.));
#316 = ADVANCED_FACE('',(#317),#353,.T.);
#317 = FACE_BOUND('',#318,.T.);
#318 = EDGE_LOOP('',(#319,#330,#338,#347));
#319 = ORIENTED_EDGE('',*,*,#320,.T.);
#320 = EDGE_CURVE('',#321,#323,#325,.T.);
#321 = VERTEX_POINT('',#322);
#322 = CARTESIAN_POINT('',(8.263232211058,-0.95,1.65));
#323 = VERTEX_POINT('',#324);
#324 = CARTESIAN_POINT('',(8.212988732711,-0.9,1.65));
#325 = ELLIPSE('',#326,5.024347834716E-02,5.E-02);
#326 = AXIS2_PLACEMENT_3D('',#327,#328,#329);
#327 = CARTESIAN_POINT('',(8.263232211058,-0.9,1.65));
#328 = DIRECTION('',(0.,0.,-1.));
#329 = DIRECTION('',(-1.,3.797897530879E-15,0.));
#330 = ORIENTED_EDGE('',*,*,#331,.T.);
#331 = EDGE_CURVE('',#323,#332,#334,.T.);
#332 = VERTEX_POINT('',#333);
#333 = CARTESIAN_POINT('',(8.19816766501,-0.9,1.5));
#334 = LINE('',#335,#336);
#335 = CARTESIAN_POINT('',(8.194866051617,-0.9,1.466585267749));
#336 = VECTOR('',#337,1.);
#337 = DIRECTION('',(-9.832830175871E-02,3.945867564549E-16,
    -0.995154030828));
#338 = ORIENTED_EDGE('',*,*,#339,.T.);
#339 = EDGE_CURVE('',#332,#340,#342,.T.);
#340 = VERTEX_POINT('',#341);
#341 = CARTESIAN_POINT('',(8.248411143357,-0.95,1.5));
#342 = ELLIPSE('',#343,5.024347834716E-02,5.E-02);
#343 = AXIS2_PLACEMENT_3D('',#344,#345,#346);
#344 = CARTESIAN_POINT('',(8.248411143357,-0.9,1.5));
#345 = DIRECTION('',(0.,0.,1.));
#346 = DIRECTION('',(-1.,3.797897530879E-15,0.));
#347 = ORIENTED_EDGE('',*,*,#348,.T.);
#348 = EDGE_CURVE('',#340,#321,#349,.T.);
#349 = LINE('',#350,#351);
#350 = CARTESIAN_POINT('',(8.244623753159,-0.95,1.461668852661));
#351 = VECTOR('',#352,1.);
#352 = DIRECTION('',(9.832830175871E-02,-3.945867564549E-16,
    0.995154030828));
#353 = CYLINDRICAL_SURFACE('',#354,5.E-02);
#354 = AXIS2_PLACEMENT_3D('',#355,#356,#357);
#355 = CARTESIAN_POINT('',(8.244623753159,-0.9,1.461668852661));
#356 = DIRECTION('',(9.832830175871E-02,-3.945867564549E-16,
    0.995154030828));
#357 = DIRECTION('',(-0.703680163524,-0.707106781187,6.952860895614E-02)
  );
#358 = ADVANCED_FACE('',(#359),#426,.T.);
#359 = FACE_BOUND('',#360,.T.);
#360 = EDGE_LOOP('',(#361,#362,#370,#379,#387,#395,#403,#411,#420));
#361 = ORIENTED_EDGE('',*,*,#331,.F.);
#362 = ORIENTED_EDGE('',*,*,#363,.T.);
#363 = EDGE_CURVE('',#323,#364,#366,.T.);
#364 = VERTEX_POINT('',#365);
#365 = CARTESIAN_POINT('',(8.212988732711,0.2825,1.65));
#366 = LINE('',#367,#368);
#367 = CARTESIAN_POINT('',(8.212988732711,-0.33375,1.65));
#368 = VECTOR('',#369,1.);
#369 = DIRECTION('',(-5.534777013651E-17,1.,0.));
#370 = ORIENTED_EDGE('',*,*,#371,.T.);
#371 = EDGE_CURVE('',#364,#372,#374,.T.);
#372 = VERTEX_POINT('',#373);
#373 = CARTESIAN_POINT('',(8.132460931536,0.2825,0.835));
#374 = ELLIPSE('',#375,0.409484348529,0.4075);
#375 = AXIS2_PLACEMENT_3D('',#376,#377,#378);
#376 = CARTESIAN_POINT('',(8.172724832123,0.2825,1.2425));
#377 = DIRECTION('',(-0.995154030828,-5.507955654869E-17,
    9.832830175871E-02));
#378 = DIRECTION('',(-9.832830175871E-02,1.54074395551E-33,
    -0.995154030828));
#379 = ORIENTED_EDGE('',*,*,#380,.F.);
#380 = EDGE_CURVE('',#381,#372,#383,.T.);
#381 = VERTEX_POINT('',#382);
#382 = CARTESIAN_POINT('',(8.132460931536,-0.960000000002,0.835));
#383 = LINE('',#384,#385);
#384 = CARTESIAN_POINT('',(8.132460931536,-0.9,0.835000000002));
#385 = VECTOR('',#386,1.);
#386 = DIRECTION('',(-5.53477701365E-17,1.,8.646146946541E-29));
#387 = ORIENTED_EDGE('',*,*,#388,.T.);
#388 = EDGE_CURVE('',#381,#389,#391,.T.);
#389 = VERTEX_POINT('',#390);
#390 = CARTESIAN_POINT('',(8.132460931536,-1.3,0.835));
#391 = LINE('',#392,#393);
#392 = CARTESIAN_POINT('',(8.132460931536,-1.2,0.835));
#393 = VECTOR('',#394,1.);
#394 = DIRECTION('',(5.534777013651E-17,-1.,0.));
#395 = ORIENTED_EDGE('',*,*,#396,.F.);
#396 = EDGE_CURVE('',#397,#389,#399,.T.);
#397 = VERTEX_POINT('',#398);
#398 = CARTESIAN_POINT('',(8.147281999237,-1.3,0.985));
#399 = LINE('',#400,#401);
#400 = CARTESIAN_POINT('',(8.139042620138,-1.3,0.901611482401));
#401 = VECTOR('',#402,1.);
#402 = DIRECTION('',(-9.832830175871E-02,-2.662593770361E-17,
    -0.995154030828));
#403 = ORIENTED_EDGE('',*,*,#404,.T.);
#404 = EDGE_CURVE('',#397,#405,#407,.T.);
#405 = VERTEX_POINT('',#406);
#406 = CARTESIAN_POINT('',(8.147281999237,0.2825,0.985));
#407 = LINE('',#408,#409);
#408 = CARTESIAN_POINT('',(8.147281999237,-0.33375,0.985));
#409 = VECTOR('',#410,1.);
#410 = DIRECTION('',(3.962879904766E-17,1.,9.612320559525E-16));
#411 = ORIENTED_EDGE('',*,*,#412,.T.);
#412 = EDGE_CURVE('',#405,#413,#415,.T.);
#413 = VERTEX_POINT('',#414);
#414 = CARTESIAN_POINT('',(8.19816766501,0.2825,1.5));
#415 = ELLIPSE('',#416,0.258753913488,0.2575);
#416 = AXIS2_PLACEMENT_3D('',#417,#418,#419);
#417 = CARTESIAN_POINT('',(8.172724832123,0.2825,1.2425));
#418 = DIRECTION('',(0.995154030828,5.507955654869E-17,
    -9.832830175871E-02));
#419 = DIRECTION('',(-9.832830175871E-02,-3.851859888774E-33,
    -0.995154030828));
#420 = ORIENTED_EDGE('',*,*,#421,.T.);
#421 = EDGE_CURVE('',#413,#332,#422,.T.);
#422 = LINE('',#423,#424);
#423 = CARTESIAN_POINT('',(8.19816766501,-0.95,1.5));
#424 = VECTOR('',#425,1.);
#425 = DIRECTION('',(5.534777013651E-17,-1.,0.));
#426 = PLANE('',#427);
#427 = AXIS2_PLACEMENT_3D('',#428,#429,#430);
#428 = CARTESIAN_POINT('',(8.146663289913,-0.95,0.97873821101));
#429 = DIRECTION('',(-0.995154030828,-5.507955654869E-17,
    9.832830175871E-02));
#430 = DIRECTION('',(9.832830175871E-02,-3.953082869266E-16,
    0.995154030828));
#431 = ADVANCED_FACE('',(#432),#467,.F.);
#432 = FACE_BOUND('',#433,.T.);
#433 = EDGE_LOOP('',(#434,#435,#443,#452,#460,#466));
#434 = ORIENTED_EDGE('',*,*,#320,.F.);
#435 = ORIENTED_EDGE('',*,*,#436,.F.);
#436 = EDGE_CURVE('',#437,#321,#439,.T.);
#437 = VERTEX_POINT('',#438);
#438 = CARTESIAN_POINT('',(9.03676778894,-0.95,1.65));
#439 = LINE('',#440,#441);
#440 = CARTESIAN_POINT('',(9.299999999999,-0.95,1.65));
#441 = VECTOR('',#442,1.);
#442 = DIRECTION('',(-1.,0.,0.));
#443 = ORIENTED_EDGE('',*,*,#444,.F.);
#444 = EDGE_CURVE('',#445,#437,#447,.T.);
#445 = VERTEX_POINT('',#446);
#446 = CARTESIAN_POINT('',(9.087011267287,-0.9,1.65));
#447 = ELLIPSE('',#448,5.024347834716E-02,5.E-02);
#448 = AXIS2_PLACEMENT_3D('',#449,#450,#451);
#449 = CARTESIAN_POINT('',(9.03676778894,-0.9,1.65));
#450 = DIRECTION('',(0.,0.,-1.));
#451 = DIRECTION('',(1.,3.797897530879E-15,0.));
#452 = ORIENTED_EDGE('',*,*,#453,.F.);
#453 = EDGE_CURVE('',#454,#445,#456,.T.);
#454 = VERTEX_POINT('',#455);
#455 = CARTESIAN_POINT('',(9.087011267287,0.2825,1.65));
#456 = LINE('',#457,#458);
#457 = CARTESIAN_POINT('',(9.087011267287,-0.33375,1.65));
#458 = VECTOR('',#459,1.);
#459 = DIRECTION('',(-5.534777013651E-17,-1.,0.));
#460 = ORIENTED_EDGE('',*,*,#461,.T.);
#461 = EDGE_CURVE('',#454,#364,#462,.T.);
#462 = LINE('',#463,#464);
#463 = CARTESIAN_POINT('',(9.299999999999,0.2825,1.65));
#464 = VECTOR('',#465,1.);
#465 = DIRECTION('',(-1.,0.,0.));
#466 = ORIENTED_EDGE('',*,*,#363,.F.);
#467 = PLANE('',#468);
#468 = AXIS2_PLACEMENT_3D('',#469,#470,#471);
#469 = CARTESIAN_POINT('',(9.299999999999,0.2825,1.65));
#470 = DIRECTION('',(0.,0.,-1.));
#471 = DIRECTION('',(0.,-1.,0.));
#472 = ADVANCED_FACE('',(#473),#499,.T.);
#473 = FACE_BOUND('',#474,.T.);
#474 = EDGE_LOOP('',(#475,#486,#492,#493));
#475 = ORIENTED_EDGE('',*,*,#476,.T.);
#476 = EDGE_CURVE('',#477,#479,#481,.T.);
#477 = VERTEX_POINT('',#478);
#478 = CARTESIAN_POINT('',(9.051588856641,-0.95,1.5));
#479 = VERTEX_POINT('',#480);
#480 = CARTESIAN_POINT('',(9.101832334988,-0.9,1.5));
#481 = ELLIPSE('',#482,5.024347834716E-02,5.E-02);
#482 = AXIS2_PLACEMENT_3D('',#483,#484,#485);
#483 = CARTESIAN_POINT('',(9.051588856641,-0.9,1.5));
#484 = DIRECTION('',(0.,0.,1.));
#485 = DIRECTION('',(1.,3.797897530879E-15,-0.));
#486 = ORIENTED_EDGE('',*,*,#487,.T.);
#487 = EDGE_CURVE('',#479,#445,#488,.T.);
#488 = LINE('',#489,#490);
#489 = CARTESIAN_POINT('',(9.085363763284,-0.9,1.666673940464));
#490 = VECTOR('',#491,1.);
#491 = DIRECTION('',(-9.832830175871E-02,-3.945867564549E-16,
    0.995154030828));
#492 = ORIENTED_EDGE('',*,*,#444,.T.);
#493 = ORIENTED_EDGE('',*,*,#494,.T.);
#494 = EDGE_CURVE('',#437,#477,#495,.T.);
#495 = LINE('',#496,#497);
#496 = CARTESIAN_POINT('',(9.035606061743,-0.95,1.661757525376));
#497 = VECTOR('',#498,1.);
#498 = DIRECTION('',(9.832830175871E-02,3.945867564549E-16,
    -0.995154030828));
#499 = CYLINDRICAL_SURFACE('',#500,5.E-02);
#500 = AXIS2_PLACEMENT_3D('',#501,#502,#503);
#501 = CARTESIAN_POINT('',(9.035606061743,-0.9,1.661757525376));
#502 = DIRECTION('',(9.832830175871E-02,3.945867564549E-16,
    -0.995154030828));
#503 = DIRECTION('',(0.703680163524,-0.707106781187,6.952860895614E-02)
  );
#504 = ADVANCED_FACE('',(#505),#557,.T.);
#505 = FACE_BOUND('',#506,.T.);
#506 = EDGE_LOOP('',(#507,#508,#516,#525,#533,#541,#549,#556));
#507 = ORIENTED_EDGE('',*,*,#487,.F.);
#508 = ORIENTED_EDGE('',*,*,#509,.T.);
#509 = EDGE_CURVE('',#479,#510,#512,.T.);
#510 = VERTEX_POINT('',#511);
#511 = CARTESIAN_POINT('',(9.101832334988,0.2825,1.5));
#512 = LINE('',#513,#514);
#513 = CARTESIAN_POINT('',(9.101832334988,-0.95,1.5));
#514 = VECTOR('',#515,1.);
#515 = DIRECTION('',(5.534777013651E-17,1.,0.));
#516 = ORIENTED_EDGE('',*,*,#517,.T.);
#517 = EDGE_CURVE('',#510,#518,#520,.T.);
#518 = VERTEX_POINT('',#519);
#519 = CARTESIAN_POINT('',(9.152718000762,0.2825,0.985));
#520 = ELLIPSE('',#521,0.258753913488,0.2575);
#521 = AXIS2_PLACEMENT_3D('',#522,#523,#524);
#522 = CARTESIAN_POINT('',(9.127275167875,0.2825,1.2425));
#523 = DIRECTION('',(-0.995154030828,5.507955654869E-17,
    -9.832830175871E-02));
#524 = DIRECTION('',(9.832830175871E-02,-3.851859888774E-33,
    -0.995154030828));
#525 = ORIENTED_EDGE('',*,*,#526,.T.);
#526 = EDGE_CURVE('',#518,#527,#529,.T.);
#527 = VERTEX_POINT('',#528);
#528 = CARTESIAN_POINT('',(9.152718007074,-0.45,0.985));
#529 = LINE('',#530,#531);
#530 = CARTESIAN_POINT('',(9.152718000762,-0.33375,0.985));
#531 = VECTOR('',#532,1.);
#532 = DIRECTION('',(3.962879904766E-17,-1.,-9.612320559525E-16));
#533 = ORIENTED_EDGE('',*,*,#534,.F.);
#534 = EDGE_CURVE('',#535,#527,#537,.T.);
#535 = VERTEX_POINT('',#536);
#536 = CARTESIAN_POINT('',(9.167539068463,-0.450000000949,0.835));
#537 = LINE('',#538,#539);
#538 = CARTESIAN_POINT('',(9.12768466931,-0.45,1.23835554722));
#539 = VECTOR('',#540,1.);
#540 = DIRECTION('',(-9.832830175871E-02,0.,0.995154030828));
#541 = ORIENTED_EDGE('',*,*,#542,.F.);
#542 = EDGE_CURVE('',#543,#535,#545,.T.);
#543 = VERTEX_POINT('',#544);
#544 = CARTESIAN_POINT('',(9.167539068463,0.2825,0.835));
#545 = LINE('',#546,#547);
#546 = CARTESIAN_POINT('',(9.167539068463,-0.9,0.835));
#547 = VECTOR('',#548,1.);
#548 = DIRECTION('',(-5.534777013652E-17,-1.,8.646146946544E-29));
#549 = ORIENTED_EDGE('',*,*,#550,.T.);
#550 = EDGE_CURVE('',#543,#454,#551,.T.);
#551 = ELLIPSE('',#552,0.409484348529,0.4075);
#552 = AXIS2_PLACEMENT_3D('',#553,#554,#555);
#553 = CARTESIAN_POINT('',(9.127275167875,0.2825,1.2425));
#554 = DIRECTION('',(0.995154030828,-5.507955654869E-17,
    9.832830175871E-02));
#555 = DIRECTION('',(9.832830175871E-02,1.54074395551E-33,
    -0.995154030828));
#556 = ORIENTED_EDGE('',*,*,#453,.T.);
#557 = PLANE('',#558);
#558 = AXIS2_PLACEMENT_3D('',#559,#560,#561);
#559 = CARTESIAN_POINT('',(9.101227348487,-0.95,1.506122904032));
#560 = DIRECTION('',(0.995154030828,-5.507955654869E-17,
    9.832830175871E-02));
#561 = DIRECTION('',(9.832830175871E-02,4.099201225219E-16,
    -0.995154030828));
#562 = ADVANCED_FACE('',(#563),#582,.T.);
#563 = FACE_BOUND('',#564,.T.);
#564 = EDGE_LOOP('',(#565,#566,#574,#581));
#565 = ORIENTED_EDGE('',*,*,#304,.T.);
#566 = ORIENTED_EDGE('',*,*,#567,.T.);
#567 = EDGE_CURVE('',#297,#568,#570,.T.);
#568 = VERTEX_POINT('',#569);
#569 = CARTESIAN_POINT('',(9.101832334988,-0.9,1.85));
#570 = LINE('',#571,#572);
#571 = CARTESIAN_POINT('',(9.128542510105,-0.9,2.120326426435));
#572 = VECTOR('',#573,1.);
#573 = DIRECTION('',(9.832830175871E-02,-3.945867564549E-16,
    0.995154030828));
#574 = ORIENTED_EDGE('',*,*,#575,.T.);
#575 = EDGE_CURVE('',#568,#258,#576,.T.);
#576 = ELLIPSE('',#577,5.024347834716E-02,5.E-02);
#577 = AXIS2_PLACEMENT_3D('',#578,#579,#580);
#578 = CARTESIAN_POINT('',(9.051588856641,-0.9,1.85));
#579 = DIRECTION('',(0.,0.,-1.));
#580 = DIRECTION('',(1.,-3.280002413032E-15,0.));
#581 = ORIENTED_EDGE('',*,*,#257,.T.);
#582 = CYLINDRICAL_SURFACE('',#583,5.E-02);
#583 = AXIS2_PLACEMENT_3D('',#584,#585,#586);
#584 = CARTESIAN_POINT('',(9.078784808564,-0.9,2.125242841523));
#585 = DIRECTION('',(-9.832830175871E-02,3.945867564549E-16,
    -0.995154030828));
#586 = DIRECTION('',(0.703680163524,-0.707106781187,-6.952860895615E-02)
  );
#587 = ADVANCED_FACE('',(#588),#624,.T.);
#588 = FACE_BOUND('',#589,.T.);
#589 = EDGE_LOOP('',(#590,#601,#609,#618));
#590 = ORIENTED_EDGE('',*,*,#591,.T.);
#591 = EDGE_CURVE('',#592,#594,#596,.T.);
#592 = VERTEX_POINT('',#593);
#593 = CARTESIAN_POINT('',(1.79816766501,-0.9,4.04));
#594 = VERTEX_POINT('',#595);
#595 = CARTESIAN_POINT('',(1.848411143357,-0.95,4.04));
#596 = ELLIPSE('',#597,5.024347834716E-02,5.E-02);
#597 = AXIS2_PLACEMENT_3D('',#598,#599,#600);
#598 = CARTESIAN_POINT('',(1.848411143357,-0.9,4.04));
#599 = DIRECTION('',(0.,0.,1.));
#600 = DIRECTION('',(-1.,6.473688973089E-15,0.));
#601 = ORIENTED_EDGE('',*,*,#602,.T.);
#602 = EDGE_CURVE('',#594,#603,#605,.T.);
#603 = VERTEX_POINT('',#604);
#604 = CARTESIAN_POINT('',(1.863232211058,-0.95,4.19));
#605 = LINE('',#606,#607);
#606 = CARTESIAN_POINT('',(1.864393938256,-0.95,4.201757525376));
#607 = VECTOR('',#608,1.);
#608 = DIRECTION('',(9.832830175871E-02,-3.945867564549E-16,
    0.995154030828));
#609 = ORIENTED_EDGE('',*,*,#610,.T.);
#610 = EDGE_CURVE('',#603,#611,#613,.T.);
#611 = VERTEX_POINT('',#612);
#612 = CARTESIAN_POINT('',(1.812988732711,-0.9,4.19));
#613 = ELLIPSE('',#614,5.024347834716E-02,5.E-02);
#614 = AXIS2_PLACEMENT_3D('',#615,#616,#617);
#615 = CARTESIAN_POINT('',(1.863232211058,-0.9,4.19));
#616 = DIRECTION('',(0.,0.,-1.));
#617 = DIRECTION('',(-1.,6.473688973089E-15,0.));
#618 = ORIENTED_EDGE('',*,*,#619,.T.);
#619 = EDGE_CURVE('',#611,#592,#620,.T.);
#620 = LINE('',#621,#622);
#621 = CARTESIAN_POINT('',(1.814636236714,-0.9,4.206673940464));
#622 = VECTOR('',#623,1.);
#623 = DIRECTION('',(-9.832830175871E-02,3.945867564549E-16,
    -0.995154030828));
#624 = CYLINDRICAL_SURFACE('',#625,5.E-02);
#625 = AXIS2_PLACEMENT_3D('',#626,#627,#628);
#626 = CARTESIAN_POINT('',(1.864393938256,-0.9,4.201757525376));
#627 = DIRECTION('',(-9.832830175871E-02,3.945867564549E-16,
    -0.995154030828));
#628 = DIRECTION('',(-0.703680163524,-0.707106781187,6.952860895614E-02)
  );
#629 = ADVANCED_FACE('',(#630),#689,.F.);
#630 = FACE_BOUND('',#631,.T.);
#631 = EDGE_LOOP('',(#632,#633,#641,#650,#658,#666,#674,#683));
#632 = ORIENTED_EDGE('',*,*,#619,.F.);
#633 = ORIENTED_EDGE('',*,*,#634,.F.);
#634 = EDGE_CURVE('',#635,#611,#637,.T.);
#635 = VERTEX_POINT('',#636);
#636 = CARTESIAN_POINT('',(1.812988732711,0.2825,4.19));
#637 = LINE('',#638,#639);
#638 = CARTESIAN_POINT('',(1.812988732711,-0.33375,4.19));
#639 = VECTOR('',#640,1.);
#640 = DIRECTION('',(5.534777013651E-17,-1.,0.));
#641 = ORIENTED_EDGE('',*,*,#642,.F.);
#642 = EDGE_CURVE('',#643,#635,#645,.T.);
#643 = VERTEX_POINT('',#644);
#644 = CARTESIAN_POINT('',(1.732460931536,0.2825,3.375));
#645 = ELLIPSE('',#646,0.409484348529,0.4075);
#646 = AXIS2_PLACEMENT_3D('',#647,#648,#649);
#647 = CARTESIAN_POINT('',(1.772724832123,0.2825,3.7825));
#648 = DIRECTION('',(0.995154030828,5.507955654869E-17,
    -9.832830175871E-02));
#649 = DIRECTION('',(-9.832830175871E-02,1.54074395551E-33,
    -0.995154030828));
#650 = ORIENTED_EDGE('',*,*,#651,.F.);
#651 = EDGE_CURVE('',#652,#643,#654,.T.);
#652 = VERTEX_POINT('',#653);
#653 = CARTESIAN_POINT('',(1.732460931536,-0.450000000949,3.375));
#654 = LINE('',#655,#656);
#655 = CARTESIAN_POINT('',(1.732460931536,-0.9,3.375));
#656 = VECTOR('',#657,1.);
#657 = DIRECTION('',(-5.534777013651E-17,1.,0.));
#658 = ORIENTED_EDGE('',*,*,#659,.T.);
#659 = EDGE_CURVE('',#652,#660,#662,.T.);
#660 = VERTEX_POINT('',#661);
#661 = CARTESIAN_POINT('',(1.747281992924,-0.45,3.525));
#662 = LINE('',#663,#664);
#663 = CARTESIAN_POINT('',(1.772315330688,-0.45,3.77835554722));
#664 = VECTOR('',#665,1.);
#665 = DIRECTION('',(9.832830175871E-02,0.,0.995154030828));
#666 = ORIENTED_EDGE('',*,*,#667,.F.);
#667 = EDGE_CURVE('',#668,#660,#670,.T.);
#668 = VERTEX_POINT('',#669);
#669 = CARTESIAN_POINT('',(1.747281999237,0.2825,3.525));
#670 = LINE('',#671,#672);
#671 = CARTESIAN_POINT('',(1.747281999237,-0.33375,3.525));
#672 = VECTOR('',#673,1.);
#673 = DIRECTION('',(-3.962879904766E-17,-1.,-9.612320559525E-16));
#674 = ORIENTED_EDGE('',*,*,#675,.F.);
#675 = EDGE_CURVE('',#676,#668,#678,.T.);
#676 = VERTEX_POINT('',#677);
#677 = CARTESIAN_POINT('',(1.79816766501,0.2825,4.04));
#678 = ELLIPSE('',#679,0.258753913488,0.2575);
#679 = AXIS2_PLACEMENT_3D('',#680,#681,#682);
#680 = CARTESIAN_POINT('',(1.772724832123,0.2825,3.7825));
#681 = DIRECTION('',(-0.995154030828,-5.507955654869E-17,
    9.832830175871E-02));
#682 = DIRECTION('',(-9.832830175871E-02,-3.851859888774E-33,
    -0.995154030828));
#683 = ORIENTED_EDGE('',*,*,#684,.F.);
#684 = EDGE_CURVE('',#592,#676,#685,.T.);
#685 = LINE('',#686,#687);
#686 = CARTESIAN_POINT('',(1.79816766501,-0.95,4.04));
#687 = VECTOR('',#688,1.);
#688 = DIRECTION('',(-5.534777013651E-17,1.,0.));
#689 = PLANE('',#690);
#690 = AXIS2_PLACEMENT_3D('',#691,#692,#693);
#691 = CARTESIAN_POINT('',(1.798772651511,-0.95,4.046122904032));
#692 = DIRECTION('',(0.995154030828,5.507955654869E-17,
    -9.832830175871E-02));
#693 = DIRECTION('',(-9.832830175871E-02,4.099201225219E-16,
    -0.995154030828));
#694 = ADVANCED_FACE('',(#695),#730,.T.);
#695 = FACE_BOUND('',#696,.T.);
#696 = EDGE_LOOP('',(#697,#698,#706,#715,#723,#729));
#697 = ORIENTED_EDGE('',*,*,#610,.F.);
#698 = ORIENTED_EDGE('',*,*,#699,.T.);
#699 = EDGE_CURVE('',#603,#700,#702,.T.);
#700 = VERTEX_POINT('',#701);
#701 = CARTESIAN_POINT('',(2.63676778894,-0.95,4.19));
#702 = LINE('',#703,#704);
#703 = CARTESIAN_POINT('',(1.599999999999,-0.95,4.19));
#704 = VECTOR('',#705,1.);
#705 = DIRECTION('',(1.,0.,0.));
#706 = ORIENTED_EDGE('',*,*,#707,.F.);
#707 = EDGE_CURVE('',#708,#700,#710,.T.);
#708 = VERTEX_POINT('',#709);
#709 = CARTESIAN_POINT('',(2.687011267287,-0.9,4.19));
#710 = ELLIPSE('',#711,5.024347834716E-02,5.E-02);
#711 = AXIS2_PLACEMENT_3D('',#712,#713,#714);
#712 = CARTESIAN_POINT('',(2.63676778894,-0.9,4.19));
#713 = DIRECTION('',(0.,0.,-1.));
#714 = DIRECTION('',(1.,6.473688973089E-15,0.));
#715 = ORIENTED_EDGE('',*,*,#716,.T.);
#716 = EDGE_CURVE('',#708,#717,#719,.T.);
#717 = VERTEX_POINT('',#718);
#718 = CARTESIAN_POINT('',(2.687011267287,0.2825,4.19));
#719 = LINE('',#720,#721);
#720 = CARTESIAN_POINT('',(2.687011267287,-0.33375,4.19));
#721 = VECTOR('',#722,1.);
#722 = DIRECTION('',(5.534777013651E-17,1.,0.));
#723 = ORIENTED_EDGE('',*,*,#724,.F.);
#724 = EDGE_CURVE('',#635,#717,#725,.T.);
#725 = LINE('',#726,#727);
#726 = CARTESIAN_POINT('',(1.599999999999,0.2825,4.19));
#727 = VECTOR('',#728,1.);
#728 = DIRECTION('',(1.,0.,0.));
#729 = ORIENTED_EDGE('',*,*,#634,.T.);
#730 = PLANE('',#731);
#731 = AXIS2_PLACEMENT_3D('',#732,#733,#734);
#732 = CARTESIAN_POINT('',(1.599999999999,0.2825,4.19));
#733 = DIRECTION('',(0.,0.,1.));
#734 = DIRECTION('',(0.,-1.,0.));
#735 = ADVANCED_FACE('',(#736),#772,.T.);
#736 = FACE_BOUND('',#737,.T.);
#737 = EDGE_LOOP('',(#738,#749,#757,#766));
#738 = ORIENTED_EDGE('',*,*,#739,.T.);
#739 = EDGE_CURVE('',#740,#742,#744,.T.);
#740 = VERTEX_POINT('',#741);
#741 = CARTESIAN_POINT('',(1.812988732711,-0.9,4.24));
#742 = VERTEX_POINT('',#743);
#743 = CARTESIAN_POINT('',(1.863232211058,-0.95,4.24));
#744 = ELLIPSE('',#745,5.024347834716E-02,5.E-02);
#745 = AXIS2_PLACEMENT_3D('',#746,#747,#748);
#746 = CARTESIAN_POINT('',(1.863232211058,-0.9,4.24));
#747 = DIRECTION('',(0.,0.,1.));
#748 = DIRECTION('',(-1.,-6.042109708216E-16,0.));
#749 = ORIENTED_EDGE('',*,*,#750,.T.);
#750 = EDGE_CURVE('',#742,#751,#753,.T.);
#751 = VERTEX_POINT('',#752);
#752 = CARTESIAN_POINT('',(1.848411143357,-0.95,4.39));
#753 = LINE('',#754,#755);
#754 = CARTESIAN_POINT('',(1.821215191434,-0.95,4.665242841523));
#755 = VECTOR('',#756,1.);
#756 = DIRECTION('',(-9.832830175871E-02,-3.945867564549E-16,
    0.995154030828));
#757 = ORIENTED_EDGE('',*,*,#758,.T.);
#758 = EDGE_CURVE('',#751,#759,#761,.T.);
#759 = VERTEX_POINT('',#760);
#760 = CARTESIAN_POINT('',(1.79816766501,-0.9,4.39));
#761 = ELLIPSE('',#762,5.024347834716E-02,5.E-02);
#762 = AXIS2_PLACEMENT_3D('',#763,#764,#765);
#763 = CARTESIAN_POINT('',(1.848411143357,-0.9,4.39));
#764 = DIRECTION('',(0.,0.,-1.));
#765 = DIRECTION('',(-1.,-6.042109708216E-16,-0.));
#766 = ORIENTED_EDGE('',*,*,#767,.T.);
#767 = EDGE_CURVE('',#759,#740,#768,.T.);
#768 = LINE('',#769,#770);
#769 = CARTESIAN_POINT('',(1.771457489893,-0.9,4.660326426435));
#770 = VECTOR('',#771,1.);
#771 = DIRECTION('',(9.832830175871E-02,3.945867564549E-16,
    -0.995154030828));
#772 = CYLINDRICAL_SURFACE('',#773,5.E-02);
#773 = AXIS2_PLACEMENT_3D('',#774,#775,#776);
#774 = CARTESIAN_POINT('',(1.821215191434,-0.9,4.665242841523));
#775 = DIRECTION('',(9.832830175871E-02,3.945867564549E-16,
    -0.995154030828));
#776 = DIRECTION('',(-0.703680163524,-0.707106781187,-6.952860895614E-02
    ));
#777 = ADVANCED_FACE('',(#778),#803,.T.);
#778 = FACE_BOUND('',#779,.T.);
#779 = EDGE_LOOP('',(#780,#781,#789,#797));
#780 = ORIENTED_EDGE('',*,*,#750,.F.);
#781 = ORIENTED_EDGE('',*,*,#782,.T.);
#782 = EDGE_CURVE('',#742,#783,#785,.T.);
#783 = VERTEX_POINT('',#784);
#784 = CARTESIAN_POINT('',(2.63676778894,-0.95,4.24));
#785 = LINE('',#786,#787);
#786 = CARTESIAN_POINT('',(1.599999999999,-0.95,4.24));
#787 = VECTOR('',#788,1.);
#788 = DIRECTION('',(1.,0.,0.));
#789 = ORIENTED_EDGE('',*,*,#790,.F.);
#790 = EDGE_CURVE('',#791,#783,#793,.T.);
#791 = VERTEX_POINT('',#792);
#792 = CARTESIAN_POINT('',(2.651588856641,-0.95,4.39));
#793 = LINE('',#794,#795);
#794 = CARTESIAN_POINT('',(2.646445632062,-0.95,4.337946821216));
#795 = VECTOR('',#796,1.);
#796 = DIRECTION('',(-9.832830175871E-02,3.945867564549E-16,
    -0.995154030828));
#797 = ORIENTED_EDGE('',*,*,#798,.F.);
#798 = EDGE_CURVE('',#751,#791,#799,.T.);
#799 = LINE('',#800,#801);
#800 = CARTESIAN_POINT('',(1.599999999999,-0.95,4.39));
#801 = VECTOR('',#802,1.);
#802 = DIRECTION('',(1.,0.,0.));
#803 = PLANE('',#804);
#804 = AXIS2_PLACEMENT_3D('',#805,#806,#807);
#805 = CARTESIAN_POINT('',(1.599999999999,-0.95,4.39));
#806 = DIRECTION('',(0.,-1.,-3.965082230804E-16));
#807 = DIRECTION('',(0.,3.965082230804E-16,-1.));
#808 = ADVANCED_FACE('',(#809),#844,.T.);
#809 = FACE_BOUND('',#810,.T.);
#810 = EDGE_LOOP('',(#811,#812,#820,#828,#836,#843));
#811 = ORIENTED_EDGE('',*,*,#739,.F.);
#812 = ORIENTED_EDGE('',*,*,#813,.T.);
#813 = EDGE_CURVE('',#740,#814,#816,.T.);
#814 = VERTEX_POINT('',#815);
#815 = CARTESIAN_POINT('',(1.812988732711,0.2825,4.24));
#816 = LINE('',#817,#818);
#817 = CARTESIAN_POINT('',(1.812988732711,-0.95,4.24));
#818 = VECTOR('',#819,1.);
#819 = DIRECTION('',(1.486649187413E-16,1.,0.));
#820 = ORIENTED_EDGE('',*,*,#821,.T.);
#821 = EDGE_CURVE('',#814,#822,#824,.T.);
#822 = VERTEX_POINT('',#823);
#823 = CARTESIAN_POINT('',(2.687011267287,0.2825,4.24));
#824 = LINE('',#825,#826);
#825 = CARTESIAN_POINT('',(1.599999999999,0.2825,4.24));
#826 = VECTOR('',#827,1.);
#827 = DIRECTION('',(1.,0.,0.));
#828 = ORIENTED_EDGE('',*,*,#829,.T.);
#829 = EDGE_CURVE('',#822,#830,#832,.T.);
#830 = VERTEX_POINT('',#831);
#831 = CARTESIAN_POINT('',(2.687011267287,-0.9,4.24));
#832 = LINE('',#833,#834);
#833 = CARTESIAN_POINT('',(2.687011267287,-0.95,4.24));
#834 = VECTOR('',#835,1.);
#835 = DIRECTION('',(1.486649187413E-16,-1.,0.));
#836 = ORIENTED_EDGE('',*,*,#837,.F.);
#837 = EDGE_CURVE('',#783,#830,#838,.T.);
#838 = ELLIPSE('',#839,5.024347834716E-02,5.E-02);
#839 = AXIS2_PLACEMENT_3D('',#840,#841,#842);
#840 = CARTESIAN_POINT('',(2.63676778894,-0.9,4.24));
#841 = DIRECTION('',(0.,0.,1.));
#842 = DIRECTION('',(1.,6.473688973089E-15,-0.));
#843 = ORIENTED_EDGE('',*,*,#782,.F.);
#844 = PLANE('',#845);
#845 = AXIS2_PLACEMENT_3D('',#846,#847,#848);
#846 = CARTESIAN_POINT('',(1.599999999999,-0.95,4.24));
#847 = DIRECTION('',(0.,0.,-1.));
#848 = DIRECTION('',(0.,1.,0.));
#849 = ADVANCED_FACE('',(#850),#869,.T.);
#850 = FACE_BOUND('',#851,.T.);
#851 = EDGE_LOOP('',(#852,#853,#861,#868));
#852 = ORIENTED_EDGE('',*,*,#837,.T.);
#853 = ORIENTED_EDGE('',*,*,#854,.T.);
#854 = EDGE_CURVE('',#830,#855,#857,.T.);
#855 = VERTEX_POINT('',#856);
#856 = CARTESIAN_POINT('',(2.701832334988,-0.9,4.39));
#857 = LINE('',#858,#859);
#858 = CARTESIAN_POINT('',(2.696203333604,-0.9,4.333030406128));
#859 = VECTOR('',#860,1.);
#860 = DIRECTION('',(9.832830175871E-02,-3.945867564549E-16,
    0.995154030828));
#861 = ORIENTED_EDGE('',*,*,#862,.T.);
#862 = EDGE_CURVE('',#855,#791,#863,.T.);
#863 = ELLIPSE('',#864,5.024347834716E-02,5.E-02);
#864 = AXIS2_PLACEMENT_3D('',#865,#866,#867);
#865 = CARTESIAN_POINT('',(2.651588856641,-0.9,4.39));
#866 = DIRECTION('',(0.,0.,-1.));
#867 = DIRECTION('',(1.,6.473688973089E-15,0.));
#868 = ORIENTED_EDGE('',*,*,#790,.T.);
#869 = CYLINDRICAL_SURFACE('',#870,5.E-02);
#870 = AXIS2_PLACEMENT_3D('',#871,#872,#873);
#871 = CARTESIAN_POINT('',(2.646445632062,-0.9,4.337946821216));
#872 = DIRECTION('',(-9.832830175871E-02,3.945867564549E-16,
    -0.995154030828));
#873 = DIRECTION('',(0.703680163524,-0.707106781187,-6.952860895614E-02)
  );
#874 = ADVANCED_FACE('',(#875),#901,.T.);
#875 = FACE_BOUND('',#876,.T.);
#876 = EDGE_LOOP('',(#877,#878,#886,#895));
#877 = ORIENTED_EDGE('',*,*,#707,.T.);
#878 = ORIENTED_EDGE('',*,*,#879,.T.);
#879 = EDGE_CURVE('',#700,#880,#882,.T.);
#880 = VERTEX_POINT('',#881);
#881 = CARTESIAN_POINT('',(2.651588856641,-0.95,4.04));
#882 = LINE('',#883,#884);
#883 = CARTESIAN_POINT('',(2.65537624684,-0.95,4.001668852661));
#884 = VECTOR('',#885,1.);
#885 = DIRECTION('',(9.832830175871E-02,3.945867564549E-16,
    -0.995154030828));
#886 = ORIENTED_EDGE('',*,*,#887,.T.);
#887 = EDGE_CURVE('',#880,#888,#890,.T.);
#888 = VERTEX_POINT('',#889);
#889 = CARTESIAN_POINT('',(2.701832334988,-0.9,4.04));
#890 = ELLIPSE('',#891,5.024347834716E-02,5.E-02);
#891 = AXIS2_PLACEMENT_3D('',#892,#893,#894);
#892 = CARTESIAN_POINT('',(2.651588856641,-0.9,4.04));
#893 = DIRECTION('',(0.,0.,1.));
#894 = DIRECTION('',(1.,6.473688973089E-15,-0.));
#895 = ORIENTED_EDGE('',*,*,#896,.T.);
#896 = EDGE_CURVE('',#888,#708,#897,.T.);
#897 = LINE('',#898,#899);
#898 = CARTESIAN_POINT('',(2.705133948381,-0.9,4.006585267749));
#899 = VECTOR('',#900,1.);
#900 = DIRECTION('',(-9.832830175871E-02,-3.945867564549E-16,
    0.995154030828));
#901 = CYLINDRICAL_SURFACE('',#902,5.E-02);
#902 = AXIS2_PLACEMENT_3D('',#903,#904,#905);
#903 = CARTESIAN_POINT('',(2.65537624684,-0.9,4.001668852661));
#904 = DIRECTION('',(-9.832830175871E-02,-3.945867564549E-16,
    0.995154030828));
#905 = DIRECTION('',(0.703680163524,-0.707106781187,6.952860895614E-02)
  );
#906 = ADVANCED_FACE('',(#907),#967,.F.);
#907 = FACE_BOUND('',#908,.T.);
#908 = EDGE_LOOP('',(#909,#910,#918,#927,#935,#943,#951,#959,#966));
#909 = ORIENTED_EDGE('',*,*,#896,.F.);
#910 = ORIENTED_EDGE('',*,*,#911,.F.);
#911 = EDGE_CURVE('',#912,#888,#914,.T.);
#912 = VERTEX_POINT('',#913);
#913 = CARTESIAN_POINT('',(2.701832334988,0.2825,4.04));
#914 = LINE('',#915,#916);
#915 = CARTESIAN_POINT('',(2.701832334988,-0.95,4.04));
#916 = VECTOR('',#917,1.);
#917 = DIRECTION('',(-5.534777013651E-17,-1.,0.));
#918 = ORIENTED_EDGE('',*,*,#919,.F.);
#919 = EDGE_CURVE('',#920,#912,#922,.T.);
#920 = VERTEX_POINT('',#921);
#921 = CARTESIAN_POINT('',(2.752718000762,0.2825,3.525));
#922 = ELLIPSE('',#923,0.258753913488,0.2575);
#923 = AXIS2_PLACEMENT_3D('',#924,#925,#926);
#924 = CARTESIAN_POINT('',(2.727275167875,0.2825,3.7825));
#925 = DIRECTION('',(0.995154030828,-5.507955654869E-17,
    9.832830175871E-02));
#926 = DIRECTION('',(9.832830175871E-02,-3.851859888774E-33,
    -0.995154030828));
#927 = ORIENTED_EDGE('',*,*,#928,.F.);
#928 = EDGE_CURVE('',#929,#920,#931,.T.);
#929 = VERTEX_POINT('',#930);
#930 = CARTESIAN_POINT('',(2.752718000762,-1.3,3.525));
#931 = LINE('',#932,#933);
#932 = CARTESIAN_POINT('',(2.752718000762,-0.33375,3.525));
#933 = VECTOR('',#934,1.);
#934 = DIRECTION('',(-3.962879904766E-17,1.,9.612320559525E-16));
#935 = ORIENTED_EDGE('',*,*,#936,.F.);
#936 = EDGE_CURVE('',#937,#929,#939,.T.);
#937 = VERTEX_POINT('',#938);
#938 = CARTESIAN_POINT('',(2.767539068463,-1.3,3.375));
#939 = LINE('',#940,#941);
#940 = CARTESIAN_POINT('',(2.76095737986,-1.3,3.441611482401));
#941 = VECTOR('',#942,1.);
#942 = DIRECTION('',(-9.832830175871E-02,2.662593770361E-17,
    0.995154030828));
#943 = ORIENTED_EDGE('',*,*,#944,.F.);
#944 = EDGE_CURVE('',#945,#937,#947,.T.);
#945 = VERTEX_POINT('',#946);
#946 = CARTESIAN_POINT('',(2.767539068463,-0.96,3.375));
#947 = LINE('',#948,#949);
#948 = CARTESIAN_POINT('',(2.767539068463,-1.2,3.375));
#949 = VECTOR('',#950,1.);
#950 = DIRECTION('',(-5.534777013651E-17,-1.,0.));
#951 = ORIENTED_EDGE('',*,*,#952,.F.);
#952 = EDGE_CURVE('',#953,#945,#955,.T.);
#953 = VERTEX_POINT('',#954);
#954 = CARTESIAN_POINT('',(2.767539068463,0.2825,3.375));
#955 = LINE('',#956,#957);
#956 = CARTESIAN_POINT('',(2.767539068463,-0.9,3.375));
#957 = VECTOR('',#958,1.);
#958 = DIRECTION('',(-5.534777013651E-17,-1.,0.));
#959 = ORIENTED_EDGE('',*,*,#960,.F.);
#960 = EDGE_CURVE('',#717,#953,#961,.T.);
#961 = ELLIPSE('',#962,0.409484348529,0.4075);
#962 = AXIS2_PLACEMENT_3D('',#963,#964,#965);
#963 = CARTESIAN_POINT('',(2.727275167875,0.2825,3.7825));
#964 = DIRECTION('',(-0.995154030828,5.507955654869E-17,
    -9.832830175871E-02));
#965 = DIRECTION('',(9.832830175871E-02,1.54074395551E-33,
    -0.995154030828));
#966 = ORIENTED_EDGE('',*,*,#716,.F.);
#967 = PLANE('',#968);
#968 = AXIS2_PLACEMENT_3D('',#969,#970,#971);
#969 = CARTESIAN_POINT('',(2.753336710085,-0.95,3.51873821101));
#970 = DIRECTION('',(-0.995154030828,5.507955654869E-17,
    -9.832830175871E-02));
#971 = DIRECTION('',(-9.832830175871E-02,-3.953082869266E-16,
    0.995154030828));
#972 = ADVANCED_FACE('',(#973),#1033,.T.);
#973 = FACE_BOUND('',#974,.T.);
#974 = EDGE_LOOP('',(#975,#986,#994,#1003,#1014,#1022));
#975 = ORIENTED_EDGE('',*,*,#976,.T.);
#976 = EDGE_CURVE('',#977,#979,#981,.T.);
#977 = VERTEX_POINT('',#978);
#978 = CARTESIAN_POINT('',(8.200503096215,-1.45,2.515));
#979 = VERTEX_POINT('',#980);
#980 = CARTESIAN_POINT('',(8.132460931536,-1.3,2.515));
#981 = ELLIPSE('',#982,0.200973913389,0.2);
#982 = AXIS2_PLACEMENT_3D('',#983,#984,#985);
#983 = CARTESIAN_POINT('',(8.333434844924,-1.3,2.515));
#984 = DIRECTION('',(0.,0.,-1.));
#985 = DIRECTION('',(-1.,1.372422062295E-14,0.));
#986 = ORIENTED_EDGE('',*,*,#987,.T.);
#987 = EDGE_CURVE('',#979,#988,#990,.T.);
#988 = VERTEX_POINT('',#989);
#989 = CARTESIAN_POINT('',(8.147281999237,-1.3,2.365));
#990 = LINE('',#991,#992);
#991 = CARTESIAN_POINT('',(8.247292817842,-1.3,1.352817673226));
#992 = VECTOR('',#993,1.);
#993 = DIRECTION('',(9.832830175871E-02,2.662593770361E-17,
    -0.995154030828));
#994 = ORIENTED_EDGE('',*,*,#995,.T.);
#995 = EDGE_CURVE('',#988,#996,#998,.T.);
#996 = VERTEX_POINT('',#997);
#997 = CARTESIAN_POINT('',(8.215324163916,-1.45,2.365));
#998 = ELLIPSE('',#999,0.200973913389,0.2);
#999 = AXIS2_PLACEMENT_3D('',#1000,#1001,#1002);
#1000 = CARTESIAN_POINT('',(8.348255912625,-1.3,2.365));
#1001 = DIRECTION('',(0.,3.204106853175E-16,1.));
#1002 = DIRECTION('',(-1.,6.905268237961E-15,-2.212521728426E-30));
#1003 = ORIENTED_EDGE('',*,*,#1004,.T.);
#1004 = EDGE_CURVE('',#996,#1005,#1007,.T.);
#1005 = VERTEX_POINT('',#1006);
#1006 = CARTESIAN_POINT('',(8.349103543692,-1.5,2.356421356237));
#1007 = B_SPLINE_CURVE_WITH_KNOTS('',3,(#1008,#1009,#1010,#1011,#1012,
    #1013),.UNSPECIFIED.,.F.,.F.,(4,2,4),(0.100805075791,0.107208111267,
    0.11485681389),.UNSPECIFIED.);
#1008 = CARTESIAN_POINT('',(8.215324163916,-1.45,2.365));
#1009 = CARTESIAN_POINT('',(8.231605711481,-1.464289392121,2.365));
#1010 = CARTESIAN_POINT('',(8.250944679453,-1.476289989229,
    2.362898893444));
#1011 = CARTESIAN_POINT('',(8.296608176376,-1.494914727597,
    2.358543591589));
#1012 = CARTESIAN_POINT('',(8.323607868281,-1.5,2.356421356237));
#1013 = CARTESIAN_POINT('',(8.349103543692,-1.5,2.356421356237));
#1014 = ORIENTED_EDGE('',*,*,#1015,.T.);
#1015 = EDGE_CURVE('',#1005,#1016,#1018,.T.);
#1016 = VERTEX_POINT('',#1017);
#1017 = CARTESIAN_POINT('',(8.333849440663,-1.5,2.510803989155));
#1018 = LINE('',#1019,#1020);
#1019 = CARTESIAN_POINT('',(8.446323624008,-1.5,1.372483333578));
#1020 = VECTOR('',#1021,1.);
#1021 = DIRECTION('',(-9.832830175871E-02,-2.662593770361E-17,
    0.995154030828));
#1022 = ORIENTED_EDGE('',*,*,#1023,.T.);
#1023 = EDGE_CURVE('',#1016,#977,#1024,.T.);
#1024 = B_SPLINE_CURVE_WITH_KNOTS('',3,(#1025,#1026,#1027,#1028,#1029,
    #1030,#1031,#1032),.UNSPECIFIED.,.F.,.F.,(4,2,2,4),(0.186453878243,
    0.192280373642,0.198106869041,0.200346956426),.UNSPECIFIED.);
#1025 = CARTESIAN_POINT('',(8.333849440663,-1.5,2.510803989155));
#1026 = CARTESIAN_POINT('',(8.314427789333,-1.5,2.510803989155));
#1027 = CARTESIAN_POINT('',(8.293456020755,-1.497021921954,
    2.511368909765));
#1028 = CARTESIAN_POINT('',(8.253542316183,-1.48460439012,2.51305357636)
  );
#1029 = CARTESIAN_POINT('',(8.234599606688,-1.475163835914,
    2.514146780385));
#1030 = CARTESIAN_POINT('',(8.21248341507,-1.459887954594,2.514867076949
    ));
#1031 = CARTESIAN_POINT('',(8.206385136338,-1.45516233346,2.515));
#1032 = CARTESIAN_POINT('',(8.200503096215,-1.45,2.515));
#1033 = CYLINDRICAL_SURFACE('',#1034,0.2);
#1034 = AXIS2_PLACEMENT_3D('',#1035,#1036,#1037);
#1035 = CARTESIAN_POINT('',(8.446323624008,-1.3,1.372483333578));
#1036 = DIRECTION('',(-9.832830175871E-02,-2.662593770361E-17,
    0.995154030828));
#1037 = DIRECTION('',(-0.703680163524,-0.707106781187,
    -6.952860895614E-02));
#1038 = ADVANCED_FACE('',(#1039),#1064,.T.);
#1039 = FACE_BOUND('',#1040,.T.);
#1040 = EDGE_LOOP('',(#1041,#1042,#1050,#1058));
#1041 = ORIENTED_EDGE('',*,*,#1015,.F.);
#1042 = ORIENTED_EDGE('',*,*,#1043,.T.);
#1043 = EDGE_CURVE('',#1005,#1044,#1046,.T.);
#1044 = VERTEX_POINT('',#1045);
#1045 = CARTESIAN_POINT('',(9.049999999999,-1.5,2.356421356237));
#1046 = LINE('',#1047,#1048);
#1047 = CARTESIAN_POINT('',(9.299999999999,-1.5,2.356421356237));
#1048 = VECTOR('',#1049,1.);
#1049 = DIRECTION('',(1.,0.,0.));
#1050 = ORIENTED_EDGE('',*,*,#1051,.T.);
#1051 = EDGE_CURVE('',#1044,#1052,#1054,.T.);
#1052 = VERTEX_POINT('',#1053);
#1053 = CARTESIAN_POINT('',(9.049999999999,-1.5,2.510803989155));
#1054 = LINE('',#1055,#1056);
#1055 = CARTESIAN_POINT('',(9.049999999999,-1.5,0.835));
#1056 = VECTOR('',#1057,1.);
#1057 = DIRECTION('',(0.,0.,1.));
#1058 = ORIENTED_EDGE('',*,*,#1059,.T.);
#1059 = EDGE_CURVE('',#1052,#1016,#1060,.T.);
#1060 = LINE('',#1061,#1062);
#1061 = CARTESIAN_POINT('',(9.299999999999,-1.5,2.510803989155));
#1062 = VECTOR('',#1063,1.);
#1063 = DIRECTION('',(-1.,0.,0.));
#1064 = PLANE('',#1065);
#1065 = AXIS2_PLACEMENT_3D('',#1066,#1067,#1068);
#1066 = CARTESIAN_POINT('',(8.024999999999,-1.5,0.835));
#1067 = DIRECTION('',(2.707861035671E-16,-1.,0.));
#1068 = DIRECTION('',(1.,2.707861035671E-16,0.));
#1069 = ADVANCED_FACE('',(#1070),#1114,.F.);
#1070 = FACE_BOUND('',#1071,.F.);
#1071 = EDGE_LOOP('',(#1072,#1073,#1090,#1098,#1107,#1113));
#1072 = ORIENTED_EDGE('',*,*,#1043,.T.);
#1073 = ORIENTED_EDGE('',*,*,#1074,.T.);
#1074 = EDGE_CURVE('',#1044,#1075,#1077,.T.);
#1075 = VERTEX_POINT('',#1076);
#1076 = CARTESIAN_POINT('',(9.249999999999,-1.6,2.215));
#1077 = B_SPLINE_CURVE_WITH_KNOTS('',3,(#1078,#1079,#1080,#1081,#1082,
    #1083,#1084,#1085,#1086,#1087,#1088,#1089),.UNSPECIFIED.,.F.,.F.,(4,
    2,2,2,2,4),(-2.910045345879E-02,-2.309833883854E-02,
    -1.709622421828E-02,-1.128257704284E-02,-5.641288521422E-03,0.),
  .UNSPECIFIED.);
#1078 = CARTESIAN_POINT('',(9.049999999999,-1.5,2.356421356237));
#1079 = CARTESIAN_POINT('',(9.070007048733,-1.5,2.356421356237));
#1080 = CARTESIAN_POINT('',(9.091717076921,-1.502573177541,
    2.355625653017));
#1081 = CARTESIAN_POINT('',(9.133270070657,-1.513300585869,2.35109465711
    ));
#1082 = CARTESIAN_POINT('',(9.153111262729,-1.521452115036,
    2.347336732758));
#1083 = CARTESIAN_POINT('',(9.186161844711,-1.539516290443,
    2.335821891808));
#1084 = CARTESIAN_POINT('',(9.203299558869,-1.551906244855,
    2.326149059813));
#1085 = CARTESIAN_POINT('',(9.226323413498,-1.572129782538,
    2.303370534458));
#1086 = CARTESIAN_POINT('',(9.235535814453,-1.582231543163,
    2.288288835169));
#1087 = CARTESIAN_POINT('',(9.247316046934,-1.596168047699,
    2.253486567685));
#1088 = CARTESIAN_POINT('',(9.249999999999,-1.6,2.233804295071));
#1089 = CARTESIAN_POINT('',(9.249999999999,-1.6,2.215));
#1090 = ORIENTED_EDGE('',*,*,#1091,.F.);
#1091 = EDGE_CURVE('',#1092,#1075,#1094,.T.);
#1092 = VERTEX_POINT('',#1093);
#1093 = CARTESIAN_POINT('',(9.299999999999,-1.6,2.215));
#1094 = LINE('',#1095,#1096);
#1095 = CARTESIAN_POINT('',(9.299999999999,-1.6,2.215));
#1096 = VECTOR('',#1097,1.);
#1097 = DIRECTION('',(-1.,0.,0.));
#1098 = ORIENTED_EDGE('',*,*,#1099,.T.);
#1099 = EDGE_CURVE('',#1092,#1100,#1102,.T.);
#1100 = VERTEX_POINT('',#1101);
#1101 = CARTESIAN_POINT('',(9.299999999999,-1.45,2.365));
#1102 = CIRCLE('',#1103,0.15);
#1103 = AXIS2_PLACEMENT_3D('',#1104,#1105,#1106);
#1104 = CARTESIAN_POINT('',(9.299999999999,-1.45,2.215));
#1105 = DIRECTION('',(-1.,0.,0.));
#1106 = DIRECTION('',(0.,0.,-1.));
#1107 = ORIENTED_EDGE('',*,*,#1108,.T.);
#1108 = EDGE_CURVE('',#1100,#996,#1109,.T.);
#1109 = LINE('',#1110,#1111);
#1110 = CARTESIAN_POINT('',(9.299999999999,-1.45,2.365));
#1111 = VECTOR('',#1112,1.);
#1112 = DIRECTION('',(-1.,0.,0.));
#1113 = ORIENTED_EDGE('',*,*,#1004,.T.);
#1114 = CYLINDRICAL_SURFACE('',#1115,0.15);
#1115 = AXIS2_PLACEMENT_3D('',#1116,#1117,#1118);
#1116 = CARTESIAN_POINT('',(9.299999999999,-1.45,2.215));
#1117 = DIRECTION('',(1.,0.,0.));
#1118 = DIRECTION('',(0.,0.,-1.));
#1119 = ADVANCED_FACE('',(#1120),#1163,.F.);
#1120 = FACE_BOUND('',#1121,.T.);
#1121 = EDGE_LOOP('',(#1122,#1123,#1131,#1139,#1147,#1156,#1162));
#1122 = ORIENTED_EDGE('',*,*,#995,.F.);
#1123 = ORIENTED_EDGE('',*,*,#1124,.F.);
#1124 = EDGE_CURVE('',#1125,#988,#1127,.T.);
#1125 = VERTEX_POINT('',#1126);
#1126 = CARTESIAN_POINT('',(8.147281999237,0.2825,2.365));
#1127 = LINE('',#1128,#1129);
#1128 = CARTESIAN_POINT('',(8.147281999237,-1.2,2.365));
#1129 = VECTOR('',#1130,1.);
#1130 = DIRECTION('',(-1.80323775136E-16,-1.,3.204106853175E-16));
#1131 = ORIENTED_EDGE('',*,*,#1132,.F.);
#1132 = EDGE_CURVE('',#1133,#1125,#1135,.T.);
#1133 = VERTEX_POINT('',#1134);
#1134 = CARTESIAN_POINT('',(9.152718000762,0.2825,2.365));
#1135 = LINE('',#1136,#1137);
#1136 = CARTESIAN_POINT('',(9.299999999999,0.2825,2.365));
#1137 = VECTOR('',#1138,1.);
#1138 = DIRECTION('',(-1.,0.,0.));
#1139 = ORIENTED_EDGE('',*,*,#1140,.F.);
#1140 = EDGE_CURVE('',#1141,#1133,#1143,.T.);
#1141 = VERTEX_POINT('',#1142);
#1142 = CARTESIAN_POINT('',(9.152718007074,-0.45,2.365));
#1143 = LINE('',#1144,#1145);
#1144 = CARTESIAN_POINT('',(9.152718000762,-1.2,2.365));
#1145 = VECTOR('',#1146,1.);
#1146 = DIRECTION('',(-1.80323775136E-16,1.,-3.204106853175E-16));
#1147 = ORIENTED_EDGE('',*,*,#1148,.T.);
#1148 = EDGE_CURVE('',#1141,#1149,#1151,.T.);
#1149 = VERTEX_POINT('',#1150);
#1150 = CARTESIAN_POINT('',(9.299999999999,-0.653927830212,2.365));
#1151 = CIRCLE('',#1152,0.214821055075);
#1152 = AXIS2_PLACEMENT_3D('',#1153,#1154,#1155);
#1153 = CARTESIAN_POINT('',(9.367539068463,-0.45,2.365));
#1154 = DIRECTION('',(0.,3.204106853175E-16,1.));
#1155 = DIRECTION('',(-1.,0.,0.));
#1156 = ORIENTED_EDGE('',*,*,#1157,.F.);
#1157 = EDGE_CURVE('',#1100,#1149,#1158,.T.);
#1158 = LINE('',#1159,#1160);
#1159 = CARTESIAN_POINT('',(9.299999999999,-1.375,2.365));
#1160 = VECTOR('',#1161,1.);
#1161 = DIRECTION('',(0.,1.,-3.204106853175E-16));
#1162 = ORIENTED_EDGE('',*,*,#1108,.T.);
#1163 = PLANE('',#1164);
#1164 = AXIS2_PLACEMENT_3D('',#1165,#1166,#1167);
#1165 = CARTESIAN_POINT('',(9.299999999999,-1.45,2.365));
#1166 = DIRECTION('',(0.,3.204106853175E-16,1.));
#1167 = DIRECTION('',(0.,1.,-3.204106853175E-16));
#1168 = ADVANCED_FACE('',(#1169),#1220,.T.);
#1169 = FACE_BOUND('',#1170,.T.);
#1170 = EDGE_LOOP('',(#1171,#1186,#1194,#1205,#1212,#1213));
#1171 = ORIENTED_EDGE('',*,*,#1172,.T.);
#1172 = EDGE_CURVE('',#1173,#1175,#1177,.T.);
#1173 = VERTEX_POINT('',#1174);
#1174 = CARTESIAN_POINT('',(8.200503096215,-1.45,0.835));
#1175 = VERTEX_POINT('',#1176);
#1176 = CARTESIAN_POINT('',(8.333849440663,-1.5,0.839196010845));
#1177 = B_SPLINE_CURVE_WITH_KNOTS('',3,(#1178,#1179,#1180,#1181,#1182,
    #1183,#1184,#1185),.UNSPECIFIED.,.F.,.F.,(4,2,2,4),(0.173494916641,
    0.175735004026,0.181561499425,0.187387994824),.UNSPECIFIED.);
#1178 = CARTESIAN_POINT('',(8.200503096215,-1.45,0.835));
#1179 = CARTESIAN_POINT('',(8.206385136338,-1.45516233346,0.835));
#1180 = CARTESIAN_POINT('',(8.21248341507,-1.459887954594,0.835132923051
    ));
#1181 = CARTESIAN_POINT('',(8.234599606688,-1.475163835914,
    0.835853219615));
#1182 = CARTESIAN_POINT('',(8.253542316183,-1.48460439012,0.83694642364)
  );
#1183 = CARTESIAN_POINT('',(8.293456020755,-1.497021921954,
    0.838631090235));
#1184 = CARTESIAN_POINT('',(8.314427789333,-1.5,0.839196010845));
#1185 = CARTESIAN_POINT('',(8.333849440663,-1.5,0.839196010845));
#1186 = ORIENTED_EDGE('',*,*,#1187,.T.);
#1187 = EDGE_CURVE('',#1175,#1188,#1190,.T.);
#1188 = VERTEX_POINT('',#1189);
#1189 = CARTESIAN_POINT('',(8.349103543692,-1.5,0.993578643763));
#1190 = LINE('',#1191,#1192);
#1191 = CARTESIAN_POINT('',(8.338073426304,-1.5,0.881945822049));
#1192 = VECTOR('',#1193,1.);
#1193 = DIRECTION('',(9.832830175871E-02,2.662593770361E-17,
    0.995154030828));
#1194 = ORIENTED_EDGE('',*,*,#1195,.T.);
#1195 = EDGE_CURVE('',#1188,#1196,#1198,.T.);
#1196 = VERTEX_POINT('',#1197);
#1197 = CARTESIAN_POINT('',(8.215324163916,-1.45,0.985));
#1198 = B_SPLINE_CURVE_WITH_KNOTS('',3,(#1199,#1200,#1201,#1202,#1203,
    #1204),.UNSPECIFIED.,.F.,.F.,(4,2,4),(0.11501546861,0.122664171233,
    0.129067206709),.UNSPECIFIED.);
#1199 = CARTESIAN_POINT('',(8.349103543692,-1.5,0.993578643763));
#1200 = CARTESIAN_POINT('',(8.323607868281,-1.5,0.993578643763));
#1201 = CARTESIAN_POINT('',(8.296608176376,-1.494914727597,
    0.991456408411));
#1202 = CARTESIAN_POINT('',(8.250944679453,-1.476289989229,
    0.987101106556));
#1203 = CARTESIAN_POINT('',(8.231605711481,-1.464289392121,0.985));
#1204 = CARTESIAN_POINT('',(8.215324163916,-1.45,0.985));
#1205 = ORIENTED_EDGE('',*,*,#1206,.T.);
#1206 = EDGE_CURVE('',#1196,#397,#1207,.T.);
#1207 = ELLIPSE('',#1208,0.200973913389,0.2);
#1208 = AXIS2_PLACEMENT_3D('',#1209,#1210,#1211);
#1209 = CARTESIAN_POINT('',(8.348255912625,-1.3,0.985));
#1210 = DIRECTION('',(0.,9.612320559525E-16,-1.));
#1211 = DIRECTION('',(-1.,-3.452634118981E-16,-3.31878259264E-31));
#1212 = ORIENTED_EDGE('',*,*,#396,.T.);
#1213 = ORIENTED_EDGE('',*,*,#1214,.T.);
#1214 = EDGE_CURVE('',#389,#1173,#1215,.T.);
#1215 = ELLIPSE('',#1216,0.200973913389,0.2);
#1216 = AXIS2_PLACEMENT_3D('',#1217,#1218,#1219);
#1217 = CARTESIAN_POINT('',(8.333434844924,-1.3,0.835));
#1218 = DIRECTION('',(0.,0.,1.));
#1219 = DIRECTION('',(-1.,-3.452634118981E-16,0.));
#1220 = CYLINDRICAL_SURFACE('',#1221,0.2);
#1221 = AXIS2_PLACEMENT_3D('',#1222,#1223,#1224);
#1222 = CARTESIAN_POINT('',(8.338073426304,-1.3,0.881945822049));
#1223 = DIRECTION('',(-9.832830175871E-02,-2.662593770361E-17,
    -0.995154030828));
#1224 = DIRECTION('',(-0.703680163524,-0.707106781187,6.952860895614E-02
    ));
#1225 = ADVANCED_FACE('',(#1226),#1260,.F.);
#1226 = FACE_BOUND('',#1227,.T.);
#1227 = EDGE_LOOP('',(#1228,#1229,#1237,#1245,#1252,#1253,#1259));
#1228 = ORIENTED_EDGE('',*,*,#1206,.F.);
#1229 = ORIENTED_EDGE('',*,*,#1230,.F.);
#1230 = EDGE_CURVE('',#1231,#1196,#1233,.T.);
#1231 = VERTEX_POINT('',#1232);
#1232 = CARTESIAN_POINT('',(9.299999999999,-1.45,0.985));
#1233 = LINE('',#1234,#1235);
#1234 = CARTESIAN_POINT('',(9.299999999999,-1.45,0.985));
#1235 = VECTOR('',#1236,1.);
#1236 = DIRECTION('',(-1.,0.,0.));
#1237 = ORIENTED_EDGE('',*,*,#1238,.F.);
#1238 = EDGE_CURVE('',#1239,#1231,#1241,.T.);
#1239 = VERTEX_POINT('',#1240);
#1240 = CARTESIAN_POINT('',(9.299999999999,-0.653927830209,0.985));
#1241 = LINE('',#1242,#1243);
#1242 = CARTESIAN_POINT('',(9.299999999999,-0.50875,0.985));
#1243 = VECTOR('',#1244,1.);
#1244 = DIRECTION('',(0.,-1.,-9.612320559525E-16));
#1245 = ORIENTED_EDGE('',*,*,#1246,.T.);
#1246 = EDGE_CURVE('',#1239,#527,#1247,.T.);
#1247 = CIRCLE('',#1248,0.214821055075);
#1248 = AXIS2_PLACEMENT_3D('',#1249,#1250,#1251);
#1249 = CARTESIAN_POINT('',(9.367539068463,-0.45,0.985));
#1250 = DIRECTION('',(0.,9.612320559525E-16,-1.));
#1251 = DIRECTION('',(-1.,0.,0.));
#1252 = ORIENTED_EDGE('',*,*,#526,.F.);
#1253 = ORIENTED_EDGE('',*,*,#1254,.T.);
#1254 = EDGE_CURVE('',#518,#405,#1255,.T.);
#1255 = LINE('',#1256,#1257);
#1256 = CARTESIAN_POINT('',(9.299999999999,0.2825,0.985));
#1257 = VECTOR('',#1258,1.);
#1258 = DIRECTION('',(-1.,0.,0.));
#1259 = ORIENTED_EDGE('',*,*,#404,.F.);
#1260 = PLANE('',#1261);
#1261 = AXIS2_PLACEMENT_3D('',#1262,#1263,#1264);
#1262 = CARTESIAN_POINT('',(9.299999999999,0.2825,0.985));
#1263 = DIRECTION('',(0.,9.612320559525E-16,-1.));
#1264 = DIRECTION('',(0.,-1.,-9.612320559525E-16));
#1265 = ADVANCED_FACE('',(#1266),#1310,.F.);
#1266 = FACE_BOUND('',#1267,.F.);
#1267 = EDGE_LOOP('',(#1268,#1269,#1278,#1286,#1303,#1309));
#1268 = ORIENTED_EDGE('',*,*,#1230,.F.);
#1269 = ORIENTED_EDGE('',*,*,#1270,.T.);
#1270 = EDGE_CURVE('',#1231,#1271,#1273,.T.);
#1271 = VERTEX_POINT('',#1272);
#1272 = CARTESIAN_POINT('',(9.299999999999,-1.6,1.135));
#1273 = CIRCLE('',#1274,0.15);
#1274 = AXIS2_PLACEMENT_3D('',#1275,#1276,#1277);
#1275 = CARTESIAN_POINT('',(9.299999999999,-1.45,1.135));
#1276 = DIRECTION('',(-1.,0.,0.));
#1277 = DIRECTION('',(0.,0.,-1.));
#1278 = ORIENTED_EDGE('',*,*,#1279,.T.);
#1279 = EDGE_CURVE('',#1271,#1280,#1282,.T.);
#1280 = VERTEX_POINT('',#1281);
#1281 = CARTESIAN_POINT('',(9.249999999999,-1.6,1.135));
#1282 = LINE('',#1283,#1284);
#1283 = CARTESIAN_POINT('',(9.299999999999,-1.6,1.135));
#1284 = VECTOR('',#1285,1.);
#1285 = DIRECTION('',(-1.,0.,0.));
#1286 = ORIENTED_EDGE('',*,*,#1287,.T.);
#1287 = EDGE_CURVE('',#1280,#1288,#1290,.T.);
#1288 = VERTEX_POINT('',#1289);
#1289 = CARTESIAN_POINT('',(9.049999999999,-1.5,0.993578643763));
#1290 = B_SPLINE_CURVE_WITH_KNOTS('',3,(#1291,#1292,#1293,#1294,#1295,
    #1296,#1297,#1298,#1299,#1300,#1301,#1302),.UNSPECIFIED.,.F.,.F.,(4,
    2,2,2,2,4),(0.,5.641288521422E-03,1.128257704284E-02,
    1.709622421828E-02,2.309833883854E-02,2.910045345879E-02),
  .UNSPECIFIED.);
#1291 = CARTESIAN_POINT('',(9.249999999999,-1.6,1.135));
#1292 = CARTESIAN_POINT('',(9.249999999999,-1.6,1.116195704929));
#1293 = CARTESIAN_POINT('',(9.247316046934,-1.596168047699,
    1.096513432315));
#1294 = CARTESIAN_POINT('',(9.235535814453,-1.582231543163,
    1.061711164831));
#1295 = CARTESIAN_POINT('',(9.226323413498,-1.572129782538,
    1.046629465542));
#1296 = CARTESIAN_POINT('',(9.203299558869,-1.551906244855,
    1.023850940187));
#1297 = CARTESIAN_POINT('',(9.186161844711,-1.539516290443,
    1.014178108192));
#1298 = CARTESIAN_POINT('',(9.153111262729,-1.521452115036,
    1.002663267242));
#1299 = CARTESIAN_POINT('',(9.133270070657,-1.513300585869,0.99890534289
    ));
#1300 = CARTESIAN_POINT('',(9.091717076921,-1.502573177541,
    0.994374346983));
#1301 = CARTESIAN_POINT('',(9.070007048733,-1.5,0.993578643763));
#1302 = CARTESIAN_POINT('',(9.049999999999,-1.5,0.993578643763));
#1303 = ORIENTED_EDGE('',*,*,#1304,.T.);
#1304 = EDGE_CURVE('',#1288,#1188,#1305,.T.);
#1305 = LINE('',#1306,#1307);
#1306 = CARTESIAN_POINT('',(9.299999999999,-1.5,0.993578643763));
#1307 = VECTOR('',#1308,1.);
#1308 = DIRECTION('',(-1.,0.,0.));
#1309 = ORIENTED_EDGE('',*,*,#1195,.T.);
#1310 = CYLINDRICAL_SURFACE('',#1311,0.15);
#1311 = AXIS2_PLACEMENT_3D('',#1312,#1313,#1314);
#1312 = CARTESIAN_POINT('',(9.299999999999,-1.45,1.135));
#1313 = DIRECTION('',(1.,0.,0.));
#1314 = DIRECTION('',(0.,0.,-1.));
#1315 = ADVANCED_FACE('',(#1316),#1334,.T.);
#1316 = FACE_BOUND('',#1317,.T.);
#1317 = EDGE_LOOP('',(#1318,#1319,#1327,#1333));
#1318 = ORIENTED_EDGE('',*,*,#1187,.F.);
#1319 = ORIENTED_EDGE('',*,*,#1320,.T.);
#1320 = EDGE_CURVE('',#1175,#1321,#1323,.T.);
#1321 = VERTEX_POINT('',#1322);
#1322 = CARTESIAN_POINT('',(9.049999999999,-1.5,0.839196010845));
#1323 = LINE('',#1324,#1325);
#1324 = CARTESIAN_POINT('',(9.299999999999,-1.5,0.839196010845));
#1325 = VECTOR('',#1326,1.);
#1326 = DIRECTION('',(1.,0.,0.));
#1327 = ORIENTED_EDGE('',*,*,#1328,.T.);
#1328 = EDGE_CURVE('',#1321,#1288,#1329,.T.);
#1329 = LINE('',#1330,#1331);
#1330 = CARTESIAN_POINT('',(9.049999999999,-1.5,0.835));
#1331 = VECTOR('',#1332,1.);
#1332 = DIRECTION('',(0.,0.,1.));
#1333 = ORIENTED_EDGE('',*,*,#1304,.T.);
#1334 = PLANE('',#1335);
#1335 = AXIS2_PLACEMENT_3D('',#1336,#1337,#1338);
#1336 = CARTESIAN_POINT('',(8.024999999999,-1.5,0.835));
#1337 = DIRECTION('',(2.707861035671E-16,-1.,0.));
#1338 = DIRECTION('',(1.,2.707861035671E-16,0.));
#1339 = ADVANCED_FACE('',(#1340),#1400,.T.);
#1340 = FACE_BOUND('',#1341,.T.);
#1341 = EDGE_LOOP('',(#1342,#1357,#1365,#1376,#1385,#1393));
#1342 = ORIENTED_EDGE('',*,*,#1343,.T.);
#1343 = EDGE_CURVE('',#1344,#1346,#1348,.T.);
#1344 = VERTEX_POINT('',#1345);
#1345 = CARTESIAN_POINT('',(2.699496903783,-1.45,5.055));
#1346 = VERTEX_POINT('',#1347);
#1347 = CARTESIAN_POINT('',(2.566150559335,-1.5,5.050803989155));
#1348 = B_SPLINE_CURVE_WITH_KNOTS('',3,(#1349,#1350,#1351,#1352,#1353,
    #1354,#1355,#1356),.UNSPECIFIED.,.F.,.F.,(4,2,2,4),(0.173494916641,
    0.175735004026,0.181561499425,0.187387994824),.UNSPECIFIED.);
#1349 = CARTESIAN_POINT('',(2.699496903783,-1.45,5.055));
#1350 = CARTESIAN_POINT('',(2.693614863661,-1.45516233346,5.055));
#1351 = CARTESIAN_POINT('',(2.687516584929,-1.459887954594,
    5.054867076949));
#1352 = CARTESIAN_POINT('',(2.66540039331,-1.475163835914,5.054146780385
    ));
#1353 = CARTESIAN_POINT('',(2.646457683815,-1.48460439012,5.05305357636)
  );
#1354 = CARTESIAN_POINT('',(2.606543979243,-1.497021921954,
    5.051368909765));
#1355 = CARTESIAN_POINT('',(2.585572210666,-1.5,5.050803989155));
#1356 = CARTESIAN_POINT('',(2.566150559335,-1.5,5.050803989155));
#1357 = ORIENTED_EDGE('',*,*,#1358,.T.);
#1358 = EDGE_CURVE('',#1346,#1359,#1361,.T.);
#1359 = VERTEX_POINT('',#1360);
#1360 = CARTESIAN_POINT('',(2.550896456306,-1.5,4.896421356237));
#1361 = LINE('',#1362,#1363);
#1362 = CARTESIAN_POINT('',(2.45367637599,-1.5,3.912483333578));
#1363 = VECTOR('',#1364,1.);
#1364 = DIRECTION('',(-9.832830175871E-02,2.662593770361E-17,
    -0.995154030828));
#1365 = ORIENTED_EDGE('',*,*,#1366,.T.);
#1366 = EDGE_CURVE('',#1359,#1367,#1369,.T.);
#1367 = VERTEX_POINT('',#1368);
#1368 = CARTESIAN_POINT('',(2.684675836082,-1.45,4.905));
#1369 = B_SPLINE_CURVE_WITH_KNOTS('',3,(#1370,#1371,#1372,#1373,#1374,
    #1375),.UNSPECIFIED.,.F.,.F.,(4,2,4),(0.11501546861,0.122664171233,
    0.129067206709),.UNSPECIFIED.);
#1370 = CARTESIAN_POINT('',(2.550896456306,-1.5,4.896421356237));
#1371 = CARTESIAN_POINT('',(2.576392131717,-1.5,4.896421356237));
#1372 = CARTESIAN_POINT('',(2.603391823622,-1.494914727597,
    4.898543591589));
#1373 = CARTESIAN_POINT('',(2.649055320545,-1.476289989229,
    4.902898893444));
#1374 = CARTESIAN_POINT('',(2.668394288517,-1.464289392121,4.905));
#1375 = CARTESIAN_POINT('',(2.684675836082,-1.45,4.905));
#1376 = ORIENTED_EDGE('',*,*,#1377,.T.);
#1377 = EDGE_CURVE('',#1367,#1378,#1380,.T.);
#1378 = VERTEX_POINT('',#1379);
#1379 = CARTESIAN_POINT('',(2.752718000762,-1.3,4.905));
#1380 = ELLIPSE('',#1381,0.200973913389,0.2);
#1381 = AXIS2_PLACEMENT_3D('',#1382,#1383,#1384);
#1382 = CARTESIAN_POINT('',(2.551744087373,-1.3,4.905));
#1383 = DIRECTION('',(0.,3.204106853175E-16,1.));
#1384 = DIRECTION('',(1.,6.905268237961E-15,-2.212521728426E-30));
#1385 = ORIENTED_EDGE('',*,*,#1386,.T.);
#1386 = EDGE_CURVE('',#1378,#1387,#1389,.T.);
#1387 = VERTEX_POINT('',#1388);
#1388 = CARTESIAN_POINT('',(2.767539068463,-1.3,5.055));
#1389 = LINE('',#1390,#1391);
#1390 = CARTESIAN_POINT('',(2.652707182156,-1.3,3.892817673226));
#1391 = VECTOR('',#1392,1.);
#1392 = DIRECTION('',(9.832830175871E-02,-2.662593770361E-17,
    0.995154030828));
#1393 = ORIENTED_EDGE('',*,*,#1394,.T.);
#1394 = EDGE_CURVE('',#1387,#1344,#1395,.T.);
#1395 = ELLIPSE('',#1396,0.200973913389,0.2);
#1396 = AXIS2_PLACEMENT_3D('',#1397,#1398,#1399);
#1397 = CARTESIAN_POINT('',(2.566565155074,-1.3,5.055));
#1398 = DIRECTION('',(0.,-1.850371707709E-15,-1.));
#1399 = DIRECTION('',(1.,-6.818952384987E-15,1.261759656939E-29));
#1400 = CYLINDRICAL_SURFACE('',#1401,0.2);
#1401 = AXIS2_PLACEMENT_3D('',#1402,#1403,#1404);
#1402 = CARTESIAN_POINT('',(2.45367637599,-1.3,3.912483333578));
#1403 = DIRECTION('',(9.832830175871E-02,-2.662593770361E-17,
    0.995154030828));
#1404 = DIRECTION('',(0.703680163524,-0.707106781187,-6.952860895614E-02
    ));
#1405 = ADVANCED_FACE('',(#1406),#1439,.T.);
#1406 = FACE_BOUND('',#1407,.T.);
#1407 = EDGE_LOOP('',(#1408,#1409,#1417,#1425,#1433));
#1408 = ORIENTED_EDGE('',*,*,#1394,.F.);
#1409 = ORIENTED_EDGE('',*,*,#1410,.T.);
#1410 = EDGE_CURVE('',#1387,#1411,#1413,.T.);
#1411 = VERTEX_POINT('',#1412);
#1412 = CARTESIAN_POINT('',(2.767539068463,-0.96,5.055));
#1413 = LINE('',#1414,#1415);
#1414 = CARTESIAN_POINT('',(2.767539068463,-0.33375,5.055));
#1415 = VECTOR('',#1416,1.);
#1416 = DIRECTION('',(-1.486649187413E-16,1.,0.));
#1417 = ORIENTED_EDGE('',*,*,#1418,.T.);
#1418 = EDGE_CURVE('',#1411,#1419,#1421,.T.);
#1419 = VERTEX_POINT('',#1420);
#1420 = CARTESIAN_POINT('',(1.524999999999,-0.96,5.055));
#1421 = LINE('',#1422,#1423);
#1422 = CARTESIAN_POINT('',(1.693749999999,-0.96,5.055));
#1423 = VECTOR('',#1424,1.);
#1424 = DIRECTION('',(-1.,0.,0.));
#1425 = ORIENTED_EDGE('',*,*,#1426,.F.);
#1426 = EDGE_CURVE('',#1427,#1419,#1429,.T.);
#1427 = VERTEX_POINT('',#1428);
#1428 = CARTESIAN_POINT('',(1.524999999999,-1.45,5.055));
#1429 = LINE('',#1430,#1431);
#1430 = CARTESIAN_POINT('',(1.524999999999,-1.35,5.055));
#1431 = VECTOR('',#1432,1.);
#1432 = DIRECTION('',(0.,1.,-1.850371707709E-15));
#1433 = ORIENTED_EDGE('',*,*,#1434,.T.);
#1434 = EDGE_CURVE('',#1427,#1344,#1435,.T.);
#1435 = LINE('',#1436,#1437);
#1436 = CARTESIAN_POINT('',(1.524999999999,-1.45,5.055));
#1437 = VECTOR('',#1438,1.);
#1438 = DIRECTION('',(1.,0.,0.));
#1439 = PLANE('',#1440);
#1440 = AXIS2_PLACEMENT_3D('',#1441,#1442,#1443);
#1441 = CARTESIAN_POINT('',(1.524999999999,-0.85,5.055));
#1442 = DIRECTION('',(0.,1.850371707709E-15,1.));
#1443 = DIRECTION('',(0.,-1.,1.850371707709E-15));
#1444 = ADVANCED_FACE('',(#1445),#1489,.F.);
#1445 = FACE_BOUND('',#1446,.T.);
#1446 = EDGE_LOOP('',(#1447,#1448,#1449,#1458,#1464,#1465,#1466,#1474,
    #1483));
#1447 = ORIENTED_EDGE('',*,*,#854,.F.);
#1448 = ORIENTED_EDGE('',*,*,#829,.F.);
#1449 = ORIENTED_EDGE('',*,*,#1450,.F.);
#1450 = EDGE_CURVE('',#1451,#822,#1453,.T.);
#1451 = VERTEX_POINT('',#1452);
#1452 = CARTESIAN_POINT('',(2.767539068463,0.2825,5.055));
#1453 = ELLIPSE('',#1454,0.409484348529,0.4075);
#1454 = AXIS2_PLACEMENT_3D('',#1455,#1456,#1457);
#1455 = CARTESIAN_POINT('',(2.727275167875,0.2825,4.6475));
#1456 = DIRECTION('',(-0.995154030828,-1.479444931281E-16,
    9.832830175871E-02));
#1457 = DIRECTION('',(-9.832830175871E-02,-6.162975822039E-33,
    -0.995154030828));
#1458 = ORIENTED_EDGE('',*,*,#1459,.F.);
#1459 = EDGE_CURVE('',#1411,#1451,#1460,.T.);
#1460 = LINE('',#1461,#1462);
#1461 = CARTESIAN_POINT('',(2.767539068463,-0.9,5.055));
#1462 = VECTOR('',#1463,1.);
#1463 = DIRECTION('',(-1.486649187413E-16,1.,0.));
#1464 = ORIENTED_EDGE('',*,*,#1410,.F.);
#1465 = ORIENTED_EDGE('',*,*,#1386,.F.);
#1466 = ORIENTED_EDGE('',*,*,#1467,.F.);
#1467 = EDGE_CURVE('',#1468,#1378,#1470,.T.);
#1468 = VERTEX_POINT('',#1469);
#1469 = CARTESIAN_POINT('',(2.752718000762,0.2825,4.905));
#1470 = LINE('',#1471,#1472);
#1471 = CARTESIAN_POINT('',(2.752718000762,-1.2,4.905));
#1472 = VECTOR('',#1473,1.);
#1473 = DIRECTION('',(1.80323775136E-16,-1.,3.204106853175E-16));
#1474 = ORIENTED_EDGE('',*,*,#1475,.F.);
#1475 = EDGE_CURVE('',#1476,#1468,#1478,.T.);
#1476 = VERTEX_POINT('',#1477);
#1477 = CARTESIAN_POINT('',(2.701832334988,0.2825,4.39));
#1478 = ELLIPSE('',#1479,0.258753913488,0.2575);
#1479 = AXIS2_PLACEMENT_3D('',#1480,#1481,#1482);
#1480 = CARTESIAN_POINT('',(2.727275167875,0.2825,4.6475));
#1481 = DIRECTION('',(0.995154030828,1.479444931281E-16,
    -9.832830175871E-02));
#1482 = DIRECTION('',(-9.832830175871E-02,-6.162975822039E-33,
    -0.995154030828));
#1483 = ORIENTED_EDGE('',*,*,#1484,.F.);
#1484 = EDGE_CURVE('',#855,#1476,#1485,.T.);
#1485 = LINE('',#1486,#1487);
#1486 = CARTESIAN_POINT('',(2.701832334988,-0.33375,4.39));
#1487 = VECTOR('',#1488,1.);
#1488 = DIRECTION('',(-1.486649187413E-16,1.,0.));
#1489 = PLANE('',#1490);
#1490 = AXIS2_PLACEMENT_3D('',#1491,#1492,#1493);
#1491 = CARTESIAN_POINT('',(2.701227348487,-0.95,4.383877095968));
#1492 = DIRECTION('',(-0.995154030828,-1.479444931281E-16,
    9.832830175871E-02));
#1493 = DIRECTION('',(9.832830175871E-02,-2.815243027792E-16,
    0.995154030828));
#1494 = ADVANCED_FACE('',(#1495),#1538,.T.);
#1495 = FACE_BOUND('',#1496,.T.);
#1496 = EDGE_LOOP('',(#1497,#1498,#1506,#1514,#1523,#1531,#1537));
#1497 = ORIENTED_EDGE('',*,*,#1377,.F.);
#1498 = ORIENTED_EDGE('',*,*,#1499,.F.);
#1499 = EDGE_CURVE('',#1500,#1367,#1502,.T.);
#1500 = VERTEX_POINT('',#1501);
#1501 = CARTESIAN_POINT('',(1.599999999999,-1.45,4.905));
#1502 = LINE('',#1503,#1504);
#1503 = CARTESIAN_POINT('',(1.599999999999,-1.45,4.905));
#1504 = VECTOR('',#1505,1.);
#1505 = DIRECTION('',(1.,0.,0.));
#1506 = ORIENTED_EDGE('',*,*,#1507,.F.);
#1507 = EDGE_CURVE('',#1508,#1500,#1510,.T.);
#1508 = VERTEX_POINT('',#1509);
#1509 = CARTESIAN_POINT('',(1.599999999999,-0.653927830212,4.905));
#1510 = LINE('',#1511,#1512);
#1511 = CARTESIAN_POINT('',(1.599999999999,-1.375,4.905));
#1512 = VECTOR('',#1513,1.);
#1513 = DIRECTION('',(0.,-1.,3.204106853175E-16));
#1514 = ORIENTED_EDGE('',*,*,#1515,.F.);
#1515 = EDGE_CURVE('',#1516,#1508,#1518,.T.);
#1516 = VERTEX_POINT('',#1517);
#1517 = CARTESIAN_POINT('',(1.747281992924,-0.45,4.905));
#1518 = CIRCLE('',#1519,0.214821055075);
#1519 = AXIS2_PLACEMENT_3D('',#1520,#1521,#1522);
#1520 = CARTESIAN_POINT('',(1.532460931536,-0.45,4.905));
#1521 = DIRECTION('',(0.,-3.204106853175E-16,-1.));
#1522 = DIRECTION('',(1.,0.,0.));
#1523 = ORIENTED_EDGE('',*,*,#1524,.T.);
#1524 = EDGE_CURVE('',#1516,#1525,#1527,.T.);
#1525 = VERTEX_POINT('',#1526);
#1526 = CARTESIAN_POINT('',(1.747281999237,0.2825,4.905));
#1527 = LINE('',#1528,#1529);
#1528 = CARTESIAN_POINT('',(1.747281999237,-1.2,4.905));
#1529 = VECTOR('',#1530,1.);
#1530 = DIRECTION('',(1.80323775136E-16,1.,-3.204106853175E-16));
#1531 = ORIENTED_EDGE('',*,*,#1532,.T.);
#1532 = EDGE_CURVE('',#1525,#1468,#1533,.T.);
#1533 = LINE('',#1534,#1535);
#1534 = CARTESIAN_POINT('',(1.599999999999,0.2825,4.905));
#1535 = VECTOR('',#1536,1.);
#1536 = DIRECTION('',(1.,0.,0.));
#1537 = ORIENTED_EDGE('',*,*,#1467,.T.);
#1538 = PLANE('',#1539);
#1539 = AXIS2_PLACEMENT_3D('',#1540,#1541,#1542);
#1540 = CARTESIAN_POINT('',(1.599999999999,-1.45,4.905));
#1541 = DIRECTION('',(0.,-3.204106853175E-16,-1.));
#1542 = DIRECTION('',(0.,1.,-3.204106853175E-16));
#1543 = ADVANCED_FACE('',(#1544),#1595,.T.);
#1544 = FACE_BOUND('',#1545,.T.);
#1545 = EDGE_LOOP('',(#1546,#1555,#1556,#1565,#1576,#1584));
#1546 = ORIENTED_EDGE('',*,*,#1547,.T.);
#1547 = EDGE_CURVE('',#1548,#937,#1550,.T.);
#1548 = VERTEX_POINT('',#1549);
#1549 = CARTESIAN_POINT('',(2.699496903783,-1.45,3.375));
#1550 = ELLIPSE('',#1551,0.200973913389,0.2);
#1551 = AXIS2_PLACEMENT_3D('',#1552,#1553,#1554);
#1552 = CARTESIAN_POINT('',(2.566565155074,-1.3,3.375));
#1553 = DIRECTION('',(0.,0.,1.));
#1554 = DIRECTION('',(1.,-5.178951178471E-16,0.));
#1555 = ORIENTED_EDGE('',*,*,#936,.T.);
#1556 = ORIENTED_EDGE('',*,*,#1557,.T.);
#1557 = EDGE_CURVE('',#929,#1558,#1560,.T.);
#1558 = VERTEX_POINT('',#1559);
#1559 = CARTESIAN_POINT('',(2.684675836082,-1.45,3.525));
#1560 = ELLIPSE('',#1561,0.200973913389,0.2);
#1561 = AXIS2_PLACEMENT_3D('',#1562,#1563,#1564);
#1562 = CARTESIAN_POINT('',(2.551744087373,-1.3,3.525));
#1563 = DIRECTION('',(0.,9.612320559525E-16,-1.));
#1564 = DIRECTION('',(1.,-5.178951178471E-16,-4.978173888959E-31));
#1565 = ORIENTED_EDGE('',*,*,#1566,.T.);
#1566 = EDGE_CURVE('',#1558,#1567,#1569,.T.);
#1567 = VERTEX_POINT('',#1568);
#1568 = CARTESIAN_POINT('',(2.550896456306,-1.5,3.533578643763));
#1569 = B_SPLINE_CURVE_WITH_KNOTS('',3,(#1570,#1571,#1572,#1573,#1574,
    #1575),.UNSPECIFIED.,.F.,.F.,(4,2,4),(0.100805075791,0.107208111267,
    0.11485681389),.UNSPECIFIED.);
#1570 = CARTESIAN_POINT('',(2.684675836082,-1.45,3.525));
#1571 = CARTESIAN_POINT('',(2.668394288517,-1.464289392121,3.525));
#1572 = CARTESIAN_POINT('',(2.649055320545,-1.476289989229,
    3.527101106556));
#1573 = CARTESIAN_POINT('',(2.603391823622,-1.494914727597,
    3.531456408411));
#1574 = CARTESIAN_POINT('',(2.576392131717,-1.5,3.533578643763));
#1575 = CARTESIAN_POINT('',(2.550896456306,-1.5,3.533578643763));
#1576 = ORIENTED_EDGE('',*,*,#1577,.T.);
#1577 = EDGE_CURVE('',#1567,#1578,#1580,.T.);
#1578 = VERTEX_POINT('',#1579);
#1579 = CARTESIAN_POINT('',(2.566150559335,-1.5,3.379196010845));
#1580 = LINE('',#1581,#1582);
#1581 = CARTESIAN_POINT('',(2.561926573695,-1.5,3.421945822049));
#1582 = VECTOR('',#1583,1.);
#1583 = DIRECTION('',(9.832830175871E-02,-2.662593770361E-17,
    -0.995154030828));
#1584 = ORIENTED_EDGE('',*,*,#1585,.T.);
#1585 = EDGE_CURVE('',#1578,#1548,#1586,.T.);
#1586 = B_SPLINE_CURVE_WITH_KNOTS('',3,(#1587,#1588,#1589,#1590,#1591,
    #1592,#1593,#1594),.UNSPECIFIED.,.F.,.F.,(4,2,2,4),(0.186453878243,
    0.192280373642,0.198106869041,0.200346956426),.UNSPECIFIED.);
#1587 = CARTESIAN_POINT('',(2.566150559335,-1.5,3.379196010845));
#1588 = CARTESIAN_POINT('',(2.585572210666,-1.5,3.379196010845));
#1589 = CARTESIAN_POINT('',(2.606543979243,-1.497021921954,
    3.378631090235));
#1590 = CARTESIAN_POINT('',(2.646457683815,-1.48460439012,3.37694642364)
  );
#1591 = CARTESIAN_POINT('',(2.66540039331,-1.475163835914,3.375853219615
    ));
#1592 = CARTESIAN_POINT('',(2.687516584929,-1.459887954594,
    3.375132923051));
#1593 = CARTESIAN_POINT('',(2.693614863661,-1.45516233346,3.375));
#1594 = CARTESIAN_POINT('',(2.699496903783,-1.45,3.375));
#1595 = CYLINDRICAL_SURFACE('',#1596,0.2);
#1596 = AXIS2_PLACEMENT_3D('',#1597,#1598,#1599);
#1597 = CARTESIAN_POINT('',(2.561926573695,-1.3,3.421945822049));
#1598 = DIRECTION('',(9.832830175871E-02,-2.662593770361E-17,
    -0.995154030828));
#1599 = DIRECTION('',(0.703680163524,-0.707106781187,6.952860895614E-02)
  );
#1600 = ADVANCED_FACE('',(#1601),#1627,.T.);
#1601 = FACE_BOUND('',#1602,.T.);
#1602 = EDGE_LOOP('',(#1603,#1604,#1612,#1620,#1626));
#1603 = ORIENTED_EDGE('',*,*,#1547,.F.);
#1604 = ORIENTED_EDGE('',*,*,#1605,.F.);
#1605 = EDGE_CURVE('',#1606,#1548,#1608,.T.);
#1606 = VERTEX_POINT('',#1607);
#1607 = CARTESIAN_POINT('',(1.524999999999,-1.45,3.375));
#1608 = LINE('',#1609,#1610);
#1609 = CARTESIAN_POINT('',(1.524999999999,-1.45,3.375));
#1610 = VECTOR('',#1611,1.);
#1611 = DIRECTION('',(1.,0.,0.));
#1612 = ORIENTED_EDGE('',*,*,#1613,.F.);
#1613 = EDGE_CURVE('',#1614,#1606,#1616,.T.);
#1614 = VERTEX_POINT('',#1615);
#1615 = CARTESIAN_POINT('',(1.524999999999,-0.96,3.375));
#1616 = LINE('',#1617,#1618);
#1617 = CARTESIAN_POINT('',(1.524999999999,-1.65,3.375));
#1618 = VECTOR('',#1619,1.);
#1619 = DIRECTION('',(0.,-1.,0.));
#1620 = ORIENTED_EDGE('',*,*,#1621,.F.);
#1621 = EDGE_CURVE('',#945,#1614,#1622,.T.);
#1622 = LINE('',#1623,#1624);
#1623 = CARTESIAN_POINT('',(2.5375,-0.96,3.375));
#1624 = VECTOR('',#1625,1.);
#1625 = DIRECTION('',(-1.,0.,0.));
#1626 = ORIENTED_EDGE('',*,*,#944,.T.);
#1627 = PLANE('',#1628);
#1628 = AXIS2_PLACEMENT_3D('',#1629,#1630,#1631);
#1629 = CARTESIAN_POINT('',(1.524999999999,-1.45,3.375));
#1630 = DIRECTION('',(0.,0.,-1.));
#1631 = DIRECTION('',(0.,1.,0.));
#1632 = ADVANCED_FACE('',(#1633),#1720,.T.);
#1633 = FACE_BOUND('',#1634,.T.);
#1634 = EDGE_LOOP('',(#1635,#1636,#1644,#1661,#1669,#1686,#1694,#1705,
    #1713,#1719));
#1635 = ORIENTED_EDGE('',*,*,#1585,.F.);
#1636 = ORIENTED_EDGE('',*,*,#1637,.T.);
#1637 = EDGE_CURVE('',#1578,#1638,#1640,.T.);
#1638 = VERTEX_POINT('',#1639);
#1639 = CARTESIAN_POINT('',(1.849999999999,-1.5,3.379196010845));
#1640 = LINE('',#1641,#1642);
#1641 = CARTESIAN_POINT('',(1.599999999999,-1.5,3.379196010845));
#1642 = VECTOR('',#1643,1.);
#1643 = DIRECTION('',(-1.,0.,0.));
#1644 = ORIENTED_EDGE('',*,*,#1645,.T.);
#1645 = EDGE_CURVE('',#1638,#1646,#1648,.T.);
#1646 = VERTEX_POINT('',#1647);
#1647 = CARTESIAN_POINT('',(1.599999999999,-1.75,3.675));
#1648 = B_SPLINE_CURVE_WITH_KNOTS('',3,(#1649,#1650,#1651,#1652,#1653,
    #1654,#1655,#1656,#1657,#1658,#1659,#1660),.UNSPECIFIED.,.F.,.F.,(4,
    2,2,2,2,4),(5.385750251094E-02,6.305145755794E-02,7.224541260495E-02
    ,8.26980615179E-02,9.520653326989E-02,0.107715005022),
  .UNSPECIFIED.);
#1649 = CARTESIAN_POINT('',(1.849999999999,-1.5,3.379196010845));
#1650 = CARTESIAN_POINT('',(1.819353483176,-1.5,3.379196010845));
#1651 = CARTESIAN_POINT('',(1.786653328147,-1.506008333436,
    3.380014286903));
#1652 = CARTESIAN_POINT('',(1.726682748502,-1.530141928266,
    3.385637267186));
#1653 = CARTESIAN_POINT('',(1.699438034097,-1.548270382014,
    3.390699497743));
#1654 = CARTESIAN_POINT('',(1.653838002591,-1.591453776038,
    3.409262870225));
#1655 = CARTESIAN_POINT('',(1.633066915023,-1.622795048349,
    3.427549818575));
#1656 = CARTESIAN_POINT('',(1.608580557484,-1.677350937465,
    3.475320062142));
#1657 = CARTESIAN_POINT('',(1.603508208137,-1.704443536749,
    3.510230807702));
#1658 = CARTESIAN_POINT('',(1.599504411,-1.740751871614,3.589245806763)
  );
#1659 = CARTESIAN_POINT('',(1.599999999999,-1.75,3.63330509416));
#1660 = CARTESIAN_POINT('',(1.599999999999,-1.75,3.675));
#1661 = ORIENTED_EDGE('',*,*,#1662,.F.);
#1662 = EDGE_CURVE('',#1663,#1646,#1665,.T.);
#1663 = VERTEX_POINT('',#1664);
#1664 = CARTESIAN_POINT('',(0.,-1.75,3.675));
#1665 = LINE('',#1666,#1667);
#1666 = CARTESIAN_POINT('',(1.524999999999,-1.75,3.675));
#1667 = VECTOR('',#1668,1.);
#1668 = DIRECTION('',(1.,0.,0.));
#1669 = ORIENTED_EDGE('',*,*,#1670,.F.);
#1670 = EDGE_CURVE('',#1671,#1663,#1673,.T.);
#1671 = VERTEX_POINT('',#1672);
#1672 = CARTESIAN_POINT('',(-0.25,-1.5,3.379196010845));
#1673 = B_SPLINE_CURVE_WITH_KNOTS('',3,(#1674,#1675,#1676,#1677,#1678,
    #1679,#1680,#1681,#1682,#1683,#1684,#1685),.UNSPECIFIED.,.F.,.F.,(4,
    2,2,2,2,4),(0.,1.126422476074E-02,2.252844952147E-02,
    3.289807861588E-02,4.337931168369E-02,5.386054475151E-02),
  .UNSPECIFIED.);
#1674 = CARTESIAN_POINT('',(-0.25,-1.5,3.379196010845));
#1675 = CARTESIAN_POINT('',(-0.212452584131,-1.5,3.379196010845));
#1676 = CARTESIAN_POINT('',(-0.173055100103,-1.509011662672,
    3.380320446142));
#1677 = CARTESIAN_POINT('',(-0.103830626639,-1.543528818411,
    3.389393933122));
#1678 = CARTESIAN_POINT('',(-7.409219700522E-02,-1.569064057466,
    3.397896785465));
#1679 = CARTESIAN_POINT('',(-3.346988563627E-02,-1.621097383917,
    3.426924760631));
#1680 = CARTESIAN_POINT('',(-1.88478149854E-02,-1.651899778213,
    3.450544135653));
#1681 = CARTESIAN_POINT('',(-4.514379047251E-03,-1.697049017858,
    3.501404220694));
#1682 = CARTESIAN_POINT('',(-1.828053004678E-03,-1.717030527657,
    3.533325233719));
#1683 = CARTESIAN_POINT('',(2.680234032387E-04,-1.743503082729,
    3.602660580705));
#1684 = CARTESIAN_POINT('',(1.724646129216E-32,-1.75,3.640062556441));
#1685 = CARTESIAN_POINT('',(0.,-1.75,3.675));
#1686 = ORIENTED_EDGE('',*,*,#1687,.F.);
#1687 = EDGE_CURVE('',#1688,#1671,#1690,.T.);
#1688 = VERTEX_POINT('',#1689);
#1689 = CARTESIAN_POINT('',(-1.5,-1.5,3.379196010845));
#1690 = LINE('',#1691,#1692);
#1691 = CARTESIAN_POINT('',(-5.E-02,-1.5,3.379196010845));
#1692 = VECTOR('',#1693,1.);
#1693 = DIRECTION('',(1.,0.,0.));
#1694 = ORIENTED_EDGE('',*,*,#1695,.F.);
#1695 = EDGE_CURVE('',#1696,#1688,#1698,.T.);
#1696 = VERTEX_POINT('',#1697);
#1697 = CARTESIAN_POINT('',(-1.665831239518,-1.45,3.375));
#1698 = B_SPLINE_CURVE_WITH_KNOTS('',3,(#1699,#1700,#1701,#1702,#1703,
    #1704),.UNSPECIFIED.,.F.,.F.,(4,2,4),(-1.715577587086E-02,
    -1.444677698452E-02,0.),.UNSPECIFIED.);
#1699 = CARTESIAN_POINT('',(-1.665831239518,-1.45,3.375));
#1700 = CARTESIAN_POINT('',(-1.658099128254,-1.45512890238,3.375));
#1701 = CARTESIAN_POINT('',(-1.650112755428,-1.459908994217,
    3.375131333557));
#1702 = CARTESIAN_POINT('',(-1.598213840316,-1.487775456687,
    3.376461996853));
#1703 = CARTESIAN_POINT('',(-1.548155923282,-1.5,3.379196010845));
#1704 = CARTESIAN_POINT('',(-1.5,-1.5,3.379196010845));
#1705 = ORIENTED_EDGE('',*,*,#1706,.T.);
#1706 = EDGE_CURVE('',#1696,#1707,#1709,.T.);
#1707 = VERTEX_POINT('',#1708);
#1708 = CARTESIAN_POINT('',(0.,-1.45,3.375));
#1709 = LINE('',#1710,#1711);
#1710 = CARTESIAN_POINT('',(-5.E-02,-1.45,3.375));
#1711 = VECTOR('',#1712,1.);
#1712 = DIRECTION('',(1.,0.,0.));
#1713 = ORIENTED_EDGE('',*,*,#1714,.F.);
#1714 = EDGE_CURVE('',#1606,#1707,#1715,.T.);
#1715 = LINE('',#1716,#1717);
#1716 = CARTESIAN_POINT('',(0.,-1.45,3.375));
#1717 = VECTOR('',#1718,1.);
#1718 = DIRECTION('',(-1.,0.,0.));
#1719 = ORIENTED_EDGE('',*,*,#1605,.T.);
#1720 = CYLINDRICAL_SURFACE('',#1721,0.3);
#1721 = AXIS2_PLACEMENT_3D('',#1722,#1723,#1724);
#1722 = CARTESIAN_POINT('',(0.38125,-1.45,3.675));
#1723 = DIRECTION('',(1.,0.,0.));
#1724 = DIRECTION('',(0.,-0.707106781187,-0.707106781187));
#1725 = ADVANCED_FACE('',(#1726),#1744,.F.);
#1726 = FACE_BOUND('',#1727,.T.);
#1727 = EDGE_LOOP('',(#1728,#1729,#1737,#1743));
#1728 = ORIENTED_EDGE('',*,*,#1577,.F.);
#1729 = ORIENTED_EDGE('',*,*,#1730,.F.);
#1730 = EDGE_CURVE('',#1731,#1567,#1733,.T.);
#1731 = VERTEX_POINT('',#1732);
#1732 = CARTESIAN_POINT('',(1.849999999999,-1.5,3.533578643763));
#1733 = LINE('',#1734,#1735);
#1734 = CARTESIAN_POINT('',(1.599999999999,-1.5,3.533578643763));
#1735 = VECTOR('',#1736,1.);
#1736 = DIRECTION('',(1.,0.,0.));
#1737 = ORIENTED_EDGE('',*,*,#1738,.F.);
#1738 = EDGE_CURVE('',#1638,#1731,#1739,.T.);
#1739 = LINE('',#1740,#1741);
#1740 = CARTESIAN_POINT('',(1.849999999999,-1.5,3.375));
#1741 = VECTOR('',#1742,1.);
#1742 = DIRECTION('',(0.,0.,1.));
#1743 = ORIENTED_EDGE('',*,*,#1637,.F.);
#1744 = PLANE('',#1745);
#1745 = AXIS2_PLACEMENT_3D('',#1746,#1747,#1748);
#1746 = CARTESIAN_POINT('',(2.874999999999,-1.5,3.375));
#1747 = DIRECTION('',(2.707861035671E-16,1.,0.));
#1748 = DIRECTION('',(-1.,2.707861035671E-16,0.));
#1749 = ADVANCED_FACE('',(#1750),#1793,.F.);
#1750 = FACE_BOUND('',#1751,.T.);
#1751 = EDGE_LOOP('',(#1752,#1753,#1761,#1768,#1769,#1777,#1785,#1792));
#1752 = ORIENTED_EDGE('',*,*,#767,.F.);
#1753 = ORIENTED_EDGE('',*,*,#1754,.F.);
#1754 = EDGE_CURVE('',#1755,#759,#1757,.T.);
#1755 = VERTEX_POINT('',#1756);
#1756 = CARTESIAN_POINT('',(1.79816766501,0.2825,4.39));
#1757 = LINE('',#1758,#1759);
#1758 = CARTESIAN_POINT('',(1.79816766501,-0.33375,4.39));
#1759 = VECTOR('',#1760,1.);
#1760 = DIRECTION('',(-1.486649187413E-16,-1.,0.));
#1761 = ORIENTED_EDGE('',*,*,#1762,.F.);
#1762 = EDGE_CURVE('',#1525,#1755,#1763,.T.);
#1763 = ELLIPSE('',#1764,0.258753913488,0.2575);
#1764 = AXIS2_PLACEMENT_3D('',#1765,#1766,#1767);
#1765 = CARTESIAN_POINT('',(1.772724832123,0.2825,4.6475));
#1766 = DIRECTION('',(-0.995154030828,1.479444931281E-16,
    -9.832830175871E-02));
#1767 = DIRECTION('',(9.832830175871E-02,-6.162975822039E-33,
    -0.995154030828));
#1768 = ORIENTED_EDGE('',*,*,#1524,.F.);
#1769 = ORIENTED_EDGE('',*,*,#1770,.F.);
#1770 = EDGE_CURVE('',#1771,#1516,#1773,.T.);
#1771 = VERTEX_POINT('',#1772);
#1772 = CARTESIAN_POINT('',(1.732460931536,-0.450000000949,5.055));
#1773 = LINE('',#1774,#1775);
#1774 = CARTESIAN_POINT('',(1.732460931536,-0.45,5.055));
#1775 = VECTOR('',#1776,1.);
#1776 = DIRECTION('',(9.832821880591E-02,0.,-0.995154039024));
#1777 = ORIENTED_EDGE('',*,*,#1778,.F.);
#1778 = EDGE_CURVE('',#1779,#1771,#1781,.T.);
#1779 = VERTEX_POINT('',#1780);
#1780 = CARTESIAN_POINT('',(1.732460931536,0.2825,5.055));
#1781 = LINE('',#1782,#1783);
#1782 = CARTESIAN_POINT('',(1.732460931536,-0.9,5.055));
#1783 = VECTOR('',#1784,1.);
#1784 = DIRECTION('',(-1.486649187413E-16,-1.,0.));
#1785 = ORIENTED_EDGE('',*,*,#1786,.F.);
#1786 = EDGE_CURVE('',#814,#1779,#1787,.T.);
#1787 = ELLIPSE('',#1788,0.409484348529,0.4075);
#1788 = AXIS2_PLACEMENT_3D('',#1789,#1790,#1791);
#1789 = CARTESIAN_POINT('',(1.772724832123,0.2825,4.6475));
#1790 = DIRECTION('',(0.995154030828,-1.479444931281E-16,
    9.832830175871E-02));
#1791 = DIRECTION('',(9.832830175871E-02,-6.162975822039E-33,
    -0.995154030828));
#1792 = ORIENTED_EDGE('',*,*,#813,.F.);
#1793 = PLANE('',#1794);
#1794 = AXIS2_PLACEMENT_3D('',#1795,#1796,#1797);
#1795 = CARTESIAN_POINT('',(1.746663289913,-0.95,4.91126178899));
#1796 = DIRECTION('',(0.995154030828,-1.479444931281E-16,
    9.832830175871E-02));
#1797 = DIRECTION('',(9.832830175871E-02,3.903646941381E-16,
    -0.995154030828));
#1798 = ADVANCED_FACE('',(#1799),#1818,.F.);
#1799 = FACE_BOUND('',#1800,.F.);
#1800 = EDGE_LOOP('',(#1801,#1802,#1811,#1817));
#1801 = ORIENTED_EDGE('',*,*,#1770,.F.);
#1802 = ORIENTED_EDGE('',*,*,#1803,.T.);
#1803 = EDGE_CURVE('',#1771,#1804,#1806,.T.);
#1804 = VERTEX_POINT('',#1805);
#1805 = CARTESIAN_POINT('',(1.599999999999,-0.638251093572,5.055));
#1806 = CIRCLE('',#1807,0.2);
#1807 = AXIS2_PLACEMENT_3D('',#1808,#1809,#1810);
#1808 = CARTESIAN_POINT('',(1.532460931536,-0.45,5.055));
#1809 = DIRECTION('',(0.,0.,-1.));
#1810 = DIRECTION('',(1.,0.,0.));
#1811 = ORIENTED_EDGE('',*,*,#1812,.T.);
#1812 = EDGE_CURVE('',#1804,#1508,#1813,.T.);
#1813 = ( BOUNDED_CURVE() B_SPLINE_CURVE(2,(#1814,#1815,#1816),
.UNSPECIFIED.,.F.,.F.) B_SPLINE_CURVE_WITH_KNOTS((3,3),(0.,
1.508169790438E-02),.PIECEWISE_BEZIER_KNOTS.) CURVE() 
GEOMETRIC_REPRESENTATION_ITEM() RATIONAL_B_SPLINE_CURVE((1.,
1.000714866972,1.)) REPRESENTATION_ITEM('') );
#1814 = CARTESIAN_POINT('',(1.599999999999,-0.638251093572,5.055));
#1815 = CARTESIAN_POINT('',(1.599999999999,-0.645809406463,
    4.982998007222));
#1816 = CARTESIAN_POINT('',(1.599999999999,-0.653927830212,4.905));
#1817 = ORIENTED_EDGE('',*,*,#1515,.F.);
#1818 = CONICAL_SURFACE('',#1819,0.2,9.848735889371E-02);
#1819 = AXIS2_PLACEMENT_3D('',#1820,#1821,#1822);
#1820 = CARTESIAN_POINT('',(1.532460931536,-0.45,5.055));
#1821 = DIRECTION('',(0.,0.,-1.));
#1822 = DIRECTION('',(1.,0.,0.));
#1823 = ADVANCED_FACE('',(#1824),#1851,.F.);
#1824 = FACE_BOUND('',#1825,.F.);
#1825 = EDGE_LOOP('',(#1826,#1827,#1836,#1844));
#1826 = ORIENTED_EDGE('',*,*,#659,.T.);
#1827 = ORIENTED_EDGE('',*,*,#1828,.F.);
#1828 = EDGE_CURVE('',#1829,#660,#1831,.T.);
#1829 = VERTEX_POINT('',#1830);
#1830 = CARTESIAN_POINT('',(1.599999999999,-0.653927830209,3.525));
#1831 = CIRCLE('',#1832,0.214821055075);
#1832 = AXIS2_PLACEMENT_3D('',#1833,#1834,#1835);
#1833 = CARTESIAN_POINT('',(1.532460931536,-0.45,3.525));
#1834 = DIRECTION('',(0.,-9.612320559525E-16,1.));
#1835 = DIRECTION('',(1.,0.,0.));
#1836 = ORIENTED_EDGE('',*,*,#1837,.T.);
#1837 = EDGE_CURVE('',#1829,#1838,#1840,.T.);
#1838 = VERTEX_POINT('',#1839);
#1839 = CARTESIAN_POINT('',(1.599999999999,-0.638251093572,3.375));
#1840 = ( BOUNDED_CURVE() B_SPLINE_CURVE(2,(#1841,#1842,#1843),
.UNSPECIFIED.,.F.,.F.) B_SPLINE_CURVE_WITH_KNOTS((3,3),(0.,
1.508169790438E-02),.PIECEWISE_BEZIER_KNOTS.) CURVE() 
GEOMETRIC_REPRESENTATION_ITEM() RATIONAL_B_SPLINE_CURVE((1.,
1.000714866969,1.)) REPRESENTATION_ITEM('') );
#1841 = CARTESIAN_POINT('',(1.599999999999,-0.653927830212,3.525));
#1842 = CARTESIAN_POINT('',(1.599999999999,-0.645809406463,
    3.447001992779));
#1843 = CARTESIAN_POINT('',(1.599999999999,-0.638251093572,3.375));
#1844 = ORIENTED_EDGE('',*,*,#1845,.T.);
#1845 = EDGE_CURVE('',#1838,#652,#1846,.T.);
#1846 = CIRCLE('',#1847,0.2);
#1847 = AXIS2_PLACEMENT_3D('',#1848,#1849,#1850);
#1848 = CARTESIAN_POINT('',(1.532460931536,-0.45,3.375));
#1849 = DIRECTION('',(0.,0.,1.));
#1850 = DIRECTION('',(1.,0.,-0.));
#1851 = CONICAL_SURFACE('',#1852,0.2,9.848735889371E-02);
#1852 = AXIS2_PLACEMENT_3D('',#1853,#1854,#1855);
#1853 = CARTESIAN_POINT('',(1.532460931536,-0.45,3.375));
#1854 = DIRECTION('',(0.,0.,1.));
#1855 = DIRECTION('',(1.,0.,-0.));
#1856 = ADVANCED_FACE('',(#1857),#1868,.T.);
#1857 = FACE_BOUND('',#1858,.T.);
#1858 = EDGE_LOOP('',(#1859,#1860,#1861,#1862));
#1859 = ORIENTED_EDGE('',*,*,#642,.T.);
#1860 = ORIENTED_EDGE('',*,*,#724,.T.);
#1861 = ORIENTED_EDGE('',*,*,#960,.T.);
#1862 = ORIENTED_EDGE('',*,*,#1863,.F.);
#1863 = EDGE_CURVE('',#643,#953,#1864,.T.);
#1864 = LINE('',#1865,#1866);
#1865 = CARTESIAN_POINT('',(1.599999999999,0.2825,3.375));
#1866 = VECTOR('',#1867,1.);
#1867 = DIRECTION('',(1.,0.,0.));
#1868 = CYLINDRICAL_SURFACE('',#1869,0.4075);
#1869 = AXIS2_PLACEMENT_3D('',#1870,#1871,#1872);
#1870 = CARTESIAN_POINT('',(1.599999999999,0.2825,3.7825));
#1871 = DIRECTION('',(1.,0.,0.));
#1872 = DIRECTION('',(0.,0.,-1.));
#1873 = ADVANCED_FACE('',(#1874),#1885,.T.);
#1874 = FACE_BOUND('',#1875,.T.);
#1875 = EDGE_LOOP('',(#1876,#1877,#1883,#1884));
#1876 = ORIENTED_EDGE('',*,*,#1786,.T.);
#1877 = ORIENTED_EDGE('',*,*,#1878,.T.);
#1878 = EDGE_CURVE('',#1779,#1451,#1879,.T.);
#1879 = LINE('',#1880,#1881);
#1880 = CARTESIAN_POINT('',(1.599999999999,0.2825,5.055));
#1881 = VECTOR('',#1882,1.);
#1882 = DIRECTION('',(1.,0.,0.));
#1883 = ORIENTED_EDGE('',*,*,#1450,.T.);
#1884 = ORIENTED_EDGE('',*,*,#821,.F.);
#1885 = CYLINDRICAL_SURFACE('',#1886,0.4075);
#1886 = AXIS2_PLACEMENT_3D('',#1887,#1888,#1889);
#1887 = CARTESIAN_POINT('',(1.599999999999,0.2825,4.6475));
#1888 = DIRECTION('',(1.,0.,0.));
#1889 = DIRECTION('',(0.,0.,-1.));
#1890 = ADVANCED_FACE('',(#1891),#1917,.T.);
#1891 = FACE_BOUND('',#1892,.T.);
#1892 = EDGE_LOOP('',(#1893,#1894,#1895,#1901,#1902,#1903,#1911));
#1893 = ORIENTED_EDGE('',*,*,#1557,.F.);
#1894 = ORIENTED_EDGE('',*,*,#928,.T.);
#1895 = ORIENTED_EDGE('',*,*,#1896,.F.);
#1896 = EDGE_CURVE('',#668,#920,#1897,.T.);
#1897 = LINE('',#1898,#1899);
#1898 = CARTESIAN_POINT('',(1.599999999999,0.2825,3.525));
#1899 = VECTOR('',#1900,1.);
#1900 = DIRECTION('',(1.,0.,0.));
#1901 = ORIENTED_EDGE('',*,*,#667,.T.);
#1902 = ORIENTED_EDGE('',*,*,#1828,.F.);
#1903 = ORIENTED_EDGE('',*,*,#1904,.F.);
#1904 = EDGE_CURVE('',#1905,#1829,#1907,.T.);
#1905 = VERTEX_POINT('',#1906);
#1906 = CARTESIAN_POINT('',(1.599999999999,-1.45,3.525));
#1907 = LINE('',#1908,#1909);
#1908 = CARTESIAN_POINT('',(1.599999999999,-0.50875,3.525));
#1909 = VECTOR('',#1910,1.);
#1910 = DIRECTION('',(0.,1.,9.612320559525E-16));
#1911 = ORIENTED_EDGE('',*,*,#1912,.T.);
#1912 = EDGE_CURVE('',#1905,#1558,#1913,.T.);
#1913 = LINE('',#1914,#1915);
#1914 = CARTESIAN_POINT('',(1.599999999999,-1.45,3.525));
#1915 = VECTOR('',#1916,1.);
#1916 = DIRECTION('',(1.,0.,0.));
#1917 = PLANE('',#1918);
#1918 = AXIS2_PLACEMENT_3D('',#1919,#1920,#1921);
#1919 = CARTESIAN_POINT('',(1.599999999999,0.2825,3.525));
#1920 = DIRECTION('',(0.,-9.612320559525E-16,1.));
#1921 = DIRECTION('',(0.,-1.,-9.612320559525E-16));
#1922 = ADVANCED_FACE('',(#1923),#1967,.F.);
#1923 = FACE_BOUND('',#1924,.F.);
#1924 = EDGE_LOOP('',(#1925,#1926,#1935,#1943,#1960,#1966));
#1925 = ORIENTED_EDGE('',*,*,#1499,.F.);
#1926 = ORIENTED_EDGE('',*,*,#1927,.T.);
#1927 = EDGE_CURVE('',#1500,#1928,#1930,.T.);
#1928 = VERTEX_POINT('',#1929);
#1929 = CARTESIAN_POINT('',(1.599999999999,-1.6,4.755));
#1930 = CIRCLE('',#1931,0.15);
#1931 = AXIS2_PLACEMENT_3D('',#1932,#1933,#1934);
#1932 = CARTESIAN_POINT('',(1.599999999999,-1.45,4.755));
#1933 = DIRECTION('',(1.,0.,0.));
#1934 = DIRECTION('',(0.,0.,-1.));
#1935 = ORIENTED_EDGE('',*,*,#1936,.T.);
#1936 = EDGE_CURVE('',#1928,#1937,#1939,.T.);
#1937 = VERTEX_POINT('',#1938);
#1938 = CARTESIAN_POINT('',(1.649999999999,-1.6,4.755));
#1939 = LINE('',#1940,#1941);
#1940 = CARTESIAN_POINT('',(1.599999999999,-1.6,4.755));
#1941 = VECTOR('',#1942,1.);
#1942 = DIRECTION('',(1.,0.,0.));
#1943 = ORIENTED_EDGE('',*,*,#1944,.F.);
#1944 = EDGE_CURVE('',#1945,#1937,#1947,.T.);
#1945 = VERTEX_POINT('',#1946);
#1946 = CARTESIAN_POINT('',(1.849999999999,-1.5,4.896421356237));
#1947 = B_SPLINE_CURVE_WITH_KNOTS('',3,(#1948,#1949,#1950,#1951,#1952,
    #1953,#1954,#1955,#1956,#1957,#1958,#1959),.UNSPECIFIED.,.F.,.F.,(4,
    2,2,2,2,4),(-2.910045345879E-02,-2.309833883854E-02,
    -1.709622421828E-02,-1.128257704284E-02,-5.641288521422E-03,0.),
  .UNSPECIFIED.);
#1948 = CARTESIAN_POINT('',(1.849999999999,-1.5,4.896421356237));
#1949 = CARTESIAN_POINT('',(1.829992951265,-1.5,4.896421356237));
#1950 = CARTESIAN_POINT('',(1.808282923077,-1.502573177541,
    4.895625653017));
#1951 = CARTESIAN_POINT('',(1.766729929341,-1.513300585869,4.89109465711
    ));
#1952 = CARTESIAN_POINT('',(1.746888737269,-1.521452115036,
    4.887336732758));
#1953 = CARTESIAN_POINT('',(1.713838155288,-1.539516290443,
    4.875821891808));
#1954 = CARTESIAN_POINT('',(1.69670044113,-1.551906244855,4.866149059813
    ));
#1955 = CARTESIAN_POINT('',(1.6736765865,-1.572129782538,4.843370534458)
  );
#1956 = CARTESIAN_POINT('',(1.664464185546,-1.582231543163,
    4.828288835169));
#1957 = CARTESIAN_POINT('',(1.652683953065,-1.596168047699,
    4.793486567685));
#1958 = CARTESIAN_POINT('',(1.649999999999,-1.6,4.773804295071));
#1959 = CARTESIAN_POINT('',(1.649999999999,-1.6,4.755));
#1960 = ORIENTED_EDGE('',*,*,#1961,.F.);
#1961 = EDGE_CURVE('',#1359,#1945,#1962,.T.);
#1962 = LINE('',#1963,#1964);
#1963 = CARTESIAN_POINT('',(1.599999999999,-1.5,4.896421356237));
#1964 = VECTOR('',#1965,1.);
#1965 = DIRECTION('',(-1.,0.,0.));
#1966 = ORIENTED_EDGE('',*,*,#1366,.T.);
#1967 = CYLINDRICAL_SURFACE('',#1968,0.15);
#1968 = AXIS2_PLACEMENT_3D('',#1969,#1970,#1971);
#1969 = CARTESIAN_POINT('',(1.599999999999,-1.45,4.755));
#1970 = DIRECTION('',(1.,0.,0.));
#1971 = DIRECTION('',(0.,0.,-1.));
#1972 = ADVANCED_FACE('',(#1973),#2010,.F.);
#1973 = FACE_BOUND('',#1974,.F.);
#1974 = EDGE_LOOP('',(#1975,#1976,#1993,#2001,#2008,#2009));
#1975 = ORIENTED_EDGE('',*,*,#1730,.F.);
#1976 = ORIENTED_EDGE('',*,*,#1977,.F.);
#1977 = EDGE_CURVE('',#1978,#1731,#1980,.T.);
#1978 = VERTEX_POINT('',#1979);
#1979 = CARTESIAN_POINT('',(1.649999999999,-1.6,3.675));
#1980 = B_SPLINE_CURVE_WITH_KNOTS('',3,(#1981,#1982,#1983,#1984,#1985,
    #1986,#1987,#1988,#1989,#1990,#1991,#1992),.UNSPECIFIED.,.F.,.F.,(4,
    2,2,2,2,4),(0.,5.641288521422E-03,1.128257704284E-02,
    1.709622421828E-02,2.309833883854E-02,2.910045345879E-02),
  .UNSPECIFIED.);
#1981 = CARTESIAN_POINT('',(1.649999999999,-1.6,3.675));
#1982 = CARTESIAN_POINT('',(1.649999999999,-1.6,3.656195704929));
#1983 = CARTESIAN_POINT('',(1.652683953065,-1.596168047699,
    3.636513432315));
#1984 = CARTESIAN_POINT('',(1.664464185546,-1.582231543163,
    3.601711164831));
#1985 = CARTESIAN_POINT('',(1.6736765865,-1.572129782538,3.586629465542)
  );
#1986 = CARTESIAN_POINT('',(1.69670044113,-1.551906244855,3.563850940187
    ));
#1987 = CARTESIAN_POINT('',(1.713838155288,-1.539516290443,
    3.554178108192));
#1988 = CARTESIAN_POINT('',(1.746888737269,-1.521452115036,
    3.542663267242));
#1989 = CARTESIAN_POINT('',(1.766729929341,-1.513300585869,3.53890534289
    ));
#1990 = CARTESIAN_POINT('',(1.808282923077,-1.502573177541,
    3.534374346983));
#1991 = CARTESIAN_POINT('',(1.829992951265,-1.5,3.533578643763));
#1992 = CARTESIAN_POINT('',(1.849999999999,-1.5,3.533578643763));
#1993 = ORIENTED_EDGE('',*,*,#1994,.F.);
#1994 = EDGE_CURVE('',#1995,#1978,#1997,.T.);
#1995 = VERTEX_POINT('',#1996);
#1996 = CARTESIAN_POINT('',(1.599999999999,-1.6,3.675));
#1997 = LINE('',#1998,#1999);
#1998 = CARTESIAN_POINT('',(1.599999999999,-1.6,3.675));
#1999 = VECTOR('',#2000,1.);
#2000 = DIRECTION('',(1.,0.,0.));
#2001 = ORIENTED_EDGE('',*,*,#2002,.T.);
#2002 = EDGE_CURVE('',#1995,#1905,#2003,.T.);
#2003 = CIRCLE('',#2004,0.15);
#2004 = AXIS2_PLACEMENT_3D('',#2005,#2006,#2007);
#2005 = CARTESIAN_POINT('',(1.599999999999,-1.45,3.675));
#2006 = DIRECTION('',(1.,0.,0.));
#2007 = DIRECTION('',(0.,0.,-1.));
#2008 = ORIENTED_EDGE('',*,*,#1912,.T.);
#2009 = ORIENTED_EDGE('',*,*,#1566,.T.);
#2010 = CYLINDRICAL_SURFACE('',#2011,0.15);
#2011 = AXIS2_PLACEMENT_3D('',#2012,#2013,#2014);
#2012 = CARTESIAN_POINT('',(1.599999999999,-1.45,3.675));
#2013 = DIRECTION('',(1.,0.,0.));
#2014 = DIRECTION('',(0.,0.,-1.));
#2015 = ADVANCED_FACE('',(#2016),#2034,.T.);
#2016 = FACE_BOUND('',#2017,.T.);
#2017 = EDGE_LOOP('',(#2018,#2019,#2020,#2026,#2027,#2028));
#2018 = ORIENTED_EDGE('',*,*,#591,.F.);
#2019 = ORIENTED_EDGE('',*,*,#684,.T.);
#2020 = ORIENTED_EDGE('',*,*,#2021,.T.);
#2021 = EDGE_CURVE('',#676,#912,#2022,.T.);
#2022 = LINE('',#2023,#2024);
#2023 = CARTESIAN_POINT('',(1.599999999999,0.2825,4.04));
#2024 = VECTOR('',#2025,1.);
#2025 = DIRECTION('',(1.,0.,0.));
#2026 = ORIENTED_EDGE('',*,*,#911,.T.);
#2027 = ORIENTED_EDGE('',*,*,#887,.F.);
#2028 = ORIENTED_EDGE('',*,*,#2029,.F.);
#2029 = EDGE_CURVE('',#594,#880,#2030,.T.);
#2030 = LINE('',#2031,#2032);
#2031 = CARTESIAN_POINT('',(1.599999999999,-0.95,4.04));
#2032 = VECTOR('',#2033,1.);
#2033 = DIRECTION('',(1.,0.,0.));
#2034 = PLANE('',#2035);
#2035 = AXIS2_PLACEMENT_3D('',#2036,#2037,#2038);
#2036 = CARTESIAN_POINT('',(1.599999999999,-0.95,4.04));
#2037 = DIRECTION('',(0.,0.,-1.));
#2038 = DIRECTION('',(0.,1.,0.));
#2039 = ADVANCED_FACE('',(#2040),#2046,.T.);
#2040 = FACE_BOUND('',#2041,.T.);
#2041 = EDGE_LOOP('',(#2042,#2043,#2044,#2045));
#2042 = ORIENTED_EDGE('',*,*,#602,.F.);
#2043 = ORIENTED_EDGE('',*,*,#2029,.T.);
#2044 = ORIENTED_EDGE('',*,*,#879,.F.);
#2045 = ORIENTED_EDGE('',*,*,#699,.F.);
#2046 = PLANE('',#2047);
#2047 = AXIS2_PLACEMENT_3D('',#2048,#2049,#2050);
#2048 = CARTESIAN_POINT('',(1.599999999999,-0.95,4.39));
#2049 = DIRECTION('',(0.,-1.,-3.965082230804E-16));
#2050 = DIRECTION('',(0.,3.965082230804E-16,-1.));
#2051 = ADVANCED_FACE('',(#2052),#2065,.T.);
#2052 = FACE_BOUND('',#2053,.T.);
#2053 = EDGE_LOOP('',(#2054,#2055,#2056,#2057,#2058,#2064));
#2054 = ORIENTED_EDGE('',*,*,#758,.F.);
#2055 = ORIENTED_EDGE('',*,*,#798,.T.);
#2056 = ORIENTED_EDGE('',*,*,#862,.F.);
#2057 = ORIENTED_EDGE('',*,*,#1484,.T.);
#2058 = ORIENTED_EDGE('',*,*,#2059,.F.);
#2059 = EDGE_CURVE('',#1755,#1476,#2060,.T.);
#2060 = LINE('',#2061,#2062);
#2061 = CARTESIAN_POINT('',(1.599999999999,0.2825,4.39));
#2062 = VECTOR('',#2063,1.);
#2063 = DIRECTION('',(1.,0.,0.));
#2064 = ORIENTED_EDGE('',*,*,#1754,.T.);
#2065 = PLANE('',#2066);
#2066 = AXIS2_PLACEMENT_3D('',#2067,#2068,#2069);
#2067 = CARTESIAN_POINT('',(1.599999999999,0.2825,4.39));
#2068 = DIRECTION('',(0.,0.,1.));
#2069 = DIRECTION('',(0.,-1.,0.));
#2070 = ADVANCED_FACE('',(#2071),#2077,.F.);
#2071 = FACE_BOUND('',#2072,.F.);
#2072 = EDGE_LOOP('',(#2073,#2074,#2075,#2076));
#2073 = ORIENTED_EDGE('',*,*,#1896,.F.);
#2074 = ORIENTED_EDGE('',*,*,#675,.F.);
#2075 = ORIENTED_EDGE('',*,*,#2021,.T.);
#2076 = ORIENTED_EDGE('',*,*,#919,.F.);
#2077 = CYLINDRICAL_SURFACE('',#2078,0.2575);
#2078 = AXIS2_PLACEMENT_3D('',#2079,#2080,#2081);
#2079 = CARTESIAN_POINT('',(1.599999999999,0.2825,3.7825));
#2080 = DIRECTION('',(1.,0.,0.));
#2081 = DIRECTION('',(0.,0.,-1.));
#2082 = ADVANCED_FACE('',(#2083),#2089,.F.);
#2083 = FACE_BOUND('',#2084,.F.);
#2084 = EDGE_LOOP('',(#2085,#2086,#2087,#2088));
#2085 = ORIENTED_EDGE('',*,*,#1532,.T.);
#2086 = ORIENTED_EDGE('',*,*,#1475,.F.);
#2087 = ORIENTED_EDGE('',*,*,#2059,.F.);
#2088 = ORIENTED_EDGE('',*,*,#1762,.F.);
#2089 = CYLINDRICAL_SURFACE('',#2090,0.2575);
#2090 = AXIS2_PLACEMENT_3D('',#2091,#2092,#2093);
#2091 = CARTESIAN_POINT('',(1.599999999999,0.2825,4.6475));
#2092 = DIRECTION('',(1.,0.,0.));
#2093 = DIRECTION('',(0.,0.,-1.));
#2094 = ADVANCED_FACE('',(#2095),#2113,.F.);
#2095 = FACE_BOUND('',#2096,.T.);
#2096 = EDGE_LOOP('',(#2097,#2098,#2106,#2112));
#2097 = ORIENTED_EDGE('',*,*,#1358,.F.);
#2098 = ORIENTED_EDGE('',*,*,#2099,.F.);
#2099 = EDGE_CURVE('',#2100,#1346,#2102,.T.);
#2100 = VERTEX_POINT('',#2101);
#2101 = CARTESIAN_POINT('',(1.849999999999,-1.5,5.050803989155));
#2102 = LINE('',#2103,#2104);
#2103 = CARTESIAN_POINT('',(1.599999999999,-1.5,5.050803989155));
#2104 = VECTOR('',#2105,1.);
#2105 = DIRECTION('',(1.,0.,0.));
#2106 = ORIENTED_EDGE('',*,*,#2107,.F.);
#2107 = EDGE_CURVE('',#1945,#2100,#2108,.T.);
#2108 = LINE('',#2109,#2110);
#2109 = CARTESIAN_POINT('',(1.849999999999,-1.5,3.375));
#2110 = VECTOR('',#2111,1.);
#2111 = DIRECTION('',(0.,0.,1.));
#2112 = ORIENTED_EDGE('',*,*,#1961,.F.);
#2113 = PLANE('',#2114);
#2114 = AXIS2_PLACEMENT_3D('',#2115,#2116,#2117);
#2115 = CARTESIAN_POINT('',(2.874999999999,-1.5,3.375));
#2116 = DIRECTION('',(2.707861035671E-16,1.,0.));
#2117 = DIRECTION('',(-1.,2.707861035671E-16,0.));
#2118 = ADVANCED_FACE('',(#2119),#2155,.F.);
#2119 = FACE_BOUND('',#2120,.F.);
#2120 = EDGE_LOOP('',(#2121,#2129,#2144,#2145,#2146,#2152,#2153,#2154));
#2121 = ORIENTED_EDGE('',*,*,#2122,.F.);
#2122 = EDGE_CURVE('',#2123,#1646,#2125,.T.);
#2123 = VERTEX_POINT('',#2124);
#2124 = CARTESIAN_POINT('',(1.599999999999,-1.75,4.755));
#2125 = LINE('',#2126,#2127);
#2126 = CARTESIAN_POINT('',(1.599999999999,-1.75,4.755));
#2127 = VECTOR('',#2128,1.);
#2128 = DIRECTION('',(0.,-2.569960705151E-16,-1.));
#2129 = ORIENTED_EDGE('',*,*,#2130,.T.);
#2130 = EDGE_CURVE('',#2123,#2100,#2131,.T.);
#2131 = B_SPLINE_CURVE_WITH_KNOTS('',3,(#2132,#2133,#2134,#2135,#2136,
    #2137,#2138,#2139,#2140,#2141,#2142,#2143),.UNSPECIFIED.,.F.,.F.,(4,
    2,2,2,2,4),(-0.107715005022,-9.520653326989E-02,-8.26980615179E-02,
    -7.224541260495E-02,-6.305145755794E-02,-5.385750251094E-02),
  .UNSPECIFIED.);
#2132 = CARTESIAN_POINT('',(1.599999999999,-1.75,4.755));
#2133 = CARTESIAN_POINT('',(1.599999999999,-1.75,4.79669490584));
#2134 = CARTESIAN_POINT('',(1.599504411,-1.740751871614,4.840754193237)
  );
#2135 = CARTESIAN_POINT('',(1.603508208137,-1.704443536749,
    4.919769192298));
#2136 = CARTESIAN_POINT('',(1.608580557484,-1.677350937465,
    4.954679937858));
#2137 = CARTESIAN_POINT('',(1.633066915023,-1.622795048349,
    5.002450181425));
#2138 = CARTESIAN_POINT('',(1.653838002591,-1.591453776038,
    5.020737129775));
#2139 = CARTESIAN_POINT('',(1.699438034097,-1.548270382014,
    5.039300502257));
#2140 = CARTESIAN_POINT('',(1.726682748502,-1.530141928266,
    5.044362732814));
#2141 = CARTESIAN_POINT('',(1.786653328147,-1.506008333436,
    5.049985713097));
#2142 = CARTESIAN_POINT('',(1.819353483176,-1.5,5.050803989155));
#2143 = CARTESIAN_POINT('',(1.849999999999,-1.5,5.050803989155));
#2144 = ORIENTED_EDGE('',*,*,#2107,.F.);
#2145 = ORIENTED_EDGE('',*,*,#1944,.T.);
#2146 = ORIENTED_EDGE('',*,*,#2147,.T.);
#2147 = EDGE_CURVE('',#1937,#1978,#2148,.T.);
#2148 = LINE('',#2149,#2150);
#2149 = CARTESIAN_POINT('',(1.649999999999,-1.6,3.375));
#2150 = VECTOR('',#2151,1.);
#2151 = DIRECTION('',(0.,0.,-1.));
#2152 = ORIENTED_EDGE('',*,*,#1977,.T.);
#2153 = ORIENTED_EDGE('',*,*,#1738,.F.);
#2154 = ORIENTED_EDGE('',*,*,#1645,.T.);
#2155 = CYLINDRICAL_SURFACE('',#2156,0.25);
#2156 = AXIS2_PLACEMENT_3D('',#2157,#2158,#2159);
#2157 = CARTESIAN_POINT('',(1.849999999999,-1.75,3.375));
#2158 = DIRECTION('',(0.,0.,1.));
#2159 = DIRECTION('',(-1.,0.,0.));
#2160 = ADVANCED_FACE('',(#2161),#2172,.T.);
#2161 = FACE_BOUND('',#2162,.T.);
#2162 = EDGE_LOOP('',(#2163,#2164,#2165,#2171));
#2163 = ORIENTED_EDGE('',*,*,#2147,.T.);
#2164 = ORIENTED_EDGE('',*,*,#1994,.F.);
#2165 = ORIENTED_EDGE('',*,*,#2166,.F.);
#2166 = EDGE_CURVE('',#1928,#1995,#2167,.T.);
#2167 = LINE('',#2168,#2169);
#2168 = CARTESIAN_POINT('',(1.599999999999,-1.6,3.945));
#2169 = VECTOR('',#2170,1.);
#2170 = DIRECTION('',(0.,-2.569960705151E-16,-1.));
#2171 = ORIENTED_EDGE('',*,*,#1936,.T.);
#2172 = PLANE('',#2173);
#2173 = AXIS2_PLACEMENT_3D('',#2174,#2175,#2176);
#2174 = CARTESIAN_POINT('',(1.599999999999,-1.6,3.675));
#2175 = DIRECTION('',(0.,1.,-2.569960705151E-16));
#2176 = DIRECTION('',(0.,2.569960705151E-16,1.));
#2177 = ADVANCED_FACE('',(#2178),#2214,.T.);
#2178 = FACE_BOUND('',#2179,.T.);
#2179 = EDGE_LOOP('',(#2180,#2181,#2182,#2183,#2184,#2192,#2200,#2208));
#2180 = ORIENTED_EDGE('',*,*,#1459,.T.);
#2181 = ORIENTED_EDGE('',*,*,#1878,.F.);
#2182 = ORIENTED_EDGE('',*,*,#1778,.T.);
#2183 = ORIENTED_EDGE('',*,*,#1803,.T.);
#2184 = ORIENTED_EDGE('',*,*,#2185,.T.);
#2185 = EDGE_CURVE('',#1804,#2186,#2188,.T.);
#2186 = VERTEX_POINT('',#2187);
#2187 = CARTESIAN_POINT('',(1.599999999999,0.75,5.055));
#2188 = LINE('',#2189,#2190);
#2189 = CARTESIAN_POINT('',(1.599999999999,-0.85,5.055));
#2190 = VECTOR('',#2191,1.);
#2191 = DIRECTION('',(0.,1.,0.));
#2192 = ORIENTED_EDGE('',*,*,#2193,.T.);
#2193 = EDGE_CURVE('',#2186,#2194,#2196,.T.);
#2194 = VERTEX_POINT('',#2195);
#2195 = CARTESIAN_POINT('',(2.874999999999,0.75,5.055));
#2196 = LINE('',#2197,#2198);
#2197 = CARTESIAN_POINT('',(1.862499999999,0.75,5.055));
#2198 = VECTOR('',#2199,1.);
#2199 = DIRECTION('',(1.,0.,0.));
#2200 = ORIENTED_EDGE('',*,*,#2201,.F.);
#2201 = EDGE_CURVE('',#2202,#2194,#2204,.T.);
#2202 = VERTEX_POINT('',#2203);
#2203 = CARTESIAN_POINT('',(2.874999999999,-0.96,5.055));
#2204 = LINE('',#2205,#2206);
#2205 = CARTESIAN_POINT('',(2.874999999999,-0.85,5.055));
#2206 = VECTOR('',#2207,1.);
#2207 = DIRECTION('',(0.,1.,0.));
#2208 = ORIENTED_EDGE('',*,*,#2209,.F.);
#2209 = EDGE_CURVE('',#1411,#2202,#2210,.T.);
#2210 = LINE('',#2211,#2212);
#2211 = CARTESIAN_POINT('',(1.862499999999,-0.96,5.055));
#2212 = VECTOR('',#2213,1.);
#2213 = DIRECTION('',(1.,0.,0.));
#2214 = PLANE('',#2215);
#2215 = AXIS2_PLACEMENT_3D('',#2216,#2217,#2218);
#2216 = CARTESIAN_POINT('',(1.524999999999,-0.85,5.055));
#2217 = DIRECTION('',(0.,0.,-1.));
#2218 = DIRECTION('',(1.,0.,0.));
#2219 = ADVANCED_FACE('',(#2220),#2244,.T.);
#2220 = FACE_BOUND('',#2221,.T.);
#2221 = EDGE_LOOP('',(#2222,#2223,#2224,#2225,#2226,#2227,#2228,#2229,
    #2237,#2243));
#2222 = ORIENTED_EDGE('',*,*,#1812,.T.);
#2223 = ORIENTED_EDGE('',*,*,#1507,.T.);
#2224 = ORIENTED_EDGE('',*,*,#1927,.T.);
#2225 = ORIENTED_EDGE('',*,*,#2166,.T.);
#2226 = ORIENTED_EDGE('',*,*,#2002,.T.);
#2227 = ORIENTED_EDGE('',*,*,#1904,.T.);
#2228 = ORIENTED_EDGE('',*,*,#1837,.T.);
#2229 = ORIENTED_EDGE('',*,*,#2230,.T.);
#2230 = EDGE_CURVE('',#1838,#2231,#2233,.T.);
#2231 = VERTEX_POINT('',#2232);
#2232 = CARTESIAN_POINT('',(1.599999999999,0.75,3.375));
#2233 = LINE('',#2234,#2235);
#2234 = CARTESIAN_POINT('',(1.599999999999,-0.85,3.375));
#2235 = VECTOR('',#2236,1.);
#2236 = DIRECTION('',(0.,1.,0.));
#2237 = ORIENTED_EDGE('',*,*,#2238,.T.);
#2238 = EDGE_CURVE('',#2231,#2186,#2239,.T.);
#2239 = LINE('',#2240,#2241);
#2240 = CARTESIAN_POINT('',(1.599999999999,0.75,4.215));
#2241 = VECTOR('',#2242,1.);
#2242 = DIRECTION('',(0.,0.,1.));
#2243 = ORIENTED_EDGE('',*,*,#2185,.F.);
#2244 = PLANE('',#2245);
#2245 = AXIS2_PLACEMENT_3D('',#2246,#2247,#2248);
#2246 = CARTESIAN_POINT('',(1.599999999999,-1.3,4.215));
#2247 = DIRECTION('',(1.,0.,0.));
#2248 = DIRECTION('',(0.,0.,-1.));
#2249 = ADVANCED_FACE('',(#2250),#2279,.T.);
#2250 = FACE_BOUND('',#2251,.T.);
#2251 = EDGE_LOOP('',(#2252,#2253,#2254,#2255,#2256,#2264,#2272,#2278));
#2252 = ORIENTED_EDGE('',*,*,#1845,.T.);
#2253 = ORIENTED_EDGE('',*,*,#651,.T.);
#2254 = ORIENTED_EDGE('',*,*,#1863,.T.);
#2255 = ORIENTED_EDGE('',*,*,#952,.T.);
#2256 = ORIENTED_EDGE('',*,*,#2257,.F.);
#2257 = EDGE_CURVE('',#2258,#945,#2260,.T.);
#2258 = VERTEX_POINT('',#2259);
#2259 = CARTESIAN_POINT('',(2.875,-0.96,3.375));
#2260 = LINE('',#2261,#2262);
#2261 = CARTESIAN_POINT('',(2.5375,-0.96,3.375));
#2262 = VECTOR('',#2263,1.);
#2263 = DIRECTION('',(-1.,0.,0.));
#2264 = ORIENTED_EDGE('',*,*,#2265,.F.);
#2265 = EDGE_CURVE('',#2266,#2258,#2268,.T.);
#2266 = VERTEX_POINT('',#2267);
#2267 = CARTESIAN_POINT('',(2.875,0.75,3.375));
#2268 = LINE('',#2269,#2270);
#2269 = CARTESIAN_POINT('',(2.875,-0.425,3.375));
#2270 = VECTOR('',#2271,1.);
#2271 = DIRECTION('',(0.,-1.,0.));
#2272 = ORIENTED_EDGE('',*,*,#2273,.T.);
#2273 = EDGE_CURVE('',#2266,#2231,#2274,.T.);
#2274 = LINE('',#2275,#2276);
#2275 = CARTESIAN_POINT('',(2.537499999999,0.75,3.375));
#2276 = VECTOR('',#2277,1.);
#2277 = DIRECTION('',(-1.,0.,0.));
#2278 = ORIENTED_EDGE('',*,*,#2230,.F.);
#2279 = PLANE('',#2280);
#2280 = AXIS2_PLACEMENT_3D('',#2281,#2282,#2283);
#2281 = CARTESIAN_POINT('',(2.875,-0.85,3.375));
#2282 = DIRECTION('',(0.,0.,1.));
#2283 = DIRECTION('',(-1.,0.,0.));
#2284 = ADVANCED_FACE('',(#2285),#2328,.T.);
#2285 = FACE_BOUND('',#2286,.T.);
#2286 = EDGE_LOOP('',(#2287,#2288,#2289,#2298,#2306,#2312,#2313,#2322));
#2287 = ORIENTED_EDGE('',*,*,#567,.F.);
#2288 = ORIENTED_EDGE('',*,*,#296,.T.);
#2289 = ORIENTED_EDGE('',*,*,#2290,.T.);
#2290 = EDGE_CURVE('',#289,#2291,#2293,.T.);
#2291 = VERTEX_POINT('',#2292);
#2292 = CARTESIAN_POINT('',(9.167539068463,0.2825,2.515));
#2293 = ELLIPSE('',#2294,0.409484348529,0.4075);
#2294 = AXIS2_PLACEMENT_3D('',#2295,#2296,#2297);
#2295 = CARTESIAN_POINT('',(9.127275167875,0.2825,2.1075));
#2296 = DIRECTION('',(0.995154030828,1.479444931281E-16,
    -9.832830175871E-02));
#2297 = DIRECTION('',(-9.832830175871E-02,-6.162975822039E-33,
    -0.995154030828));
#2298 = ORIENTED_EDGE('',*,*,#2299,.F.);
#2299 = EDGE_CURVE('',#2300,#2291,#2302,.T.);
#2300 = VERTEX_POINT('',#2301);
#2301 = CARTESIAN_POINT('',(9.167539068463,-0.450000000949,2.515));
#2302 = LINE('',#2303,#2304);
#2303 = CARTESIAN_POINT('',(9.167539068463,-0.9,2.515));
#2304 = VECTOR('',#2305,1.);
#2305 = DIRECTION('',(-1.486649187413E-16,1.,-2.324309473431E-28));
#2306 = ORIENTED_EDGE('',*,*,#2307,.T.);
#2307 = EDGE_CURVE('',#2300,#1141,#2308,.T.);
#2308 = LINE('',#2309,#2310);
#2309 = CARTESIAN_POINT('',(9.167539068463,-0.45,2.515));
#2310 = VECTOR('',#2311,1.);
#2311 = DIRECTION('',(-9.832821880591E-02,0.,-0.995154039024));
#2312 = ORIENTED_EDGE('',*,*,#1140,.T.);
#2313 = ORIENTED_EDGE('',*,*,#2314,.T.);
#2314 = EDGE_CURVE('',#1133,#2315,#2317,.T.);
#2315 = VERTEX_POINT('',#2316);
#2316 = CARTESIAN_POINT('',(9.101832334988,0.2825,1.85));
#2317 = ELLIPSE('',#2318,0.258753913488,0.2575);
#2318 = AXIS2_PLACEMENT_3D('',#2319,#2320,#2321);
#2319 = CARTESIAN_POINT('',(9.127275167875,0.2825,2.1075));
#2320 = DIRECTION('',(-0.995154030828,-1.479444931281E-16,
    9.832830175871E-02));
#2321 = DIRECTION('',(-9.832830175871E-02,-6.162975822039E-33,
    -0.995154030828));
#2322 = ORIENTED_EDGE('',*,*,#2323,.T.);
#2323 = EDGE_CURVE('',#2315,#568,#2324,.T.);
#2324 = LINE('',#2325,#2326);
#2325 = CARTESIAN_POINT('',(9.101832334988,-0.33375,1.85));
#2326 = VECTOR('',#2327,1.);
#2327 = DIRECTION('',(1.486649187413E-16,-1.,0.));
#2328 = PLANE('',#2329);
#2329 = AXIS2_PLACEMENT_3D('',#2330,#2331,#2332);
#2330 = CARTESIAN_POINT('',(9.153336710085,-0.95,2.37126178899));
#2331 = DIRECTION('',(0.995154030828,1.479444931281E-16,
    -9.832830175871E-02));
#2332 = DIRECTION('',(-9.832830175871E-02,3.903646941381E-16,
    -0.995154030828));
#2333 = ADVANCED_FACE('',(#2334),#2353,.F.);
#2334 = FACE_BOUND('',#2335,.F.);
#2335 = EDGE_LOOP('',(#2336,#2344,#2351,#2352));
#2336 = ORIENTED_EDGE('',*,*,#2337,.T.);
#2337 = EDGE_CURVE('',#1149,#2338,#2340,.T.);
#2338 = VERTEX_POINT('',#2339);
#2339 = CARTESIAN_POINT('',(9.299999999999,-0.638251093572,2.515));
#2340 = ( BOUNDED_CURVE() B_SPLINE_CURVE(2,(#2341,#2342,#2343),
.UNSPECIFIED.,.F.,.F.) B_SPLINE_CURVE_WITH_KNOTS((3,3),(0.,
1.508169790438E-02),.PIECEWISE_BEZIER_KNOTS.) CURVE() 
GEOMETRIC_REPRESENTATION_ITEM() RATIONAL_B_SPLINE_CURVE((1.,
1.000714866961,1.)) REPRESENTATION_ITEM('') );
#2341 = CARTESIAN_POINT('',(9.299999999999,-0.653927830212,2.365));
#2342 = CARTESIAN_POINT('',(9.299999999999,-0.645809406461,2.44299800724
    ));
#2343 = CARTESIAN_POINT('',(9.299999999999,-0.638251093572,2.515));
#2344 = ORIENTED_EDGE('',*,*,#2345,.T.);
#2345 = EDGE_CURVE('',#2338,#2300,#2346,.T.);
#2346 = CIRCLE('',#2347,0.2);
#2347 = AXIS2_PLACEMENT_3D('',#2348,#2349,#2350);
#2348 = CARTESIAN_POINT('',(9.367539068463,-0.45,2.514999999998));
#2349 = DIRECTION('',(1.56345524762E-12,0.,-1.));
#2350 = DIRECTION('',(-1.,0.,-1.56345524762E-12));
#2351 = ORIENTED_EDGE('',*,*,#2307,.T.);
#2352 = ORIENTED_EDGE('',*,*,#1148,.T.);
#2353 = CONICAL_SURFACE('',#2354,0.2,9.848735889371E-02);
#2354 = AXIS2_PLACEMENT_3D('',#2355,#2356,#2357);
#2355 = CARTESIAN_POINT('',(9.367539068463,-0.45,2.515));
#2356 = DIRECTION('',(0.,0.,-1.));
#2357 = DIRECTION('',(-1.,0.,0.));
#2358 = ADVANCED_FACE('',(#2359),#2378,.F.);
#2359 = FACE_BOUND('',#2360,.F.);
#2360 = EDGE_LOOP('',(#2361,#2369,#2370,#2371));
#2361 = ORIENTED_EDGE('',*,*,#2362,.T.);
#2362 = EDGE_CURVE('',#2363,#1239,#2365,.T.);
#2363 = VERTEX_POINT('',#2364);
#2364 = CARTESIAN_POINT('',(9.299999999999,-0.638251093572,0.835));
#2365 = ( BOUNDED_CURVE() B_SPLINE_CURVE(2,(#2366,#2367,#2368),
.UNSPECIFIED.,.F.,.F.) B_SPLINE_CURVE_WITH_KNOTS((3,3),(0.,
1.508169790438E-02),.PIECEWISE_BEZIER_KNOTS.) CURVE() 
GEOMETRIC_REPRESENTATION_ITEM() RATIONAL_B_SPLINE_CURVE((1.,
1.000714867006,1.)) REPRESENTATION_ITEM('') );
#2366 = CARTESIAN_POINT('',(9.299999999999,-0.638251093572,0.835));
#2367 = CARTESIAN_POINT('',(9.299999999999,-0.645809406462,0.90700199276
    ));
#2368 = CARTESIAN_POINT('',(9.299999999999,-0.653927830212,0.985));
#2369 = ORIENTED_EDGE('',*,*,#1246,.T.);
#2370 = ORIENTED_EDGE('',*,*,#534,.F.);
#2371 = ORIENTED_EDGE('',*,*,#2372,.T.);
#2372 = EDGE_CURVE('',#535,#2363,#2373,.T.);
#2373 = CIRCLE('',#2374,0.2);
#2374 = AXIS2_PLACEMENT_3D('',#2375,#2376,#2377);
#2375 = CARTESIAN_POINT('',(9.367539068463,-0.45,0.835));
#2376 = DIRECTION('',(1.562149102885E-12,0.,1.));
#2377 = DIRECTION('',(-1.,0.,1.562149102885E-12));
#2378 = CONICAL_SURFACE('',#2379,0.2,9.848735889371E-02);
#2379 = AXIS2_PLACEMENT_3D('',#2380,#2381,#2382);
#2380 = CARTESIAN_POINT('',(9.367539068463,-0.45,0.835));
#2381 = DIRECTION('',(0.,0.,1.));
#2382 = DIRECTION('',(-1.,0.,0.));
#2383 = ADVANCED_FACE('',(#2384),#2395,.T.);
#2384 = FACE_BOUND('',#2385,.T.);
#2385 = EDGE_LOOP('',(#2386,#2387,#2393,#2394));
#2386 = ORIENTED_EDGE('',*,*,#550,.F.);
#2387 = ORIENTED_EDGE('',*,*,#2388,.F.);
#2388 = EDGE_CURVE('',#372,#543,#2389,.T.);
#2389 = LINE('',#2390,#2391);
#2390 = CARTESIAN_POINT('',(9.299999999999,0.2825,0.835));
#2391 = VECTOR('',#2392,1.);
#2392 = DIRECTION('',(1.,0.,0.));
#2393 = ORIENTED_EDGE('',*,*,#371,.F.);
#2394 = ORIENTED_EDGE('',*,*,#461,.F.);
#2395 = CYLINDRICAL_SURFACE('',#2396,0.4075);
#2396 = AXIS2_PLACEMENT_3D('',#2397,#2398,#2399);
#2397 = CARTESIAN_POINT('',(9.299999999999,0.2825,1.2425));
#2398 = DIRECTION('',(1.,0.,0.));
#2399 = DIRECTION('',(0.,0.,-1.));
#2400 = ADVANCED_FACE('',(#2401),#2420,.T.);
#2401 = FACE_BOUND('',#2402,.T.);
#2402 = EDGE_LOOP('',(#2403,#2404,#2405,#2414));
#2403 = ORIENTED_EDGE('',*,*,#2290,.F.);
#2404 = ORIENTED_EDGE('',*,*,#288,.T.);
#2405 = ORIENTED_EDGE('',*,*,#2406,.F.);
#2406 = EDGE_CURVE('',#2407,#281,#2409,.T.);
#2407 = VERTEX_POINT('',#2408);
#2408 = CARTESIAN_POINT('',(8.132460931536,0.2825,2.515));
#2409 = ELLIPSE('',#2410,0.409484348529,0.4075);
#2410 = AXIS2_PLACEMENT_3D('',#2411,#2412,#2413);
#2411 = CARTESIAN_POINT('',(8.172724832123,0.2825,2.1075));
#2412 = DIRECTION('',(-0.995154030828,1.479444931281E-16,
    -9.832830175871E-02));
#2413 = DIRECTION('',(9.832830175871E-02,-6.162975822039E-33,
    -0.995154030828));
#2414 = ORIENTED_EDGE('',*,*,#2415,.T.);
#2415 = EDGE_CURVE('',#2407,#2291,#2416,.T.);
#2416 = LINE('',#2417,#2418);
#2417 = CARTESIAN_POINT('',(9.299999999999,0.2825,2.515));
#2418 = VECTOR('',#2419,1.);
#2419 = DIRECTION('',(1.,0.,0.));
#2420 = CYLINDRICAL_SURFACE('',#2421,0.4075);
#2421 = AXIS2_PLACEMENT_3D('',#2422,#2423,#2424);
#2422 = CARTESIAN_POINT('',(9.299999999999,0.2825,2.1075));
#2423 = DIRECTION('',(1.,0.,0.));
#2424 = DIRECTION('',(0.,0.,-1.));
#2425 = ADVANCED_FACE('',(#2426),#2462,.T.);
#2426 = FACE_BOUND('',#2427,.T.);
#2427 = EDGE_LOOP('',(#2428,#2429,#2437,#2444,#2445,#2446,#2454,#2460,
    #2461));
#2428 = ORIENTED_EDGE('',*,*,#234,.F.);
#2429 = ORIENTED_EDGE('',*,*,#2430,.T.);
#2430 = EDGE_CURVE('',#226,#2431,#2433,.T.);
#2431 = VERTEX_POINT('',#2432);
#2432 = CARTESIAN_POINT('',(8.19816766501,0.2825,1.85));
#2433 = LINE('',#2434,#2435);
#2434 = CARTESIAN_POINT('',(8.19816766501,-0.33375,1.85));
#2435 = VECTOR('',#2436,1.);
#2436 = DIRECTION('',(1.486649187413E-16,1.,0.));
#2437 = ORIENTED_EDGE('',*,*,#2438,.T.);
#2438 = EDGE_CURVE('',#2431,#1125,#2439,.T.);
#2439 = ELLIPSE('',#2440,0.258753913488,0.2575);
#2440 = AXIS2_PLACEMENT_3D('',#2441,#2442,#2443);
#2441 = CARTESIAN_POINT('',(8.172724832123,0.2825,2.1075));
#2442 = DIRECTION('',(0.995154030828,-1.479444931281E-16,
    9.832830175871E-02));
#2443 = DIRECTION('',(9.832830175871E-02,-6.162975822039E-33,
    -0.995154030828));
#2444 = ORIENTED_EDGE('',*,*,#1124,.T.);
#2445 = ORIENTED_EDGE('',*,*,#987,.F.);
#2446 = ORIENTED_EDGE('',*,*,#2447,.T.);
#2447 = EDGE_CURVE('',#979,#2448,#2450,.T.);
#2448 = VERTEX_POINT('',#2449);
#2449 = CARTESIAN_POINT('',(8.132460931536,-0.960000000002,2.515));
#2450 = LINE('',#2451,#2452);
#2451 = CARTESIAN_POINT('',(8.132460931536,-0.33375,2.515));
#2452 = VECTOR('',#2453,1.);
#2453 = DIRECTION('',(1.486649187413E-16,1.,0.));
#2454 = ORIENTED_EDGE('',*,*,#2455,.F.);
#2455 = EDGE_CURVE('',#2407,#2448,#2456,.T.);
#2456 = LINE('',#2457,#2458);
#2457 = CARTESIAN_POINT('',(8.132460931536,-0.9,2.514999999998));
#2458 = VECTOR('',#2459,1.);
#2459 = DIRECTION('',(-1.486649187413E-16,-1.,-2.32430947343E-28));
#2460 = ORIENTED_EDGE('',*,*,#2406,.T.);
#2461 = ORIENTED_EDGE('',*,*,#280,.T.);
#2462 = PLANE('',#2463);
#2463 = AXIS2_PLACEMENT_3D('',#2464,#2465,#2466);
#2464 = CARTESIAN_POINT('',(8.198772651511,-0.95,1.843877095968));
#2465 = DIRECTION('',(-0.995154030828,1.479444931281E-16,
    -9.832830175871E-02));
#2466 = DIRECTION('',(-9.832830175871E-02,-2.815243027792E-16,
    0.995154030828));
#2467 = ADVANCED_FACE('',(#2468),#2486,.F.);
#2468 = FACE_BOUND('',#2469,.T.);
#2469 = EDGE_LOOP('',(#2470,#2471,#2472,#2478,#2479,#2480));
#2470 = ORIENTED_EDGE('',*,*,#339,.F.);
#2471 = ORIENTED_EDGE('',*,*,#421,.F.);
#2472 = ORIENTED_EDGE('',*,*,#2473,.F.);
#2473 = EDGE_CURVE('',#510,#413,#2474,.T.);
#2474 = LINE('',#2475,#2476);
#2475 = CARTESIAN_POINT('',(9.299999999999,0.2825,1.5));
#2476 = VECTOR('',#2477,1.);
#2477 = DIRECTION('',(-1.,0.,0.));
#2478 = ORIENTED_EDGE('',*,*,#509,.F.);
#2479 = ORIENTED_EDGE('',*,*,#476,.F.);
#2480 = ORIENTED_EDGE('',*,*,#2481,.T.);
#2481 = EDGE_CURVE('',#477,#340,#2482,.T.);
#2482 = LINE('',#2483,#2484);
#2483 = CARTESIAN_POINT('',(9.299999999999,-0.95,1.5));
#2484 = VECTOR('',#2485,1.);
#2485 = DIRECTION('',(-1.,0.,0.));
#2486 = PLANE('',#2487);
#2487 = AXIS2_PLACEMENT_3D('',#2488,#2489,#2490);
#2488 = CARTESIAN_POINT('',(9.299999999999,-0.95,1.5));
#2489 = DIRECTION('',(0.,0.,1.));
#2490 = DIRECTION('',(0.,1.,0.));
#2491 = ADVANCED_FACE('',(#2492),#2498,.F.);
#2492 = FACE_BOUND('',#2493,.T.);
#2493 = EDGE_LOOP('',(#2494,#2495,#2496,#2497));
#2494 = ORIENTED_EDGE('',*,*,#348,.F.);
#2495 = ORIENTED_EDGE('',*,*,#2481,.F.);
#2496 = ORIENTED_EDGE('',*,*,#494,.F.);
#2497 = ORIENTED_EDGE('',*,*,#436,.T.);
#2498 = PLANE('',#2499);
#2499 = AXIS2_PLACEMENT_3D('',#2500,#2501,#2502);
#2500 = CARTESIAN_POINT('',(9.299999999999,-0.95,1.85));
#2501 = DIRECTION('',(0.,1.,3.965082230804E-16));
#2502 = DIRECTION('',(0.,3.965082230804E-16,-1.));
#2503 = ADVANCED_FACE('',(#2504),#2517,.F.);
#2504 = FACE_BOUND('',#2505,.T.);
#2505 = EDGE_LOOP('',(#2506,#2507,#2508,#2509,#2510,#2516));
#2506 = ORIENTED_EDGE('',*,*,#225,.F.);
#2507 = ORIENTED_EDGE('',*,*,#265,.F.);
#2508 = ORIENTED_EDGE('',*,*,#575,.F.);
#2509 = ORIENTED_EDGE('',*,*,#2323,.F.);
#2510 = ORIENTED_EDGE('',*,*,#2511,.T.);
#2511 = EDGE_CURVE('',#2315,#2431,#2512,.T.);
#2512 = LINE('',#2513,#2514);
#2513 = CARTESIAN_POINT('',(9.299999999999,0.2825,1.85));
#2514 = VECTOR('',#2515,1.);
#2515 = DIRECTION('',(-1.,0.,0.));
#2516 = ORIENTED_EDGE('',*,*,#2430,.F.);
#2517 = PLANE('',#2518);
#2518 = AXIS2_PLACEMENT_3D('',#2519,#2520,#2521);
#2519 = CARTESIAN_POINT('',(9.299999999999,0.2825,1.85));
#2520 = DIRECTION('',(0.,0.,-1.));
#2521 = DIRECTION('',(0.,-1.,0.));
#2522 = ADVANCED_FACE('',(#2523),#2529,.F.);
#2523 = FACE_BOUND('',#2524,.F.);
#2524 = EDGE_LOOP('',(#2525,#2526,#2527,#2528));
#2525 = ORIENTED_EDGE('',*,*,#2473,.F.);
#2526 = ORIENTED_EDGE('',*,*,#517,.T.);
#2527 = ORIENTED_EDGE('',*,*,#1254,.T.);
#2528 = ORIENTED_EDGE('',*,*,#412,.T.);
#2529 = CYLINDRICAL_SURFACE('',#2530,0.2575);
#2530 = AXIS2_PLACEMENT_3D('',#2531,#2532,#2533);
#2531 = CARTESIAN_POINT('',(9.299999999999,0.2825,1.2425));
#2532 = DIRECTION('',(1.,0.,0.));
#2533 = DIRECTION('',(0.,0.,-1.));
#2534 = ADVANCED_FACE('',(#2535),#2541,.F.);
#2535 = FACE_BOUND('',#2536,.F.);
#2536 = EDGE_LOOP('',(#2537,#2538,#2539,#2540));
#2537 = ORIENTED_EDGE('',*,*,#2511,.T.);
#2538 = ORIENTED_EDGE('',*,*,#2438,.T.);
#2539 = ORIENTED_EDGE('',*,*,#1132,.F.);
#2540 = ORIENTED_EDGE('',*,*,#2314,.T.);
#2541 = CYLINDRICAL_SURFACE('',#2542,0.2575);
#2542 = AXIS2_PLACEMENT_3D('',#2543,#2544,#2545);
#2543 = CARTESIAN_POINT('',(9.299999999999,0.2825,2.1075));
#2544 = DIRECTION('',(1.,0.,0.));
#2545 = DIRECTION('',(0.,0.,-1.));
#2546 = ADVANCED_FACE('',(#2547),#2599,.F.);
#2547 = FACE_BOUND('',#2548,.F.);
#2548 = EDGE_LOOP('',(#2549,#2550,#2551,#2557,#2558,#2559,#2576,#2584));
#2549 = ORIENTED_EDGE('',*,*,#1328,.T.);
#2550 = ORIENTED_EDGE('',*,*,#1287,.F.);
#2551 = ORIENTED_EDGE('',*,*,#2552,.F.);
#2552 = EDGE_CURVE('',#1075,#1280,#2553,.T.);
#2553 = LINE('',#2554,#2555);
#2554 = CARTESIAN_POINT('',(9.249999999999,-1.6,0.835));
#2555 = VECTOR('',#2556,1.);
#2556 = DIRECTION('',(0.,0.,-1.));
#2557 = ORIENTED_EDGE('',*,*,#1074,.F.);
#2558 = ORIENTED_EDGE('',*,*,#1051,.T.);
#2559 = ORIENTED_EDGE('',*,*,#2560,.F.);
#2560 = EDGE_CURVE('',#2561,#1052,#2563,.T.);
#2561 = VERTEX_POINT('',#2562);
#2562 = CARTESIAN_POINT('',(9.299999999999,-1.75,2.215));
#2563 = B_SPLINE_CURVE_WITH_KNOTS('',3,(#2564,#2565,#2566,#2567,#2568,
    #2569,#2570,#2571,#2572,#2573,#2574,#2575),.UNSPECIFIED.,.F.,.F.,(4,
    2,2,2,2,4),(-0.107715005022,-9.520653326989E-02,-8.26980615179E-02,
    -7.224541260495E-02,-6.305145755794E-02,-5.385750251094E-02),
  .UNSPECIFIED.);
#2564 = CARTESIAN_POINT('',(9.299999999999,-1.75,2.215));
#2565 = CARTESIAN_POINT('',(9.299999999999,-1.75,2.25669490584));
#2566 = CARTESIAN_POINT('',(9.300495588999,-1.740751871614,
    2.300754193237));
#2567 = CARTESIAN_POINT('',(9.296491791862,-1.704443536749,
    2.379769192298));
#2568 = CARTESIAN_POINT('',(9.291419442514,-1.677350937465,
    2.414679937858));
#2569 = CARTESIAN_POINT('',(9.266933084975,-1.622795048349,
    2.462450181425));
#2570 = CARTESIAN_POINT('',(9.246161997407,-1.591453776038,
    2.480737129775));
#2571 = CARTESIAN_POINT('',(9.200561965902,-1.548270382014,
    2.499300502257));
#2572 = CARTESIAN_POINT('',(9.173317251496,-1.530141928266,
    2.504362732814));
#2573 = CARTESIAN_POINT('',(9.113346671852,-1.506008333436,
    2.509985713097));
#2574 = CARTESIAN_POINT('',(9.080646516823,-1.5,2.510803989155));
#2575 = CARTESIAN_POINT('',(9.049999999999,-1.5,2.510803989155));
#2576 = ORIENTED_EDGE('',*,*,#2577,.F.);
#2577 = EDGE_CURVE('',#2578,#2561,#2580,.T.);
#2578 = VERTEX_POINT('',#2579);
#2579 = CARTESIAN_POINT('',(9.299999999999,-1.75,1.135));
#2580 = LINE('',#2581,#2582);
#2581 = CARTESIAN_POINT('',(9.299999999999,-1.75,1.135));
#2582 = VECTOR('',#2583,1.);
#2583 = DIRECTION('',(0.,-2.569960705151E-16,1.));
#2584 = ORIENTED_EDGE('',*,*,#2585,.F.);
#2585 = EDGE_CURVE('',#1321,#2578,#2586,.T.);
#2586 = B_SPLINE_CURVE_WITH_KNOTS('',3,(#2587,#2588,#2589,#2590,#2591,
    #2592,#2593,#2594,#2595,#2596,#2597,#2598),.UNSPECIFIED.,.F.,.F.,(4,
    2,2,2,2,4),(5.385750251094E-02,6.305145755794E-02,7.224541260495E-02
    ,8.26980615179E-02,9.520653326989E-02,0.107715005022),
  .UNSPECIFIED.);
#2587 = CARTESIAN_POINT('',(9.049999999999,-1.5,0.839196010845));
#2588 = CARTESIAN_POINT('',(9.080646516823,-1.5,0.839196010845));
#2589 = CARTESIAN_POINT('',(9.113346671852,-1.506008333436,
    0.840014286903));
#2590 = CARTESIAN_POINT('',(9.173317251496,-1.530141928266,
    0.845637267186));
#2591 = CARTESIAN_POINT('',(9.200561965902,-1.548270382014,
    0.850699497743));
#2592 = CARTESIAN_POINT('',(9.246161997407,-1.591453776038,
    0.869262870225));
#2593 = CARTESIAN_POINT('',(9.266933084975,-1.622795048349,
    0.887549818575));
#2594 = CARTESIAN_POINT('',(9.291419442514,-1.677350937465,
    0.935320062142));
#2595 = CARTESIAN_POINT('',(9.296491791862,-1.704443536749,
    0.970230807702));
#2596 = CARTESIAN_POINT('',(9.300495588999,-1.740751871614,
    1.049245806763));
#2597 = CARTESIAN_POINT('',(9.299999999999,-1.75,1.09330509416));
#2598 = CARTESIAN_POINT('',(9.299999999999,-1.75,1.135));
#2599 = CYLINDRICAL_SURFACE('',#2600,0.25);
#2600 = AXIS2_PLACEMENT_3D('',#2601,#2602,#2603);
#2601 = CARTESIAN_POINT('',(9.049999999999,-1.75,0.835));
#2602 = DIRECTION('',(0.,0.,-1.));
#2603 = DIRECTION('',(1.,0.,0.));
#2604 = ADVANCED_FACE('',(#2605),#2616,.F.);
#2605 = FACE_BOUND('',#2606,.T.);
#2606 = EDGE_LOOP('',(#2607,#2608,#2609,#2615));
#2607 = ORIENTED_EDGE('',*,*,#2552,.F.);
#2608 = ORIENTED_EDGE('',*,*,#1091,.F.);
#2609 = ORIENTED_EDGE('',*,*,#2610,.F.);
#2610 = EDGE_CURVE('',#1271,#1092,#2611,.T.);
#2611 = LINE('',#2612,#2613);
#2612 = CARTESIAN_POINT('',(9.299999999999,-1.6,1.405));
#2613 = VECTOR('',#2614,1.);
#2614 = DIRECTION('',(0.,2.569960705151E-16,1.));
#2615 = ORIENTED_EDGE('',*,*,#1279,.T.);
#2616 = PLANE('',#2617);
#2617 = AXIS2_PLACEMENT_3D('',#2618,#2619,#2620);
#2618 = CARTESIAN_POINT('',(9.299999999999,-1.6,1.135));
#2619 = DIRECTION('',(0.,-1.,2.569960705151E-16));
#2620 = DIRECTION('',(0.,2.569960705151E-16,1.));
#2621 = ADVANCED_FACE('',(#2622),#2658,.T.);
#2622 = FACE_BOUND('',#2623,.T.);
#2623 = EDGE_LOOP('',(#2624,#2625,#2626,#2627,#2628,#2636,#2644,#2652));
#2624 = ORIENTED_EDGE('',*,*,#2345,.T.);
#2625 = ORIENTED_EDGE('',*,*,#2299,.T.);
#2626 = ORIENTED_EDGE('',*,*,#2415,.F.);
#2627 = ORIENTED_EDGE('',*,*,#2455,.T.);
#2628 = ORIENTED_EDGE('',*,*,#2629,.F.);
#2629 = EDGE_CURVE('',#2630,#2448,#2632,.T.);
#2630 = VERTEX_POINT('',#2631);
#2631 = CARTESIAN_POINT('',(8.025,-0.96,2.514999999998));
#2632 = LINE('',#2633,#2634);
#2633 = CARTESIAN_POINT('',(8.362499999999,-0.96,2.514999999999));
#2634 = VECTOR('',#2635,1.);
#2635 = DIRECTION('',(1.,0.,1.56345524762E-12));
#2636 = ORIENTED_EDGE('',*,*,#2637,.F.);
#2637 = EDGE_CURVE('',#2638,#2630,#2640,.T.);
#2638 = VERTEX_POINT('',#2639);
#2639 = CARTESIAN_POINT('',(8.025,0.75,2.514999999998));
#2640 = LINE('',#2641,#2642);
#2641 = CARTESIAN_POINT('',(8.025000000001,-0.425,2.514999999998));
#2642 = VECTOR('',#2643,1.);
#2643 = DIRECTION('',(0.,-1.,0.));
#2644 = ORIENTED_EDGE('',*,*,#2645,.T.);
#2645 = EDGE_CURVE('',#2638,#2646,#2648,.T.);
#2646 = VERTEX_POINT('',#2647);
#2647 = CARTESIAN_POINT('',(9.299999999999,0.75,2.515));
#2648 = LINE('',#2649,#2650);
#2649 = CARTESIAN_POINT('',(8.362499999999,0.75,2.514999999999));
#2650 = VECTOR('',#2651,1.);
#2651 = DIRECTION('',(1.,0.,1.56345524762E-12));
#2652 = ORIENTED_EDGE('',*,*,#2653,.F.);
#2653 = EDGE_CURVE('',#2338,#2646,#2654,.T.);
#2654 = LINE('',#2655,#2656);
#2655 = CARTESIAN_POINT('',(9.299999999999,-0.85,2.515));
#2656 = VECTOR('',#2657,1.);
#2657 = DIRECTION('',(0.,1.,0.));
#2658 = PLANE('',#2659);
#2659 = AXIS2_PLACEMENT_3D('',#2660,#2661,#2662);
#2660 = CARTESIAN_POINT('',(8.025,-0.85,2.514999999998));
#2661 = DIRECTION('',(1.56345524762E-12,0.,-1.));
#2662 = DIRECTION('',(1.,0.,1.56345524762E-12));
#2663 = ADVANCED_FACE('',(#2664),#2727,.F.);
#2664 = FACE_BOUND('',#2665,.F.);
#2665 = EDGE_LOOP('',(#2666,#2676,#2693,#2701,#2710,#2718));
#2666 = ORIENTED_EDGE('',*,*,#2667,.F.);
#2667 = EDGE_CURVE('',#2668,#2670,#2672,.T.);
#2668 = VERTEX_POINT('',#2669);
#2669 = CARTESIAN_POINT('',(11.15,-1.5,0.993578643763));
#2670 = VERTEX_POINT('',#2671);
#2671 = CARTESIAN_POINT('',(12.4,-1.5,0.993578643763));
#2672 = LINE('',#2673,#2674);
#2673 = CARTESIAN_POINT('',(10.9,-1.5,0.993578643763));
#2674 = VECTOR('',#2675,1.);
#2675 = DIRECTION('',(1.,0.,0.));
#2676 = ORIENTED_EDGE('',*,*,#2677,.T.);
#2677 = EDGE_CURVE('',#2668,#2678,#2680,.T.);
#2678 = VERTEX_POINT('',#2679);
#2679 = CARTESIAN_POINT('',(10.95,-1.6,1.135));
#2680 = B_SPLINE_CURVE_WITH_KNOTS('',3,(#2681,#2682,#2683,#2684,#2685,
    #2686,#2687,#2688,#2689,#2690,#2691,#2692),.UNSPECIFIED.,.F.,.F.,(4,
    2,2,2,2,4),(0.,7.525333013538E-03,1.505066602708E-02,
    2.066307458457E-02,2.487855712672E-02,2.909403966888E-02),
  .UNSPECIFIED.);
#2681 = CARTESIAN_POINT('',(11.15,-1.5,0.993578643763));
#2682 = CARTESIAN_POINT('',(11.124915556622,-1.5,0.993578643763));
#2683 = CARTESIAN_POINT('',(11.097925782898,-1.504062727458,
    0.994747117387));
#2684 = CARTESIAN_POINT('',(11.047734139305,-1.520354323823,
    1.002264987051));
#2685 = CARTESIAN_POINT('',(11.02453505871,-1.532580256372,
    1.008639347117));
#2686 = CARTESIAN_POINT('',(10.992215743037,-1.55534811532,
    1.027477261777));
#2687 = CARTESIAN_POINT('',(10.978575067269,-1.567607421064,
    1.040424364324));
#2688 = CARTESIAN_POINT('',(10.963518252912,-1.583233128598,
    1.064966642575));
#2689 = CARTESIAN_POINT('',(10.958274874827,-1.589482760775,
    1.077906338401));
#2690 = CARTESIAN_POINT('',(10.951530909601,-1.597868418646,
    1.105900204044));
#2691 = CARTESIAN_POINT('',(10.95,-1.6,1.120948391526));
#2692 = CARTESIAN_POINT('',(10.95,-1.6,1.135));
#2693 = ORIENTED_EDGE('',*,*,#2694,.F.);
#2694 = EDGE_CURVE('',#2695,#2678,#2697,.T.);
#2695 = VERTEX_POINT('',#2696);
#2696 = CARTESIAN_POINT('',(10.9,-1.6,1.135));
#2697 = LINE('',#2698,#2699);
#2698 = CARTESIAN_POINT('',(10.9,-1.6,1.135));
#2699 = VECTOR('',#2700,1.);
#2700 = DIRECTION('',(1.,0.,0.));
#2701 = ORIENTED_EDGE('',*,*,#2702,.T.);
#2702 = EDGE_CURVE('',#2695,#2703,#2705,.T.);
#2703 = VERTEX_POINT('',#2704);
#2704 = CARTESIAN_POINT('',(10.9,-1.45,0.985));
#2705 = CIRCLE('',#2706,0.15);
#2706 = AXIS2_PLACEMENT_3D('',#2707,#2708,#2709);
#2707 = CARTESIAN_POINT('',(10.9,-1.45,1.135));
#2708 = DIRECTION('',(1.,0.,0.));
#2709 = DIRECTION('',(0.,0.,-1.));
#2710 = ORIENTED_EDGE('',*,*,#2711,.F.);
#2711 = EDGE_CURVE('',#2712,#2703,#2714,.T.);
#2712 = VERTEX_POINT('',#2713);
#2713 = CARTESIAN_POINT('',(12.565831239518,-1.45,0.985));
#2714 = LINE('',#2715,#2716);
#2715 = CARTESIAN_POINT('',(10.9,-1.45,0.985));
#2716 = VECTOR('',#2717,1.);
#2717 = DIRECTION('',(-1.,0.,0.));
#2718 = ORIENTED_EDGE('',*,*,#2719,.F.);
#2719 = EDGE_CURVE('',#2670,#2712,#2720,.T.);
#2720 = B_SPLINE_CURVE_WITH_KNOTS('',3,(#2721,#2722,#2723,#2724,#2725,
    #2726),.UNSPECIFIED.,.F.,.F.,(4,2,4),(4.30866630257E-02,
    5.314326433856E-02,5.988440427358E-02),.UNSPECIFIED.);
#2721 = CARTESIAN_POINT('',(12.4,-1.5,0.993578643763));
#2722 = CARTESIAN_POINT('',(12.433522004376,-1.5,0.993578643763));
#2723 = CARTESIAN_POINT('',(12.469294885531,-1.494045430735,
    0.991072137915));
#2724 = CARTESIAN_POINT('',(12.525102204842,-1.47371085405,
    0.986650655224));
#2725 = CARTESIAN_POINT('',(12.546497593572,-1.462824489887,0.985));
#2726 = CARTESIAN_POINT('',(12.565831239518,-1.45,0.985));
#2727 = CYLINDRICAL_SURFACE('',#2728,0.15);
#2728 = AXIS2_PLACEMENT_3D('',#2729,#2730,#2731);
#2729 = CARTESIAN_POINT('',(10.9,-1.45,1.135));
#2730 = DIRECTION('',(1.,0.,0.));
#2731 = DIRECTION('',(0.,0.,-1.));
#2732 = ADVANCED_FACE('',(#2733),#2793,.F.);
#2733 = FACE_BOUND('',#2734,.T.);
#2734 = EDGE_LOOP('',(#2735,#2745,#2753,#2762,#2770,#2778,#2786));
#2735 = ORIENTED_EDGE('',*,*,#2736,.T.);
#2736 = EDGE_CURVE('',#2737,#2739,#2741,.T.);
#2737 = VERTEX_POINT('',#2738);
#2738 = CARTESIAN_POINT('',(12.565831239518,-1.45,2.365));
#2739 = VERTEX_POINT('',#2740);
#2740 = CARTESIAN_POINT('',(10.9,-1.45,2.365));
#2741 = LINE('',#2742,#2743);
#2742 = CARTESIAN_POINT('',(10.9,-1.45,2.365));
#2743 = VECTOR('',#2744,1.);
#2744 = DIRECTION('',(-1.,0.,0.));
#2745 = ORIENTED_EDGE('',*,*,#2746,.T.);
#2746 = EDGE_CURVE('',#2739,#2747,#2749,.T.);
#2747 = VERTEX_POINT('',#2748);
#2748 = CARTESIAN_POINT('',(10.9,-0.65,2.365));
#2749 = LINE('',#2750,#2751);
#2750 = CARTESIAN_POINT('',(10.9,-0.3,2.365));
#2751 = VECTOR('',#2752,1.);
#2752 = DIRECTION('',(0.,1.,0.));
#2753 = ORIENTED_EDGE('',*,*,#2754,.F.);
#2754 = EDGE_CURVE('',#2755,#2747,#2757,.T.);
#2755 = VERTEX_POINT('',#2756);
#2756 = CARTESIAN_POINT('',(11.1,-0.45,2.365));
#2757 = CIRCLE('',#2758,0.2);
#2758 = AXIS2_PLACEMENT_3D('',#2759,#2760,#2761);
#2759 = CARTESIAN_POINT('',(10.9,-0.45,2.365));
#2760 = DIRECTION('',(0.,0.,-1.));
#2761 = DIRECTION('',(0.707106781187,-0.707106781187,0.));
#2762 = ORIENTED_EDGE('',*,*,#2763,.F.);
#2763 = EDGE_CURVE('',#2764,#2755,#2766,.T.);
#2764 = VERTEX_POINT('',#2765);
#2765 = CARTESIAN_POINT('',(11.1,-0.3,2.365));
#2766 = LINE('',#2767,#2768);
#2767 = CARTESIAN_POINT('',(11.1,-0.75,2.365));
#2768 = VECTOR('',#2769,1.);
#2769 = DIRECTION('',(0.,-1.,0.));
#2770 = ORIENTED_EDGE('',*,*,#2771,.F.);
#2771 = EDGE_CURVE('',#2772,#2764,#2774,.T.);
#2772 = VERTEX_POINT('',#2773);
#2773 = CARTESIAN_POINT('',(12.7,-0.3,2.365));
#2774 = LINE('',#2775,#2776);
#2775 = CARTESIAN_POINT('',(12.7,-0.3,2.365));
#2776 = VECTOR('',#2777,1.);
#2777 = DIRECTION('',(-1.,0.,0.));
#2778 = ORIENTED_EDGE('',*,*,#2779,.F.);
#2779 = EDGE_CURVE('',#2780,#2772,#2782,.T.);
#2780 = VERTEX_POINT('',#2781);
#2781 = CARTESIAN_POINT('',(12.7,-1.2,2.365));
#2782 = LINE('',#2783,#2784);
#2783 = CARTESIAN_POINT('',(12.7,-0.75,2.365));
#2784 = VECTOR('',#2785,1.);
#2785 = DIRECTION('',(0.,1.,0.));
#2786 = ORIENTED_EDGE('',*,*,#2787,.F.);
#2787 = EDGE_CURVE('',#2737,#2780,#2788,.T.);
#2788 = CIRCLE('',#2789,0.3);
#2789 = AXIS2_PLACEMENT_3D('',#2790,#2791,#2792);
#2790 = CARTESIAN_POINT('',(12.4,-1.2,2.365));
#2791 = DIRECTION('',(0.,0.,1.));
#2792 = DIRECTION('',(0.707106781187,-0.707106781187,0.));
#2793 = PLANE('',#2794);
#2794 = AXIS2_PLACEMENT_3D('',#2795,#2796,#2797);
#2795 = CARTESIAN_POINT('',(12.7,-1.5,2.365));
#2796 = DIRECTION('',(0.,0.,1.));
#2797 = DIRECTION('',(0.,1.,0.));
#2798 = ADVANCED_FACE('',(#2799),#2912,.T.);
#2799 = FACE_BOUND('',#2800,.T.);
#2800 = EDGE_LOOP('',(#2801,#2810,#2816,#2817,#2825,#2833,#2841,#2849,
    #2857,#2865,#2873,#2881,#2889,#2897,#2905,#2911));
#2801 = ORIENTED_EDGE('',*,*,#2802,.T.);
#2802 = EDGE_CURVE('',#2739,#2803,#2805,.T.);
#2803 = VERTEX_POINT('',#2804);
#2804 = CARTESIAN_POINT('',(10.9,-1.6,2.215));
#2805 = CIRCLE('',#2806,0.15);
#2806 = AXIS2_PLACEMENT_3D('',#2807,#2808,#2809);
#2807 = CARTESIAN_POINT('',(10.9,-1.45,2.215));
#2808 = DIRECTION('',(1.,0.,0.));
#2809 = DIRECTION('',(0.,0.,-1.));
#2810 = ORIENTED_EDGE('',*,*,#2811,.F.);
#2811 = EDGE_CURVE('',#2695,#2803,#2812,.T.);
#2812 = LINE('',#2813,#2814);
#2813 = CARTESIAN_POINT('',(10.9,-1.6,1.135));
#2814 = VECTOR('',#2815,1.);
#2815 = DIRECTION('',(0.,-7.709882115452E-16,1.));
#2816 = ORIENTED_EDGE('',*,*,#2702,.T.);
#2817 = ORIENTED_EDGE('',*,*,#2818,.F.);
#2818 = EDGE_CURVE('',#2819,#2703,#2821,.T.);
#2819 = VERTEX_POINT('',#2820);
#2820 = CARTESIAN_POINT('',(10.9,-0.65,0.985));
#2821 = LINE('',#2822,#2823);
#2822 = CARTESIAN_POINT('',(10.9,-1.5,0.985));
#2823 = VECTOR('',#2824,1.);
#2824 = DIRECTION('',(0.,-1.,0.));
#2825 = ORIENTED_EDGE('',*,*,#2826,.T.);
#2826 = EDGE_CURVE('',#2819,#2827,#2829,.T.);
#2827 = VERTEX_POINT('',#2828);
#2828 = CARTESIAN_POINT('',(10.9,-0.65,0.835));
#2829 = LINE('',#2830,#2831);
#2830 = CARTESIAN_POINT('',(10.9,-0.65,5.055));
#2831 = VECTOR('',#2832,1.);
#2832 = DIRECTION('',(0.,0.,-1.));
#2833 = ORIENTED_EDGE('',*,*,#2834,.T.);
#2834 = EDGE_CURVE('',#2827,#2835,#2837,.T.);
#2835 = VERTEX_POINT('',#2836);
#2836 = CARTESIAN_POINT('',(10.9,-1.45,0.835));
#2837 = LINE('',#2838,#2839);
#2838 = CARTESIAN_POINT('',(10.9,0.,0.835));
#2839 = VECTOR('',#2840,1.);
#2840 = DIRECTION('',(0.,-1.,0.));
#2841 = ORIENTED_EDGE('',*,*,#2842,.T.);
#2842 = EDGE_CURVE('',#2835,#2843,#2845,.T.);
#2843 = VERTEX_POINT('',#2844);
#2844 = CARTESIAN_POINT('',(10.9,-1.65,0.835));
#2845 = LINE('',#2846,#2847);
#2846 = CARTESIAN_POINT('',(10.9,0.,0.835));
#2847 = VECTOR('',#2848,1.);
#2848 = DIRECTION('',(0.,-1.,0.));
#2849 = ORIENTED_EDGE('',*,*,#2850,.F.);
#2850 = EDGE_CURVE('',#2851,#2843,#2853,.T.);
#2851 = VERTEX_POINT('',#2852);
#2852 = CARTESIAN_POINT('',(10.9,-1.65,0.));
#2853 = LINE('',#2854,#2855);
#2854 = CARTESIAN_POINT('',(10.9,-1.65,1.4725));
#2855 = VECTOR('',#2856,1.);
#2856 = DIRECTION('',(0.,0.,1.));
#2857 = ORIENTED_EDGE('',*,*,#2858,.F.);
#2858 = EDGE_CURVE('',#2859,#2851,#2861,.T.);
#2859 = VERTEX_POINT('',#2860);
#2860 = CARTESIAN_POINT('',(10.9,-5.E-02,0.));
#2861 = LINE('',#2862,#2863);
#2862 = CARTESIAN_POINT('',(10.9,0.,0.));
#2863 = VECTOR('',#2864,1.);
#2864 = DIRECTION('',(0.,-1.,0.));
#2865 = ORIENTED_EDGE('',*,*,#2866,.T.);
#2866 = EDGE_CURVE('',#2859,#2867,#2869,.T.);
#2867 = VERTEX_POINT('',#2868);
#2868 = CARTESIAN_POINT('',(10.9,-5.E-02,3.89));
#2869 = LINE('',#2870,#2871);
#2870 = CARTESIAN_POINT('',(10.9,-5.E-02,2.73));
#2871 = VECTOR('',#2872,1.);
#2872 = DIRECTION('',(0.,0.,1.));
#2873 = ORIENTED_EDGE('',*,*,#2874,.F.);
#2874 = EDGE_CURVE('',#2875,#2867,#2877,.T.);
#2875 = VERTEX_POINT('',#2876);
#2876 = CARTESIAN_POINT('',(10.9,-1.65,3.89));
#2877 = LINE('',#2878,#2879);
#2878 = CARTESIAN_POINT('',(10.9,0.,3.89));
#2879 = VECTOR('',#2880,1.);
#2880 = DIRECTION('',(0.,1.,0.));
#2881 = ORIENTED_EDGE('',*,*,#2882,.F.);
#2882 = EDGE_CURVE('',#2883,#2875,#2885,.T.);
#2883 = VERTEX_POINT('',#2884);
#2884 = CARTESIAN_POINT('',(10.9,-1.65,2.515));
#2885 = LINE('',#2886,#2887);
#2886 = CARTESIAN_POINT('',(10.9,-1.65,1.4725));
#2887 = VECTOR('',#2888,1.);
#2888 = DIRECTION('',(0.,0.,1.));
#2889 = ORIENTED_EDGE('',*,*,#2890,.F.);
#2890 = EDGE_CURVE('',#2891,#2883,#2893,.T.);
#2891 = VERTEX_POINT('',#2892);
#2892 = CARTESIAN_POINT('',(10.9,-1.45,2.515));
#2893 = LINE('',#2894,#2895);
#2894 = CARTESIAN_POINT('',(10.9,0.,2.515));
#2895 = VECTOR('',#2896,1.);
#2896 = DIRECTION('',(0.,-1.,0.));
#2897 = ORIENTED_EDGE('',*,*,#2898,.F.);
#2898 = EDGE_CURVE('',#2899,#2891,#2901,.T.);
#2899 = VERTEX_POINT('',#2900);
#2900 = CARTESIAN_POINT('',(10.9,-0.65,2.515));
#2901 = LINE('',#2902,#2903);
#2902 = CARTESIAN_POINT('',(10.9,0.,2.515));
#2903 = VECTOR('',#2904,1.);
#2904 = DIRECTION('',(0.,-1.,0.));
#2905 = ORIENTED_EDGE('',*,*,#2906,.T.);
#2906 = EDGE_CURVE('',#2899,#2747,#2907,.T.);
#2907 = LINE('',#2908,#2909);
#2908 = CARTESIAN_POINT('',(10.9,-0.65,5.055));
#2909 = VECTOR('',#2910,1.);
#2910 = DIRECTION('',(0.,0.,-1.));
#2911 = ORIENTED_EDGE('',*,*,#2746,.F.);
#2912 = PLANE('',#2913);
#2913 = AXIS2_PLACEMENT_3D('',#2914,#2915,#2916);
#2914 = CARTESIAN_POINT('',(10.9,0.,0.));
#2915 = DIRECTION('',(1.,0.,0.));
#2916 = DIRECTION('',(0.,0.,1.));
#2917 = ADVANCED_FACE('',(#2918),#2936,.F.);
#2918 = FACE_BOUND('',#2919,.T.);
#2919 = EDGE_LOOP('',(#2920,#2928,#2929,#2930));
#2920 = ORIENTED_EDGE('',*,*,#2921,.F.);
#2921 = EDGE_CURVE('',#2678,#2922,#2924,.T.);
#2922 = VERTEX_POINT('',#2923);
#2923 = CARTESIAN_POINT('',(10.95,-1.6,2.215));
#2924 = LINE('',#2925,#2926);
#2925 = CARTESIAN_POINT('',(10.95,-1.6,2.365));
#2926 = VECTOR('',#2927,1.);
#2927 = DIRECTION('',(0.,0.,1.));
#2928 = ORIENTED_EDGE('',*,*,#2694,.F.);
#2929 = ORIENTED_EDGE('',*,*,#2811,.T.);
#2930 = ORIENTED_EDGE('',*,*,#2931,.T.);
#2931 = EDGE_CURVE('',#2803,#2922,#2932,.T.);
#2932 = LINE('',#2933,#2934);
#2933 = CARTESIAN_POINT('',(10.9,-1.6,2.215));
#2934 = VECTOR('',#2935,1.);
#2935 = DIRECTION('',(1.,0.,0.));
#2936 = PLANE('',#2937);
#2937 = AXIS2_PLACEMENT_3D('',#2938,#2939,#2940);
#2938 = CARTESIAN_POINT('',(10.9,-1.6,2.215));
#2939 = DIRECTION('',(0.,-1.,-7.709882115452E-16));
#2940 = DIRECTION('',(0.,7.709882115452E-16,-1.));
#2941 = ADVANCED_FACE('',(#2942),#2981,.F.);
#2942 = FACE_BOUND('',#2943,.F.);
#2943 = EDGE_LOOP('',(#2944,#2945,#2946,#2947,#2964,#2972));
#2944 = ORIENTED_EDGE('',*,*,#2736,.T.);
#2945 = ORIENTED_EDGE('',*,*,#2802,.T.);
#2946 = ORIENTED_EDGE('',*,*,#2931,.T.);
#2947 = ORIENTED_EDGE('',*,*,#2948,.T.);
#2948 = EDGE_CURVE('',#2922,#2949,#2951,.T.);
#2949 = VERTEX_POINT('',#2950);
#2950 = CARTESIAN_POINT('',(11.15,-1.5,2.356421356237));
#2951 = B_SPLINE_CURVE_WITH_KNOTS('',3,(#2952,#2953,#2954,#2955,#2956,
    #2957,#2958,#2959,#2960,#2961,#2962,#2963),.UNSPECIFIED.,.F.,.F.,(4,
    2,2,2,2,4),(2.909403966888E-02,3.330952221103E-02,3.752500475318E-02
    ,4.313741331068E-02,5.066274632421E-02,5.818807933775E-02),
  .UNSPECIFIED.);
#2952 = CARTESIAN_POINT('',(10.95,-1.6,2.215));
#2953 = CARTESIAN_POINT('',(10.95,-1.6,2.229051608474));
#2954 = CARTESIAN_POINT('',(10.951530909601,-1.597868418646,
    2.244099795956));
#2955 = CARTESIAN_POINT('',(10.958274874827,-1.589482760775,
    2.272093661599));
#2956 = CARTESIAN_POINT('',(10.963518252912,-1.583233128598,
    2.285033357425));
#2957 = CARTESIAN_POINT('',(10.978575067269,-1.567607421064,
    2.309575635676));
#2958 = CARTESIAN_POINT('',(10.992215743037,-1.55534811532,
    2.322522738223));
#2959 = CARTESIAN_POINT('',(11.02453505871,-1.532580256372,
    2.341360652883));
#2960 = CARTESIAN_POINT('',(11.047734139305,-1.520354323823,
    2.347735012949));
#2961 = CARTESIAN_POINT('',(11.097925782898,-1.504062727458,
    2.355252882613));
#2962 = CARTESIAN_POINT('',(11.124915556622,-1.5,2.356421356237));
#2963 = CARTESIAN_POINT('',(11.15,-1.5,2.356421356237));
#2964 = ORIENTED_EDGE('',*,*,#2965,.T.);
#2965 = EDGE_CURVE('',#2949,#2966,#2968,.T.);
#2966 = VERTEX_POINT('',#2967);
#2967 = CARTESIAN_POINT('',(12.4,-1.5,2.356421356237));
#2968 = LINE('',#2969,#2970);
#2969 = CARTESIAN_POINT('',(10.9,-1.5,2.356421356237));
#2970 = VECTOR('',#2971,1.);
#2971 = DIRECTION('',(1.,0.,0.));
#2972 = ORIENTED_EDGE('',*,*,#2973,.F.);
#2973 = EDGE_CURVE('',#2737,#2966,#2974,.T.);
#2974 = B_SPLINE_CURVE_WITH_KNOTS('',3,(#2975,#2976,#2977,#2978,#2979,
    #2980),.UNSPECIFIED.,.F.,.F.,(4,2,4),(0.112462247829,0.119203387764,
    0.129259989077),.UNSPECIFIED.);
#2975 = CARTESIAN_POINT('',(12.565831239518,-1.45,2.365));
#2976 = CARTESIAN_POINT('',(12.546497593572,-1.462824489887,2.365));
#2977 = CARTESIAN_POINT('',(12.525102204842,-1.47371085405,
    2.363349344776));
#2978 = CARTESIAN_POINT('',(12.469294885531,-1.494045430735,
    2.358927862085));
#2979 = CARTESIAN_POINT('',(12.433522004376,-1.5,2.356421356237));
#2980 = CARTESIAN_POINT('',(12.4,-1.5,2.356421356237));
#2981 = CYLINDRICAL_SURFACE('',#2982,0.15);
#2982 = AXIS2_PLACEMENT_3D('',#2983,#2984,#2985);
#2983 = CARTESIAN_POINT('',(10.9,-1.45,2.215));
#2984 = DIRECTION('',(1.,0.,0.));
#2985 = DIRECTION('',(0.,0.,-1.));
#2986 = ADVANCED_FACE('',(#2987),#3048,.F.);
#2987 = FACE_BOUND('',#2988,.F.);
#2988 = EDGE_LOOP('',(#2989,#2997,#3014,#3022,#3039,#3045,#3046,#3047));
#2989 = ORIENTED_EDGE('',*,*,#2990,.T.);
#2990 = EDGE_CURVE('',#2668,#2991,#2993,.T.);
#2991 = VERTEX_POINT('',#2992);
#2992 = CARTESIAN_POINT('',(11.15,-1.5,0.839196010845));
#2993 = LINE('',#2994,#2995);
#2994 = CARTESIAN_POINT('',(11.15,-1.5,2.365));
#2995 = VECTOR('',#2996,1.);
#2996 = DIRECTION('',(0.,0.,-1.));
#2997 = ORIENTED_EDGE('',*,*,#2998,.F.);
#2998 = EDGE_CURVE('',#2999,#2991,#3001,.T.);
#2999 = VERTEX_POINT('',#3000);
#3000 = CARTESIAN_POINT('',(10.9,-1.75,1.135));
#3001 = B_SPLINE_CURVE_WITH_KNOTS('',3,(#3002,#3003,#3004,#3005,#3006,
    #3007,#3008,#3009,#3010,#3011,#3012,#3013),.UNSPECIFIED.,.F.,.F.,(4,
    2,2,2,2,4),(5.386054475151E-02,6.434177781933E-02,7.482301088715E-02
    ,8.519263998155E-02,9.645686474229E-02,0.107721089503),
  .UNSPECIFIED.);
#3002 = CARTESIAN_POINT('',(10.9,-1.75,1.135));
#3003 = CARTESIAN_POINT('',(10.9,-1.75,1.100062556441));
#3004 = CARTESIAN_POINT('',(10.899731976597,-1.743503082729,
    1.062660580705));
#3005 = CARTESIAN_POINT('',(10.901828053005,-1.717030527657,
    0.993325233719));
#3006 = CARTESIAN_POINT('',(10.904514379047,-1.697049017858,
    0.961404220695));
#3007 = CARTESIAN_POINT('',(10.918847814985,-1.651899778213,
    0.910544135653));
#3008 = CARTESIAN_POINT('',(10.933469885636,-1.621097383917,
    0.886924760631));
#3009 = CARTESIAN_POINT('',(10.974092197005,-1.569064057466,
    0.857896785465));
#3010 = CARTESIAN_POINT('',(11.003830626639,-1.543528818411,
    0.849393933122));
#3011 = CARTESIAN_POINT('',(11.073055100103,-1.509011662672,
    0.840320446142));
#3012 = CARTESIAN_POINT('',(11.112452584131,-1.5,0.839196010845));
#3013 = CARTESIAN_POINT('',(11.15,-1.5,0.839196010845));
#3014 = ORIENTED_EDGE('',*,*,#3015,.T.);
#3015 = EDGE_CURVE('',#2999,#3016,#3018,.T.);
#3016 = VERTEX_POINT('',#3017);
#3017 = CARTESIAN_POINT('',(10.9,-1.75,2.215));
#3018 = LINE('',#3019,#3020);
#3019 = CARTESIAN_POINT('',(10.9,-1.75,0.985));
#3020 = VECTOR('',#3021,1.);
#3021 = DIRECTION('',(0.,0.,1.));
#3022 = ORIENTED_EDGE('',*,*,#3023,.F.);
#3023 = EDGE_CURVE('',#3024,#3016,#3026,.T.);
#3024 = VERTEX_POINT('',#3025);
#3025 = CARTESIAN_POINT('',(11.15,-1.5,2.510803989155));
#3026 = B_SPLINE_CURVE_WITH_KNOTS('',3,(#3027,#3028,#3029,#3030,#3031,
    #3032,#3033,#3034,#3035,#3036,#3037,#3038),.UNSPECIFIED.,.F.,.F.,(4,
    2,2,2,2,4),(0.,1.126422476074E-02,2.252844952147E-02,
    3.289807861588E-02,4.337931168369E-02,5.386054475151E-02),
  .UNSPECIFIED.);
#3027 = CARTESIAN_POINT('',(11.15,-1.5,2.510803989155));
#3028 = CARTESIAN_POINT('',(11.112452584131,-1.5,2.510803989155));
#3029 = CARTESIAN_POINT('',(11.073055100103,-1.509011662672,
    2.509679553858));
#3030 = CARTESIAN_POINT('',(11.003830626639,-1.543528818411,
    2.500606066878));
#3031 = CARTESIAN_POINT('',(10.974092197005,-1.569064057466,
    2.492103214535));
#3032 = CARTESIAN_POINT('',(10.933469885636,-1.621097383917,
    2.463075239369));
#3033 = CARTESIAN_POINT('',(10.918847814985,-1.651899778213,
    2.439455864347));
#3034 = CARTESIAN_POINT('',(10.904514379047,-1.697049017858,
    2.388595779306));
#3035 = CARTESIAN_POINT('',(10.901828053005,-1.717030527657,
    2.356674766281));
#3036 = CARTESIAN_POINT('',(10.899731976597,-1.743503082729,
    2.287339419295));
#3037 = CARTESIAN_POINT('',(10.9,-1.75,2.249937443559));
#3038 = CARTESIAN_POINT('',(10.9,-1.75,2.215));
#3039 = ORIENTED_EDGE('',*,*,#3040,.T.);
#3040 = EDGE_CURVE('',#3024,#2949,#3041,.T.);
#3041 = LINE('',#3042,#3043);
#3042 = CARTESIAN_POINT('',(11.15,-1.5,2.365));
#3043 = VECTOR('',#3044,1.);
#3044 = DIRECTION('',(0.,0.,-1.));
#3045 = ORIENTED_EDGE('',*,*,#2948,.F.);
#3046 = ORIENTED_EDGE('',*,*,#2921,.F.);
#3047 = ORIENTED_EDGE('',*,*,#2677,.F.);
#3048 = CYLINDRICAL_SURFACE('',#3049,0.25);
#3049 = AXIS2_PLACEMENT_3D('',#3050,#3051,#3052);
#3050 = CARTESIAN_POINT('',(11.15,-1.75,2.365));
#3051 = DIRECTION('',(0.,0.,-1.));
#3052 = DIRECTION('',(-1.,0.,0.));
#3053 = ADVANCED_FACE('',(#3054),#3072,.F.);
#3054 = FACE_BOUND('',#3055,.T.);
#3055 = EDGE_LOOP('',(#3056,#3064,#3070,#3071));
#3056 = ORIENTED_EDGE('',*,*,#3057,.F.);
#3057 = EDGE_CURVE('',#3058,#2966,#3060,.T.);
#3058 = VERTEX_POINT('',#3059);
#3059 = CARTESIAN_POINT('',(12.4,-1.5,2.510803989155));
#3060 = LINE('',#3061,#3062);
#3061 = CARTESIAN_POINT('',(12.4,-1.5,0.985));
#3062 = VECTOR('',#3063,1.);
#3063 = DIRECTION('',(0.,0.,-1.));
#3064 = ORIENTED_EDGE('',*,*,#3065,.T.);
#3065 = EDGE_CURVE('',#3058,#3024,#3066,.T.);
#3066 = LINE('',#3067,#3068);
#3067 = CARTESIAN_POINT('',(10.9,-1.5,2.510803989155));
#3068 = VECTOR('',#3069,1.);
#3069 = DIRECTION('',(-1.,0.,0.));
#3070 = ORIENTED_EDGE('',*,*,#3040,.T.);
#3071 = ORIENTED_EDGE('',*,*,#2965,.T.);
#3072 = PLANE('',#3073);
#3073 = AXIS2_PLACEMENT_3D('',#3074,#3075,#3076);
#3074 = CARTESIAN_POINT('',(11.8,-1.5,1.675));
#3075 = DIRECTION('',(0.,1.,0.));
#3076 = DIRECTION('',(0.,-0.,1.));
#3077 = ADVANCED_FACE('',(#3078),#3096,.F.);
#3078 = FACE_BOUND('',#3079,.T.);
#3079 = EDGE_LOOP('',(#3080,#3088,#3089,#3090));
#3080 = ORIENTED_EDGE('',*,*,#3081,.F.);
#3081 = EDGE_CURVE('',#2670,#3082,#3084,.T.);
#3082 = VERTEX_POINT('',#3083);
#3083 = CARTESIAN_POINT('',(12.4,-1.5,0.839196010845));
#3084 = LINE('',#3085,#3086);
#3085 = CARTESIAN_POINT('',(12.4,-1.5,1.255));
#3086 = VECTOR('',#3087,1.);
#3087 = DIRECTION('',(0.,0.,-1.));
#3088 = ORIENTED_EDGE('',*,*,#2667,.F.);
#3089 = ORIENTED_EDGE('',*,*,#2990,.T.);
#3090 = ORIENTED_EDGE('',*,*,#3091,.T.);
#3091 = EDGE_CURVE('',#2991,#3082,#3092,.T.);
#3092 = LINE('',#3093,#3094);
#3093 = CARTESIAN_POINT('',(10.9,-1.5,0.839196010845));
#3094 = VECTOR('',#3095,1.);
#3095 = DIRECTION('',(1.,0.,0.));
#3096 = PLANE('',#3097);
#3097 = AXIS2_PLACEMENT_3D('',#3098,#3099,#3100);
#3098 = CARTESIAN_POINT('',(11.8,-1.5,1.675));
#3099 = DIRECTION('',(0.,1.,0.));
#3100 = DIRECTION('',(0.,-0.,1.));
#3101 = ADVANCED_FACE('',(#3102),#3141,.T.);
#3102 = FACE_BOUND('',#3103,.T.);
#3103 = EDGE_LOOP('',(#3104,#3115,#3124,#3132,#3139,#3140));
#3104 = ORIENTED_EDGE('',*,*,#3105,.T.);
#3105 = EDGE_CURVE('',#3082,#3106,#3108,.T.);
#3106 = VERTEX_POINT('',#3107);
#3107 = CARTESIAN_POINT('',(12.565831239518,-1.45,0.835));
#3108 = B_SPLINE_CURVE_WITH_KNOTS('',3,(#3109,#3110,#3111,#3112,#3113,
    #3114),.UNSPECIFIED.,.F.,.F.,(4,2,4),(0.134102756265,0.148549533249,
    0.151258524576),.UNSPECIFIED.);
#3109 = CARTESIAN_POINT('',(12.4,-1.5,0.839196010845));
#3110 = CARTESIAN_POINT('',(12.448155923282,-1.5,0.839196010845));
#3111 = CARTESIAN_POINT('',(12.498213840316,-1.487775456687,
    0.836461996853));
#3112 = CARTESIAN_POINT('',(12.550112732559,-1.459909006497,
    0.835131334144));
#3113 = CARTESIAN_POINT('',(12.558099119548,-1.455128908155,0.835));
#3114 = CARTESIAN_POINT('',(12.565831239518,-1.45,0.835));
#3115 = ORIENTED_EDGE('',*,*,#3116,.T.);
#3116 = EDGE_CURVE('',#3106,#3117,#3119,.T.);
#3117 = VERTEX_POINT('',#3118);
#3118 = CARTESIAN_POINT('',(12.7,-1.2,0.835));
#3119 = CIRCLE('',#3120,0.3);
#3120 = AXIS2_PLACEMENT_3D('',#3121,#3122,#3123);
#3121 = CARTESIAN_POINT('',(12.4,-1.2,0.835));
#3122 = DIRECTION('',(-2.312964634636E-16,0.,1.));
#3123 = DIRECTION('',(0.707106781187,-0.707106781187,1.635512977796E-16)
  );
#3124 = ORIENTED_EDGE('',*,*,#3125,.T.);
#3125 = EDGE_CURVE('',#3117,#3126,#3128,.T.);
#3126 = VERTEX_POINT('',#3127);
#3127 = CARTESIAN_POINT('',(12.7,-1.2,0.985));
#3128 = LINE('',#3129,#3130);
#3129 = CARTESIAN_POINT('',(12.7,-1.2,1.255));
#3130 = VECTOR('',#3131,1.);
#3131 = DIRECTION('',(0.,0.,1.));
#3132 = ORIENTED_EDGE('',*,*,#3133,.T.);
#3133 = EDGE_CURVE('',#3126,#2712,#3134,.T.);
#3134 = CIRCLE('',#3135,0.3);
#3135 = AXIS2_PLACEMENT_3D('',#3136,#3137,#3138);
#3136 = CARTESIAN_POINT('',(12.4,-1.2,0.985));
#3137 = DIRECTION('',(0.,0.,-1.));
#3138 = DIRECTION('',(0.707106781187,-0.707106781187,0.));
#3139 = ORIENTED_EDGE('',*,*,#2719,.F.);
#3140 = ORIENTED_EDGE('',*,*,#3081,.T.);
#3141 = CYLINDRICAL_SURFACE('',#3142,0.3);
#3142 = AXIS2_PLACEMENT_3D('',#3143,#3144,#3145);
#3143 = CARTESIAN_POINT('',(12.4,-1.2,1.255));
#3144 = DIRECTION('',(0.,0.,-1.));
#3145 = DIRECTION('',(0.707106781187,-0.707106781187,0.));
#3146 = ADVANCED_FACE('',(#3147),#3188,.T.);
#3147 = FACE_BOUND('',#3148,.T.);
#3148 = EDGE_LOOP('',(#3149,#3155,#3156,#3165,#3173,#3181,#3187));
#3149 = ORIENTED_EDGE('',*,*,#3150,.T.);
#3150 = EDGE_CURVE('',#3106,#2835,#3151,.T.);
#3151 = LINE('',#3152,#3153);
#3152 = CARTESIAN_POINT('',(10.9,-1.45,0.835));
#3153 = VECTOR('',#3154,1.);
#3154 = DIRECTION('',(-1.,0.,0.));
#3155 = ORIENTED_EDGE('',*,*,#2834,.F.);
#3156 = ORIENTED_EDGE('',*,*,#3157,.F.);
#3157 = EDGE_CURVE('',#3158,#2827,#3160,.T.);
#3158 = VERTEX_POINT('',#3159);
#3159 = CARTESIAN_POINT('',(11.1,-0.45,0.835));
#3160 = CIRCLE('',#3161,0.2);
#3161 = AXIS2_PLACEMENT_3D('',#3162,#3163,#3164);
#3162 = CARTESIAN_POINT('',(10.9,-0.45,0.835));
#3163 = DIRECTION('',(2.312964634636E-16,0.,-1.));
#3164 = DIRECTION('',(0.707106781187,-0.707106781187,1.635512977796E-16)
  );
#3165 = ORIENTED_EDGE('',*,*,#3166,.T.);
#3166 = EDGE_CURVE('',#3158,#3167,#3169,.T.);
#3167 = VERTEX_POINT('',#3168);
#3168 = CARTESIAN_POINT('',(11.1,-0.3,0.835));
#3169 = LINE('',#3170,#3171);
#3170 = CARTESIAN_POINT('',(11.1,-6.625612372164E-20,0.835));
#3171 = VECTOR('',#3172,1.);
#3172 = DIRECTION('',(0.,1.,0.));
#3173 = ORIENTED_EDGE('',*,*,#3174,.F.);
#3174 = EDGE_CURVE('',#3175,#3167,#3177,.T.);
#3175 = VERTEX_POINT('',#3176);
#3176 = CARTESIAN_POINT('',(12.7,-0.3,0.835));
#3177 = LINE('',#3178,#3179);
#3178 = CARTESIAN_POINT('',(8.175,-0.3,0.835));
#3179 = VECTOR('',#3180,1.);
#3180 = DIRECTION('',(-1.,0.,-2.312964634636E-16));
#3181 = ORIENTED_EDGE('',*,*,#3182,.T.);
#3182 = EDGE_CURVE('',#3175,#3117,#3183,.T.);
#3183 = LINE('',#3184,#3185);
#3184 = CARTESIAN_POINT('',(12.7,0.,0.835));
#3185 = VECTOR('',#3186,1.);
#3186 = DIRECTION('',(0.,-1.,0.));
#3187 = ORIENTED_EDGE('',*,*,#3116,.F.);
#3188 = PLANE('',#3189);
#3189 = AXIS2_PLACEMENT_3D('',#3190,#3191,#3192);
#3190 = CARTESIAN_POINT('',(10.9,0.,0.835));
#3191 = DIRECTION('',(2.312964634636E-16,0.,-1.));
#3192 = DIRECTION('',(1.,0.,2.312964634636E-16));
#3193 = ADVANCED_FACE('',(#3194),#3245,.T.);
#3194 = FACE_BOUND('',#3195,.T.);
#3195 = EDGE_LOOP('',(#3196,#3204,#3213,#3221,#3229,#3237,#3244));
#3196 = ORIENTED_EDGE('',*,*,#3197,.F.);
#3197 = EDGE_CURVE('',#3198,#2891,#3200,.T.);
#3198 = VERTEX_POINT('',#3199);
#3199 = CARTESIAN_POINT('',(12.565831239518,-1.45,2.515));
#3200 = LINE('',#3201,#3202);
#3201 = CARTESIAN_POINT('',(10.9,-1.45,2.515));
#3202 = VECTOR('',#3203,1.);
#3203 = DIRECTION('',(-1.,0.,0.));
#3204 = ORIENTED_EDGE('',*,*,#3205,.F.);
#3205 = EDGE_CURVE('',#3206,#3198,#3208,.T.);
#3206 = VERTEX_POINT('',#3207);
#3207 = CARTESIAN_POINT('',(12.7,-1.2,2.515));
#3208 = CIRCLE('',#3209,0.3);
#3209 = AXIS2_PLACEMENT_3D('',#3210,#3211,#3212);
#3210 = CARTESIAN_POINT('',(12.4,-1.2,2.515));
#3211 = DIRECTION('',(3.083952846181E-16,0.,-1.));
#3212 = DIRECTION('',(0.707106781187,-0.707106781187,2.180683970394E-16)
  );
#3213 = ORIENTED_EDGE('',*,*,#3214,.F.);
#3214 = EDGE_CURVE('',#3215,#3206,#3217,.T.);
#3215 = VERTEX_POINT('',#3216);
#3216 = CARTESIAN_POINT('',(12.7,-0.3,2.515));
#3217 = LINE('',#3218,#3219);
#3218 = CARTESIAN_POINT('',(12.7,0.,2.515));
#3219 = VECTOR('',#3220,1.);
#3220 = DIRECTION('',(0.,-1.,0.));
#3221 = ORIENTED_EDGE('',*,*,#3222,.F.);
#3222 = EDGE_CURVE('',#3223,#3215,#3225,.T.);
#3223 = VERTEX_POINT('',#3224);
#3224 = CARTESIAN_POINT('',(11.1,-0.3,2.515));
#3225 = LINE('',#3226,#3227);
#3226 = CARTESIAN_POINT('',(9.075,-0.3,2.515));
#3227 = VECTOR('',#3228,1.);
#3228 = DIRECTION('',(1.,0.,3.083952846181E-16));
#3229 = ORIENTED_EDGE('',*,*,#3230,.T.);
#3230 = EDGE_CURVE('',#3223,#3231,#3233,.T.);
#3231 = VERTEX_POINT('',#3232);
#3232 = CARTESIAN_POINT('',(11.1,-0.45,2.515));
#3233 = LINE('',#3234,#3235);
#3234 = CARTESIAN_POINT('',(11.1,-6.625612372164E-20,2.515));
#3235 = VECTOR('',#3236,1.);
#3236 = DIRECTION('',(0.,-1.,0.));
#3237 = ORIENTED_EDGE('',*,*,#3238,.F.);
#3238 = EDGE_CURVE('',#2899,#3231,#3239,.T.);
#3239 = CIRCLE('',#3240,0.2);
#3240 = AXIS2_PLACEMENT_3D('',#3241,#3242,#3243);
#3241 = CARTESIAN_POINT('',(10.9,-0.45,2.515));
#3242 = DIRECTION('',(-3.083952846181E-16,0.,1.));
#3243 = DIRECTION('',(0.707106781187,-0.707106781187,2.180683970394E-16)
  );
#3244 = ORIENTED_EDGE('',*,*,#2898,.T.);
#3245 = PLANE('',#3246);
#3246 = AXIS2_PLACEMENT_3D('',#3247,#3248,#3249);
#3247 = CARTESIAN_POINT('',(12.7,0.,2.515));
#3248 = DIRECTION('',(-3.083952846181E-16,0.,1.));
#3249 = DIRECTION('',(-1.,0.,-3.083952846181E-16));
#3250 = ADVANCED_FACE('',(#3251),#3272,.T.);
#3251 = FACE_BOUND('',#3252,.T.);
#3252 = EDGE_LOOP('',(#3253,#3262,#3263,#3264,#3265,#3271));
#3253 = ORIENTED_EDGE('',*,*,#3254,.T.);
#3254 = EDGE_CURVE('',#3198,#3058,#3255,.T.);
#3255 = B_SPLINE_CURVE_WITH_KNOTS('',3,(#3256,#3257,#3258,#3259,#3260,
    #3261),.UNSPECIFIED.,.F.,.F.,(4,2,4),(-1.715577587086E-02,
    -1.444677698452E-02,0.),.UNSPECIFIED.);
#3256 = CARTESIAN_POINT('',(12.565831239518,-1.45,2.515));
#3257 = CARTESIAN_POINT('',(12.558099128254,-1.45512890238,2.515));
#3258 = CARTESIAN_POINT('',(12.550112755428,-1.459908994217,
    2.514868666443));
#3259 = CARTESIAN_POINT('',(12.498213840316,-1.487775456687,
    2.513538003147));
#3260 = CARTESIAN_POINT('',(12.448155923282,-1.5,2.510803989155));
#3261 = CARTESIAN_POINT('',(12.4,-1.5,2.510803989155));
#3262 = ORIENTED_EDGE('',*,*,#3057,.T.);
#3263 = ORIENTED_EDGE('',*,*,#2973,.F.);
#3264 = ORIENTED_EDGE('',*,*,#2787,.T.);
#3265 = ORIENTED_EDGE('',*,*,#3266,.T.);
#3266 = EDGE_CURVE('',#2780,#3206,#3267,.T.);
#3267 = LINE('',#3268,#3269);
#3268 = CARTESIAN_POINT('',(12.7,-1.2,1.255));
#3269 = VECTOR('',#3270,1.);
#3270 = DIRECTION('',(0.,0.,1.));
#3271 = ORIENTED_EDGE('',*,*,#3205,.T.);
#3272 = CYLINDRICAL_SURFACE('',#3273,0.3);
#3273 = AXIS2_PLACEMENT_3D('',#3274,#3275,#3276);
#3274 = CARTESIAN_POINT('',(12.4,-1.2,1.255));
#3275 = DIRECTION('',(0.,0.,-1.));
#3276 = DIRECTION('',(0.707106781187,-0.707106781187,0.));
#3277 = ADVANCED_FACE('',(#3278),#3371,.F.);
#3278 = FACE_BOUND('',#3279,.T.);
#3279 = EDGE_LOOP('',(#3280,#3290,#3296,#3297,#3305,#3314,#3322,#3331,
    #3339,#3348,#3356,#3365));
#3280 = ORIENTED_EDGE('',*,*,#3281,.F.);
#3281 = EDGE_CURVE('',#3282,#3284,#3286,.T.);
#3282 = VERTEX_POINT('',#3283);
#3283 = CARTESIAN_POINT('',(9.299999999999,0.75,0.835));
#3284 = VERTEX_POINT('',#3285);
#3285 = CARTESIAN_POINT('',(8.025,0.75,0.835000000002));
#3286 = LINE('',#3287,#3288);
#3287 = CARTESIAN_POINT('',(9.037499999999,0.75,0.835));
#3288 = VECTOR('',#3289,1.);
#3289 = DIRECTION('',(-1.,0.,1.562149102885E-12));
#3290 = ORIENTED_EDGE('',*,*,#3291,.F.);
#3291 = EDGE_CURVE('',#2646,#3282,#3292,.T.);
#3292 = LINE('',#3293,#3294);
#3293 = CARTESIAN_POINT('',(9.299999999999,0.75,1.675));
#3294 = VECTOR('',#3295,1.);
#3295 = DIRECTION('',(0.,0.,-1.));
#3296 = ORIENTED_EDGE('',*,*,#2645,.F.);
#3297 = ORIENTED_EDGE('',*,*,#3298,.F.);
#3298 = EDGE_CURVE('',#3299,#2638,#3301,.T.);
#3299 = VERTEX_POINT('',#3300);
#3300 = CARTESIAN_POINT('',(8.025000000001,0.75,1.875));
#3301 = LINE('',#3302,#3303);
#3302 = CARTESIAN_POINT('',(8.024999999999,0.75,0.625));
#3303 = VECTOR('',#3304,1.);
#3304 = DIRECTION('',(0.,0.,1.));
#3305 = ORIENTED_EDGE('',*,*,#3306,.F.);
#3306 = EDGE_CURVE('',#3307,#3299,#3309,.T.);
#3307 = VERTEX_POINT('',#3308);
#3308 = CARTESIAN_POINT('',(8.175000000001,0.75,2.025));
#3309 = CIRCLE('',#3310,0.15);
#3310 = AXIS2_PLACEMENT_3D('',#3311,#3312,#3313);
#3311 = CARTESIAN_POINT('',(8.175000000001,0.75,1.875));
#3312 = DIRECTION('',(0.,-1.,0.));
#3313 = DIRECTION('',(-0.707106781187,0.,0.707106781187));
#3314 = ORIENTED_EDGE('',*,*,#3315,.F.);
#3315 = EDGE_CURVE('',#3316,#3307,#3318,.T.);
#3316 = VERTEX_POINT('',#3317);
#3317 = CARTESIAN_POINT('',(9.075000000001,0.75,2.025));
#3318 = LINE('',#3319,#3320);
#3319 = CARTESIAN_POINT('',(8.3625,0.75,2.025));
#3320 = VECTOR('',#3321,1.);
#3321 = DIRECTION('',(-1.,0.,2.312964634636E-16));
#3322 = ORIENTED_EDGE('',*,*,#3323,.F.);
#3323 = EDGE_CURVE('',#3324,#3316,#3326,.T.);
#3324 = VERTEX_POINT('',#3325);
#3325 = CARTESIAN_POINT('',(9.225000000001,0.75,1.875));
#3326 = CIRCLE('',#3327,0.15);
#3327 = AXIS2_PLACEMENT_3D('',#3328,#3329,#3330);
#3328 = CARTESIAN_POINT('',(9.075000000001,0.75,1.875));
#3329 = DIRECTION('',(0.,-1.,0.));
#3330 = DIRECTION('',(0.707106781187,0.,0.707106781187));
#3331 = ORIENTED_EDGE('',*,*,#3332,.F.);
#3332 = EDGE_CURVE('',#3333,#3324,#3335,.T.);
#3333 = VERTEX_POINT('',#3334);
#3334 = CARTESIAN_POINT('',(9.225000000001,0.75,1.475));
#3335 = LINE('',#3336,#3337);
#3336 = CARTESIAN_POINT('',(9.225000000001,0.75,1.85));
#3337 = VECTOR('',#3338,1.);
#3338 = DIRECTION('',(-1.586032892322E-15,0.,1.));
#3339 = ORIENTED_EDGE('',*,*,#3340,.F.);
#3340 = EDGE_CURVE('',#3341,#3333,#3343,.T.);
#3341 = VERTEX_POINT('',#3342);
#3342 = CARTESIAN_POINT('',(9.075000000001,0.75,1.325));
#3343 = CIRCLE('',#3344,0.15);
#3344 = AXIS2_PLACEMENT_3D('',#3345,#3346,#3347);
#3345 = CARTESIAN_POINT('',(9.075000000001,0.75,1.475));
#3346 = DIRECTION('',(0.,-1.,0.));
#3347 = DIRECTION('',(0.707106781187,0.,-0.707106781187));
#3348 = ORIENTED_EDGE('',*,*,#3349,.F.);
#3349 = EDGE_CURVE('',#3350,#3341,#3352,.T.);
#3350 = VERTEX_POINT('',#3351);
#3351 = CARTESIAN_POINT('',(8.175000000001,0.75,1.325));
#3352 = LINE('',#3353,#3354);
#3353 = CARTESIAN_POINT('',(8.9625,0.75,1.325));
#3354 = VECTOR('',#3355,1.);
#3355 = DIRECTION('',(1.,0.,-2.312964634636E-16));
#3356 = ORIENTED_EDGE('',*,*,#3357,.F.);
#3357 = EDGE_CURVE('',#3358,#3350,#3360,.T.);
#3358 = VERTEX_POINT('',#3359);
#3359 = CARTESIAN_POINT('',(8.025000000001,0.75,1.475));
#3360 = CIRCLE('',#3361,0.15);
#3361 = AXIS2_PLACEMENT_3D('',#3362,#3363,#3364);
#3362 = CARTESIAN_POINT('',(8.175000000001,0.75,1.475));
#3363 = DIRECTION('',(0.,-1.,0.));
#3364 = DIRECTION('',(-0.707106781187,-0.,-0.707106781187));
#3365 = ORIENTED_EDGE('',*,*,#3366,.F.);
#3366 = EDGE_CURVE('',#3284,#3358,#3367,.T.);
#3367 = LINE('',#3368,#3369);
#3368 = CARTESIAN_POINT('',(8.024999999999,0.75,0.625));
#3369 = VECTOR('',#3370,1.);
#3370 = DIRECTION('',(0.,0.,1.));
#3371 = PLANE('',#3372);
#3372 = AXIS2_PLACEMENT_3D('',#3373,#3374,#3375);
#3373 = CARTESIAN_POINT('',(8.699999999999,0.75,1.675));
#3374 = DIRECTION('',(0.,1.,0.));
#3375 = DIRECTION('',(0.,-0.,1.));
#3376 = ADVANCED_FACE('',(#3377),#3456,.F.);
#3377 = FACE_BOUND('',#3378,.T.);
#3378 = EDGE_LOOP('',(#3379,#3380,#3381,#3382,#3390,#3399,#3407,#3416,
    #3424,#3433,#3441,#3450));
#3379 = ORIENTED_EDGE('',*,*,#2193,.F.);
#3380 = ORIENTED_EDGE('',*,*,#2238,.F.);
#3381 = ORIENTED_EDGE('',*,*,#2273,.F.);
#3382 = ORIENTED_EDGE('',*,*,#3383,.F.);
#3383 = EDGE_CURVE('',#3384,#2266,#3386,.T.);
#3384 = VERTEX_POINT('',#3385);
#3385 = CARTESIAN_POINT('',(2.875,0.75,4.015));
#3386 = LINE('',#3387,#3388);
#3387 = CARTESIAN_POINT('',(2.874999999999,0.75,3.165));
#3388 = VECTOR('',#3389,1.);
#3389 = DIRECTION('',(0.,0.,-1.));
#3390 = ORIENTED_EDGE('',*,*,#3391,.F.);
#3391 = EDGE_CURVE('',#3392,#3384,#3394,.T.);
#3392 = VERTEX_POINT('',#3393);
#3393 = CARTESIAN_POINT('',(2.725,0.75,3.865));
#3394 = CIRCLE('',#3395,0.15);
#3395 = AXIS2_PLACEMENT_3D('',#3396,#3397,#3398);
#3396 = CARTESIAN_POINT('',(2.725,0.75,4.015));
#3397 = DIRECTION('',(0.,-1.,0.));
#3398 = DIRECTION('',(0.707106781187,0.,-0.707106781187));
#3399 = ORIENTED_EDGE('',*,*,#3400,.F.);
#3400 = EDGE_CURVE('',#3401,#3392,#3403,.T.);
#3401 = VERTEX_POINT('',#3402);
#3402 = CARTESIAN_POINT('',(1.825,0.75,3.865));
#3403 = LINE('',#3404,#3405);
#3404 = CARTESIAN_POINT('',(2.5375,0.75,3.865));
#3405 = VECTOR('',#3406,1.);
#3406 = DIRECTION('',(1.,0.,9.251858538543E-16));
#3407 = ORIENTED_EDGE('',*,*,#3408,.F.);
#3408 = EDGE_CURVE('',#3409,#3401,#3411,.T.);
#3409 = VERTEX_POINT('',#3410);
#3410 = CARTESIAN_POINT('',(1.675,0.75,4.015));
#3411 = CIRCLE('',#3412,0.15);
#3412 = AXIS2_PLACEMENT_3D('',#3413,#3414,#3415);
#3413 = CARTESIAN_POINT('',(1.825,0.75,4.015));
#3414 = DIRECTION('',(0.,-1.,0.));
#3415 = DIRECTION('',(-0.707106781187,-0.,-0.707106781187));
#3416 = ORIENTED_EDGE('',*,*,#3417,.F.);
#3417 = EDGE_CURVE('',#3418,#3409,#3420,.T.);
#3418 = VERTEX_POINT('',#3419);
#3419 = CARTESIAN_POINT('',(1.675,0.75,4.415));
#3420 = LINE('',#3421,#3422);
#3421 = CARTESIAN_POINT('',(1.675,0.75,4.04));
#3422 = VECTOR('',#3423,1.);
#3423 = DIRECTION('',(-7.930164461608E-16,0.,-1.));
#3424 = ORIENTED_EDGE('',*,*,#3425,.F.);
#3425 = EDGE_CURVE('',#3426,#3418,#3428,.T.);
#3426 = VERTEX_POINT('',#3427);
#3427 = CARTESIAN_POINT('',(1.825,0.75,4.565));
#3428 = CIRCLE('',#3429,0.15);
#3429 = AXIS2_PLACEMENT_3D('',#3430,#3431,#3432);
#3430 = CARTESIAN_POINT('',(1.825,0.75,4.415));
#3431 = DIRECTION('',(0.,-1.,0.));
#3432 = DIRECTION('',(-0.707106781187,0.,0.707106781187));
#3433 = ORIENTED_EDGE('',*,*,#3434,.F.);
#3434 = EDGE_CURVE('',#3435,#3426,#3437,.T.);
#3435 = VERTEX_POINT('',#3436);
#3436 = CARTESIAN_POINT('',(2.725,0.75,4.565));
#3437 = LINE('',#3438,#3439);
#3438 = CARTESIAN_POINT('',(1.9375,0.75,4.565));
#3439 = VECTOR('',#3440,1.);
#3440 = DIRECTION('',(-1.,0.,-4.625929269271E-16));
#3441 = ORIENTED_EDGE('',*,*,#3442,.F.);
#3442 = EDGE_CURVE('',#3443,#3435,#3445,.T.);
#3443 = VERTEX_POINT('',#3444);
#3444 = CARTESIAN_POINT('',(2.875,0.75,4.415));
#3445 = CIRCLE('',#3446,0.15);
#3446 = AXIS2_PLACEMENT_3D('',#3447,#3448,#3449);
#3447 = CARTESIAN_POINT('',(2.725,0.75,4.415));
#3448 = DIRECTION('',(0.,-1.,0.));
#3449 = DIRECTION('',(0.707106781187,0.,0.707106781187));
#3450 = ORIENTED_EDGE('',*,*,#3451,.F.);
#3451 = EDGE_CURVE('',#2194,#3443,#3452,.T.);
#3452 = LINE('',#3453,#3454);
#3453 = CARTESIAN_POINT('',(2.874999999999,0.75,3.165));
#3454 = VECTOR('',#3455,1.);
#3455 = DIRECTION('',(0.,0.,-1.));
#3456 = PLANE('',#3457);
#3457 = AXIS2_PLACEMENT_3D('',#3458,#3459,#3460);
#3458 = CARTESIAN_POINT('',(2.199999999999,0.75,4.215));
#3459 = DIRECTION('',(0.,1.,0.));
#3460 = DIRECTION('',(0.,-0.,1.));
#3461 = ADVANCED_FACE('',(#3462),#3489,.T.);
#3462 = FACE_BOUND('',#3463,.T.);
#3463 = EDGE_LOOP('',(#3464,#3465,#3471,#3472,#3480,#3486,#3487,#3488));
#3464 = ORIENTED_EDGE('',*,*,#2372,.T.);
#3465 = ORIENTED_EDGE('',*,*,#3466,.T.);
#3466 = EDGE_CURVE('',#2363,#3282,#3467,.T.);
#3467 = LINE('',#3468,#3469);
#3468 = CARTESIAN_POINT('',(9.299999999999,-0.85,0.835));
#3469 = VECTOR('',#3470,1.);
#3470 = DIRECTION('',(0.,1.,0.));
#3471 = ORIENTED_EDGE('',*,*,#3281,.T.);
#3472 = ORIENTED_EDGE('',*,*,#3473,.F.);
#3473 = EDGE_CURVE('',#3474,#3284,#3476,.T.);
#3474 = VERTEX_POINT('',#3475);
#3475 = CARTESIAN_POINT('',(8.025,-0.96,0.835000000002));
#3476 = LINE('',#3477,#3478);
#3477 = CARTESIAN_POINT('',(8.025,-0.85,0.835000000002));
#3478 = VECTOR('',#3479,1.);
#3479 = DIRECTION('',(0.,1.,0.));
#3480 = ORIENTED_EDGE('',*,*,#3481,.F.);
#3481 = EDGE_CURVE('',#381,#3474,#3482,.T.);
#3482 = LINE('',#3483,#3484);
#3483 = CARTESIAN_POINT('',(9.037499999999,-0.96,0.835));
#3484 = VECTOR('',#3485,1.);
#3485 = DIRECTION('',(-1.,0.,1.562149102885E-12));
#3486 = ORIENTED_EDGE('',*,*,#380,.T.);
#3487 = ORIENTED_EDGE('',*,*,#2388,.T.);
#3488 = ORIENTED_EDGE('',*,*,#542,.T.);
#3489 = PLANE('',#3490);
#3490 = AXIS2_PLACEMENT_3D('',#3491,#3492,#3493);
#3491 = CARTESIAN_POINT('',(9.374999999999,-0.85,0.835));
#3492 = DIRECTION('',(1.562149102885E-12,0.,1.));
#3493 = DIRECTION('',(-1.,0.,1.562149102885E-12));
#3494 = ADVANCED_FACE('',(#3495),#3528,.T.);
#3495 = FACE_BOUND('',#3496,.T.);
#3496 = EDGE_LOOP('',(#3497,#3505,#3513,#3521,#3527));
#3497 = ORIENTED_EDGE('',*,*,#3498,.F.);
#3498 = EDGE_CURVE('',#3499,#3474,#3501,.T.);
#3499 = VERTEX_POINT('',#3500);
#3500 = CARTESIAN_POINT('',(8.024999999999,-1.17,0.625));
#3501 = LINE('',#3502,#3503);
#3502 = CARTESIAN_POINT('',(8.025000000001,-0.650000000001,
    1.145000000001));
#3503 = VECTOR('',#3504,1.);
#3504 = DIRECTION('',(1.121494613346E-15,0.707106781187,0.707106781187)
  );
#3505 = ORIENTED_EDGE('',*,*,#3506,.F.);
#3506 = EDGE_CURVE('',#3507,#3499,#3509,.T.);
#3507 = VERTEX_POINT('',#3508);
#3508 = CARTESIAN_POINT('',(9.374999999999,-1.17,0.625));
#3509 = LINE('',#3510,#3511);
#3510 = CARTESIAN_POINT('',(9.206249999999,-1.17,0.625));
#3511 = VECTOR('',#3512,1.);
#3512 = DIRECTION('',(-1.,-1.562149102885E-12,0.));
#3513 = ORIENTED_EDGE('',*,*,#3514,.F.);
#3514 = EDGE_CURVE('',#3515,#3507,#3517,.T.);
#3515 = VERTEX_POINT('',#3516);
#3516 = CARTESIAN_POINT('',(9.374999999999,-0.96,0.835));
#3517 = LINE('',#3518,#3519);
#3518 = CARTESIAN_POINT('',(9.374999999999,-0.7625,1.0325));
#3519 = VECTOR('',#3520,1.);
#3520 = DIRECTION('',(0.,-0.707106781187,-0.707106781187));
#3521 = ORIENTED_EDGE('',*,*,#3522,.F.);
#3522 = EDGE_CURVE('',#381,#3515,#3523,.T.);
#3523 = LINE('',#3524,#3525);
#3524 = CARTESIAN_POINT('',(9.206249999999,-0.96,0.835));
#3525 = VECTOR('',#3526,1.);
#3526 = DIRECTION('',(1.,1.562149102885E-12,0.));
#3527 = ORIENTED_EDGE('',*,*,#3481,.T.);
#3528 = PLANE('',#3529);
#3529 = AXIS2_PLACEMENT_3D('',#3530,#3531,#3532);
#3530 = CARTESIAN_POINT('',(9.037499999999,-1.065,0.73));
#3531 = DIRECTION('',(1.104606223874E-12,-0.707106781187,0.707106781187)
  );
#3532 = DIRECTION('',(1.,-3.029225876049E-28,-1.562149102885E-12));
#3533 = ADVANCED_FACE('',(#3534),#3559,.F.);
#3534 = FACE_BOUND('',#3535,.T.);
#3535 = EDGE_LOOP('',(#3536,#3537,#3545,#3553));
#3536 = ORIENTED_EDGE('',*,*,#3506,.T.);
#3537 = ORIENTED_EDGE('',*,*,#3538,.F.);
#3538 = EDGE_CURVE('',#3539,#3499,#3541,.T.);
#3539 = VERTEX_POINT('',#3540);
#3540 = CARTESIAN_POINT('',(8.024999999999,-1.65,0.625));
#3541 = LINE('',#3542,#3543);
#3542 = CARTESIAN_POINT('',(8.024999999999,-1.85,0.625));
#3543 = VECTOR('',#3544,1.);
#3544 = DIRECTION('',(0.,1.,0.));
#3545 = ORIENTED_EDGE('',*,*,#3546,.F.);
#3546 = EDGE_CURVE('',#3547,#3539,#3549,.T.);
#3547 = VERTEX_POINT('',#3548);
#3548 = CARTESIAN_POINT('',(9.374999999999,-1.65,0.625));
#3549 = LINE('',#3550,#3551);
#3550 = CARTESIAN_POINT('',(7.4125,-1.65,0.625));
#3551 = VECTOR('',#3552,1.);
#3552 = DIRECTION('',(-1.,0.,0.));
#3553 = ORIENTED_EDGE('',*,*,#3554,.T.);
#3554 = EDGE_CURVE('',#3547,#3507,#3555,.T.);
#3555 = LINE('',#3556,#3557);
#3556 = CARTESIAN_POINT('',(9.374999999999,-1.85,0.625));
#3557 = VECTOR('',#3558,1.);
#3558 = DIRECTION('',(0.,1.,0.));
#3559 = PLANE('',#3560);
#3560 = AXIS2_PLACEMENT_3D('',#3561,#3562,#3563);
#3561 = CARTESIAN_POINT('',(9.374999999999,-1.85,0.625));
#3562 = DIRECTION('',(0.,0.,-1.));
#3563 = DIRECTION('',(-1.,0.,0.));
#3564 = ADVANCED_FACE('',(#3565),#3617,.T.);
#3565 = FACE_BOUND('',#3566,.T.);
#3566 = EDGE_LOOP('',(#3567,#3568,#3569,#3570,#3578,#3586,#3592,#3593,
    #3594,#3602,#3610,#3616));
#3567 = ORIENTED_EDGE('',*,*,#3498,.T.);
#3568 = ORIENTED_EDGE('',*,*,#3473,.T.);
#3569 = ORIENTED_EDGE('',*,*,#3366,.T.);
#3570 = ORIENTED_EDGE('',*,*,#3571,.F.);
#3571 = EDGE_CURVE('',#3572,#3358,#3574,.T.);
#3572 = VERTEX_POINT('',#3573);
#3573 = CARTESIAN_POINT('',(8.025000000001,1.,1.475));
#3574 = LINE('',#3575,#3576);
#3575 = CARTESIAN_POINT('',(8.025000000001,0.,1.475));
#3576 = VECTOR('',#3577,1.);
#3577 = DIRECTION('',(0.,-1.,0.));
#3578 = ORIENTED_EDGE('',*,*,#3579,.F.);
#3579 = EDGE_CURVE('',#3580,#3572,#3582,.T.);
#3580 = VERTEX_POINT('',#3581);
#3581 = CARTESIAN_POINT('',(8.025000000001,1.,1.875));
#3582 = LINE('',#3583,#3584);
#3583 = CARTESIAN_POINT('',(8.025000000001,1.,1.5));
#3584 = VECTOR('',#3585,1.);
#3585 = DIRECTION('',(-1.586032892322E-15,0.,-1.));
#3586 = ORIENTED_EDGE('',*,*,#3587,.F.);
#3587 = EDGE_CURVE('',#3299,#3580,#3588,.T.);
#3588 = LINE('',#3589,#3590);
#3589 = CARTESIAN_POINT('',(8.025000000001,0.,1.875));
#3590 = VECTOR('',#3591,1.);
#3591 = DIRECTION('',(0.,1.,0.));
#3592 = ORIENTED_EDGE('',*,*,#3298,.T.);
#3593 = ORIENTED_EDGE('',*,*,#2637,.T.);
#3594 = ORIENTED_EDGE('',*,*,#3595,.T.);
#3595 = EDGE_CURVE('',#2630,#3596,#3598,.T.);
#3596 = VERTEX_POINT('',#3597);
#3597 = CARTESIAN_POINT('',(8.024999999999,-1.17,2.725));
#3598 = LINE('',#3599,#3600);
#3599 = CARTESIAN_POINT('',(8.025000000001,-0.475000000001,
    2.029999999999));
#3600 = VECTOR('',#3601,1.);
#3601 = DIRECTION('',(1.121494613346E-15,-0.707106781187,0.707106781187)
  );
#3602 = ORIENTED_EDGE('',*,*,#3603,.F.);
#3603 = EDGE_CURVE('',#3604,#3596,#3606,.T.);
#3604 = VERTEX_POINT('',#3605);
#3605 = CARTESIAN_POINT('',(8.024999999999,-1.65,2.725));
#3606 = LINE('',#3607,#3608);
#3607 = CARTESIAN_POINT('',(8.024999999999,-1.85,2.725));
#3608 = VECTOR('',#3609,1.);
#3609 = DIRECTION('',(0.,1.,0.));
#3610 = ORIENTED_EDGE('',*,*,#3611,.F.);
#3611 = EDGE_CURVE('',#3539,#3604,#3612,.T.);
#3612 = LINE('',#3613,#3614);
#3613 = CARTESIAN_POINT('',(8.025000000001,-1.65,2.135));
#3614 = VECTOR('',#3615,1.);
#3615 = DIRECTION('',(1.586032892322E-15,0.,1.));
#3616 = ORIENTED_EDGE('',*,*,#3538,.T.);
#3617 = PLANE('',#3618);
#3618 = AXIS2_PLACEMENT_3D('',#3619,#3620,#3621);
#3619 = CARTESIAN_POINT('',(8.025000000001,0.,1.325));
#3620 = DIRECTION('',(1.,0.,-1.586032892322E-15));
#3621 = DIRECTION('',(1.586032892322E-15,0.,1.));
#3622 = ADVANCED_FACE('',(#3623),#3649,.T.);
#3623 = FACE_BOUND('',#3624,.T.);
#3624 = EDGE_LOOP('',(#3625,#3635,#3641,#3642,#3643));
#3625 = ORIENTED_EDGE('',*,*,#3626,.F.);
#3626 = EDGE_CURVE('',#3627,#3629,#3631,.T.);
#3627 = VERTEX_POINT('',#3628);
#3628 = CARTESIAN_POINT('',(9.374999999999,-1.17,2.725));
#3629 = VERTEX_POINT('',#3630);
#3630 = CARTESIAN_POINT('',(9.374999999999,-0.96,2.515));
#3631 = LINE('',#3632,#3633);
#3632 = CARTESIAN_POINT('',(9.374999999999,-1.2875,2.8425));
#3633 = VECTOR('',#3634,1.);
#3634 = DIRECTION('',(0.,0.707106781187,-0.707106781187));
#3635 = ORIENTED_EDGE('',*,*,#3636,.F.);
#3636 = EDGE_CURVE('',#3596,#3627,#3637,.T.);
#3637 = LINE('',#3638,#3639);
#3638 = CARTESIAN_POINT('',(8.193749999999,-1.170000000002,2.725));
#3639 = VECTOR('',#3640,1.);
#3640 = DIRECTION('',(1.,1.56345524762E-12,0.));
#3641 = ORIENTED_EDGE('',*,*,#3595,.F.);
#3642 = ORIENTED_EDGE('',*,*,#2629,.T.);
#3643 = ORIENTED_EDGE('',*,*,#3644,.T.);
#3644 = EDGE_CURVE('',#2448,#3629,#3645,.T.);
#3645 = LINE('',#3646,#3647);
#3646 = CARTESIAN_POINT('',(8.362499999999,-0.96,2.514999999999));
#3647 = VECTOR('',#3648,1.);
#3648 = DIRECTION('',(1.,0.,1.56345524762E-12));
#3649 = PLANE('',#3650);
#3650 = AXIS2_PLACEMENT_3D('',#3651,#3652,#3653);
#3651 = CARTESIAN_POINT('',(8.362499999999,-1.065,2.619999999999));
#3652 = DIRECTION('',(1.105529807674E-12,-0.707106781187,-0.707106781187
    ));
#3653 = DIRECTION('',(-1.,-4.038967834732E-27,-1.56345524762E-12));
#3654 = ADVANCED_FACE('',(#3655),#3674,.T.);
#3655 = FACE_BOUND('',#3656,.T.);
#3656 = EDGE_LOOP('',(#3657,#3658,#3659,#3660,#3668));
#3657 = ORIENTED_EDGE('',*,*,#1214,.F.);
#3658 = ORIENTED_EDGE('',*,*,#388,.F.);
#3659 = ORIENTED_EDGE('',*,*,#3522,.T.);
#3660 = ORIENTED_EDGE('',*,*,#3661,.F.);
#3661 = EDGE_CURVE('',#3662,#3515,#3664,.T.);
#3662 = VERTEX_POINT('',#3663);
#3663 = CARTESIAN_POINT('',(9.374999999999,-1.45,0.835));
#3664 = LINE('',#3665,#3666);
#3665 = CARTESIAN_POINT('',(9.374999999999,-1.35,0.835));
#3666 = VECTOR('',#3667,1.);
#3667 = DIRECTION('',(0.,1.,0.));
#3668 = ORIENTED_EDGE('',*,*,#3669,.T.);
#3669 = EDGE_CURVE('',#3662,#1173,#3670,.T.);
#3670 = LINE('',#3671,#3672);
#3671 = CARTESIAN_POINT('',(9.374999999999,-1.45,0.835));
#3672 = VECTOR('',#3673,1.);
#3673 = DIRECTION('',(-1.,0.,0.));
#3674 = PLANE('',#3675);
#3675 = AXIS2_PLACEMENT_3D('',#3676,#3677,#3678);
#3676 = CARTESIAN_POINT('',(9.374999999999,-0.85,0.835));
#3677 = DIRECTION('',(0.,0.,-1.));
#3678 = DIRECTION('',(0.,-1.,0.));
#3679 = ADVANCED_FACE('',(#3680),#3699,.T.);
#3680 = FACE_BOUND('',#3681,.T.);
#3681 = EDGE_LOOP('',(#3682,#3683,#3691,#3697,#3698));
#3682 = ORIENTED_EDGE('',*,*,#976,.F.);
#3683 = ORIENTED_EDGE('',*,*,#3684,.F.);
#3684 = EDGE_CURVE('',#3685,#977,#3687,.T.);
#3685 = VERTEX_POINT('',#3686);
#3686 = CARTESIAN_POINT('',(9.374999999999,-1.45,2.515));
#3687 = LINE('',#3688,#3689);
#3688 = CARTESIAN_POINT('',(9.374999999999,-1.45,2.515));
#3689 = VECTOR('',#3690,1.);
#3690 = DIRECTION('',(-1.,0.,0.));
#3691 = ORIENTED_EDGE('',*,*,#3692,.F.);
#3692 = EDGE_CURVE('',#3629,#3685,#3693,.T.);
#3693 = LINE('',#3694,#3695);
#3694 = CARTESIAN_POINT('',(9.374999999999,-1.65,2.515));
#3695 = VECTOR('',#3696,1.);
#3696 = DIRECTION('',(0.,-1.,0.));
#3697 = ORIENTED_EDGE('',*,*,#3644,.F.);
#3698 = ORIENTED_EDGE('',*,*,#2447,.F.);
#3699 = PLANE('',#3700);
#3700 = AXIS2_PLACEMENT_3D('',#3701,#3702,#3703);
#3701 = CARTESIAN_POINT('',(9.374999999999,-1.45,2.515));
#3702 = DIRECTION('',(0.,0.,1.));
#3703 = DIRECTION('',(0.,1.,0.));
#3704 = ADVANCED_FACE('',(#3705),#3717,.T.);
#3705 = FACE_BOUND('',#3706,.T.);
#3706 = EDGE_LOOP('',(#3707,#3708,#3709,#3710,#3711,#3712,#3713,#3714,
    #3715,#3716));
#3707 = ORIENTED_EDGE('',*,*,#2337,.T.);
#3708 = ORIENTED_EDGE('',*,*,#2653,.T.);
#3709 = ORIENTED_EDGE('',*,*,#3291,.T.);
#3710 = ORIENTED_EDGE('',*,*,#3466,.F.);
#3711 = ORIENTED_EDGE('',*,*,#2362,.T.);
#3712 = ORIENTED_EDGE('',*,*,#1238,.T.);
#3713 = ORIENTED_EDGE('',*,*,#1270,.T.);
#3714 = ORIENTED_EDGE('',*,*,#2610,.T.);
#3715 = ORIENTED_EDGE('',*,*,#1099,.T.);
#3716 = ORIENTED_EDGE('',*,*,#1157,.T.);
#3717 = PLANE('',#3718);
#3718 = AXIS2_PLACEMENT_3D('',#3719,#3720,#3721);
#3719 = CARTESIAN_POINT('',(9.299999999999,-1.3,1.675));
#3720 = DIRECTION('',(-1.,0.,0.));
#3721 = DIRECTION('',(0.,0.,1.));
#3722 = ADVANCED_FACE('',(#3723),#3742,.F.);
#3723 = FACE_BOUND('',#3724,.T.);
#3724 = EDGE_LOOP('',(#3725,#3726,#3727,#3735,#3741));
#3725 = ORIENTED_EDGE('',*,*,#3514,.T.);
#3726 = ORIENTED_EDGE('',*,*,#3554,.F.);
#3727 = ORIENTED_EDGE('',*,*,#3728,.F.);
#3728 = EDGE_CURVE('',#3729,#3547,#3731,.T.);
#3729 = VERTEX_POINT('',#3730);
#3730 = CARTESIAN_POINT('',(9.374999999999,-1.65,0.835));
#3731 = LINE('',#3732,#3733);
#3732 = CARTESIAN_POINT('',(9.374999999999,-1.65,2.835));
#3733 = VECTOR('',#3734,1.);
#3734 = DIRECTION('',(0.,0.,-1.));
#3735 = ORIENTED_EDGE('',*,*,#3736,.T.);
#3736 = EDGE_CURVE('',#3729,#3662,#3737,.T.);
#3737 = LINE('',#3738,#3739);
#3738 = CARTESIAN_POINT('',(9.374999999999,-1.85,0.835));
#3739 = VECTOR('',#3740,1.);
#3740 = DIRECTION('',(0.,1.,0.));
#3741 = ORIENTED_EDGE('',*,*,#3661,.T.);
#3742 = PLANE('',#3743);
#3743 = AXIS2_PLACEMENT_3D('',#3744,#3745,#3746);
#3744 = CARTESIAN_POINT('',(9.374999999999,-1.85,2.725));
#3745 = DIRECTION('',(1.,0.,0.));
#3746 = DIRECTION('',(0.,0.,-1.));
#3747 = ADVANCED_FACE('',(#3748),#3774,.T.);
#3748 = FACE_BOUND('',#3749,.T.);
#3749 = EDGE_LOOP('',(#3750,#3758,#3766,#3772,#3773));
#3750 = ORIENTED_EDGE('',*,*,#3751,.F.);
#3751 = EDGE_CURVE('',#3752,#2202,#3754,.T.);
#3752 = VERTEX_POINT('',#3753);
#3753 = CARTESIAN_POINT('',(2.874999999999,-1.17,5.265));
#3754 = LINE('',#3755,#3756);
#3755 = CARTESIAN_POINT('',(2.875,-0.65,4.745));
#3756 = VECTOR('',#3757,1.);
#3757 = DIRECTION('',(1.121494613346E-15,0.707106781187,-0.707106781187)
  );
#3758 = ORIENTED_EDGE('',*,*,#3759,.F.);
#3759 = EDGE_CURVE('',#3760,#3752,#3762,.T.);
#3760 = VERTEX_POINT('',#3761);
#3761 = CARTESIAN_POINT('',(1.524999999999,-1.17,5.265));
#3762 = LINE('',#3763,#3764);
#3763 = CARTESIAN_POINT('',(1.693749999999,-1.17,5.265));
#3764 = VECTOR('',#3765,1.);
#3765 = DIRECTION('',(1.,0.,0.));
#3766 = ORIENTED_EDGE('',*,*,#3767,.F.);
#3767 = EDGE_CURVE('',#1419,#3760,#3768,.T.);
#3768 = LINE('',#3769,#3770);
#3769 = CARTESIAN_POINT('',(1.524999999999,-0.7625,4.8575));
#3770 = VECTOR('',#3771,1.);
#3771 = DIRECTION('',(0.,-0.707106781187,0.707106781187));
#3772 = ORIENTED_EDGE('',*,*,#1418,.F.);
#3773 = ORIENTED_EDGE('',*,*,#2209,.T.);
#3774 = PLANE('',#3775);
#3775 = AXIS2_PLACEMENT_3D('',#3776,#3777,#3778);
#3776 = CARTESIAN_POINT('',(1.862499999999,-1.065,5.16));
#3777 = DIRECTION('',(0.,-0.707106781187,-0.707106781187));
#3778 = DIRECTION('',(-1.,-0.,0.));
#3779 = ADVANCED_FACE('',(#3780),#3806,.F.);
#3780 = FACE_BOUND('',#3781,.T.);
#3781 = EDGE_LOOP('',(#3782,#3783,#3791,#3799,#3805));
#3782 = ORIENTED_EDGE('',*,*,#3767,.T.);
#3783 = ORIENTED_EDGE('',*,*,#3784,.F.);
#3784 = EDGE_CURVE('',#3785,#3760,#3787,.T.);
#3785 = VERTEX_POINT('',#3786);
#3786 = CARTESIAN_POINT('',(1.524999999999,-1.65,5.265));
#3787 = LINE('',#3788,#3789);
#3788 = CARTESIAN_POINT('',(1.524999999999,-1.85,5.265));
#3789 = VECTOR('',#3790,1.);
#3790 = DIRECTION('',(0.,1.,0.));
#3791 = ORIENTED_EDGE('',*,*,#3792,.F.);
#3792 = EDGE_CURVE('',#3793,#3785,#3795,.T.);
#3793 = VERTEX_POINT('',#3794);
#3794 = CARTESIAN_POINT('',(1.524999999999,-1.65,5.055));
#3795 = LINE('',#3796,#3797);
#3796 = CARTESIAN_POINT('',(1.524999999999,-1.65,3.055));
#3797 = VECTOR('',#3798,1.);
#3798 = DIRECTION('',(0.,0.,1.));
#3799 = ORIENTED_EDGE('',*,*,#3800,.T.);
#3800 = EDGE_CURVE('',#3793,#1427,#3801,.T.);
#3801 = LINE('',#3802,#3803);
#3802 = CARTESIAN_POINT('',(1.524999999999,-1.85,5.055));
#3803 = VECTOR('',#3804,1.);
#3804 = DIRECTION('',(0.,1.,0.));
#3805 = ORIENTED_EDGE('',*,*,#1426,.T.);
#3806 = PLANE('',#3807);
#3807 = AXIS2_PLACEMENT_3D('',#3808,#3809,#3810);
#3808 = CARTESIAN_POINT('',(1.524999999999,-1.85,3.165));
#3809 = DIRECTION('',(-1.,0.,0.));
#3810 = DIRECTION('',(0.,0.,1.));
#3811 = ADVANCED_FACE('',(#3812),#3830,.F.);
#3812 = FACE_BOUND('',#3813,.T.);
#3813 = EDGE_LOOP('',(#3814,#3815,#3823,#3829));
#3814 = ORIENTED_EDGE('',*,*,#3759,.T.);
#3815 = ORIENTED_EDGE('',*,*,#3816,.F.);
#3816 = EDGE_CURVE('',#3817,#3752,#3819,.T.);
#3817 = VERTEX_POINT('',#3818);
#3818 = CARTESIAN_POINT('',(2.874999999999,-1.65,5.265));
#3819 = LINE('',#3820,#3821);
#3820 = CARTESIAN_POINT('',(2.874999999999,-1.85,5.265));
#3821 = VECTOR('',#3822,1.);
#3822 = DIRECTION('',(0.,1.,0.));
#3823 = ORIENTED_EDGE('',*,*,#3824,.F.);
#3824 = EDGE_CURVE('',#3785,#3817,#3825,.T.);
#3825 = LINE('',#3826,#3827);
#3826 = CARTESIAN_POINT('',(3.4875,-1.65,5.265));
#3827 = VECTOR('',#3828,1.);
#3828 = DIRECTION('',(1.,0.,0.));
#3829 = ORIENTED_EDGE('',*,*,#3784,.T.);
#3830 = PLANE('',#3831);
#3831 = AXIS2_PLACEMENT_3D('',#3832,#3833,#3834);
#3832 = CARTESIAN_POINT('',(1.524999999999,-1.85,5.265));
#3833 = DIRECTION('',(0.,0.,1.));
#3834 = DIRECTION('',(1.,0.,-0.));
#3835 = ADVANCED_FACE('',(#3836),#3888,.T.);
#3836 = FACE_BOUND('',#3837,.T.);
#3837 = EDGE_LOOP('',(#3838,#3839,#3840,#3841,#3849,#3857,#3863,#3864,
    #3865,#3873,#3881,#3887));
#3838 = ORIENTED_EDGE('',*,*,#3751,.T.);
#3839 = ORIENTED_EDGE('',*,*,#2201,.T.);
#3840 = ORIENTED_EDGE('',*,*,#3451,.T.);
#3841 = ORIENTED_EDGE('',*,*,#3842,.F.);
#3842 = EDGE_CURVE('',#3843,#3443,#3845,.T.);
#3843 = VERTEX_POINT('',#3844);
#3844 = CARTESIAN_POINT('',(2.875,1.,4.415));
#3845 = LINE('',#3846,#3847);
#3846 = CARTESIAN_POINT('',(2.875,0.,4.415));
#3847 = VECTOR('',#3848,1.);
#3848 = DIRECTION('',(0.,-1.,0.));
#3849 = ORIENTED_EDGE('',*,*,#3850,.F.);
#3850 = EDGE_CURVE('',#3851,#3843,#3853,.T.);
#3851 = VERTEX_POINT('',#3852);
#3852 = CARTESIAN_POINT('',(2.875,1.,4.015));
#3853 = LINE('',#3854,#3855);
#3854 = CARTESIAN_POINT('',(2.875,1.,4.39));
#3855 = VECTOR('',#3856,1.);
#3856 = DIRECTION('',(-1.586032892322E-15,0.,1.));
#3857 = ORIENTED_EDGE('',*,*,#3858,.F.);
#3858 = EDGE_CURVE('',#3384,#3851,#3859,.T.);
#3859 = LINE('',#3860,#3861);
#3860 = CARTESIAN_POINT('',(2.875,0.,4.015));
#3861 = VECTOR('',#3862,1.);
#3862 = DIRECTION('',(0.,1.,0.));
#3863 = ORIENTED_EDGE('',*,*,#3383,.T.);
#3864 = ORIENTED_EDGE('',*,*,#2265,.T.);
#3865 = ORIENTED_EDGE('',*,*,#3866,.T.);
#3866 = EDGE_CURVE('',#2258,#3867,#3869,.T.);
#3867 = VERTEX_POINT('',#3868);
#3868 = CARTESIAN_POINT('',(2.874999999999,-1.17,3.165));
#3869 = LINE('',#3870,#3871);
#3870 = CARTESIAN_POINT('',(2.875,-0.475,3.86));
#3871 = VECTOR('',#3872,1.);
#3872 = DIRECTION('',(1.121494613346E-15,-0.707106781187,-0.707106781187
    ));
#3873 = ORIENTED_EDGE('',*,*,#3874,.F.);
#3874 = EDGE_CURVE('',#3875,#3867,#3877,.T.);
#3875 = VERTEX_POINT('',#3876);
#3876 = CARTESIAN_POINT('',(2.874999999999,-1.65,3.165));
#3877 = LINE('',#3878,#3879);
#3878 = CARTESIAN_POINT('',(2.874999999999,-1.85,3.165));
#3879 = VECTOR('',#3880,1.);
#3880 = DIRECTION('',(0.,1.,0.));
#3881 = ORIENTED_EDGE('',*,*,#3882,.F.);
#3882 = EDGE_CURVE('',#3817,#3875,#3883,.T.);
#3883 = LINE('',#3884,#3885);
#3884 = CARTESIAN_POINT('',(2.875,-1.65,3.755));
#3885 = VECTOR('',#3886,1.);
#3886 = DIRECTION('',(1.586032892322E-15,0.,-1.));
#3887 = ORIENTED_EDGE('',*,*,#3816,.T.);
#3888 = PLANE('',#3889);
#3889 = AXIS2_PLACEMENT_3D('',#3890,#3891,#3892);
#3890 = CARTESIAN_POINT('',(2.875,0.,4.565));
#3891 = DIRECTION('',(-1.,0.,-1.586032892322E-15));
#3892 = DIRECTION('',(1.586032892322E-15,0.,-1.));
#3893 = ADVANCED_FACE('',(#3894),#3913,.T.);
#3894 = FACE_BOUND('',#3895,.T.);
#3895 = EDGE_LOOP('',(#3896,#3904,#3910,#3911,#3912));
#3896 = ORIENTED_EDGE('',*,*,#3897,.F.);
#3897 = EDGE_CURVE('',#3898,#1614,#3900,.T.);
#3898 = VERTEX_POINT('',#3899);
#3899 = CARTESIAN_POINT('',(1.524999999999,-1.17,3.165));
#3900 = LINE('',#3901,#3902);
#3901 = CARTESIAN_POINT('',(1.524999999999,-1.2875,3.0475));
#3902 = VECTOR('',#3903,1.);
#3903 = DIRECTION('',(0.,0.707106781187,0.707106781187));
#3904 = ORIENTED_EDGE('',*,*,#3905,.F.);
#3905 = EDGE_CURVE('',#3867,#3898,#3906,.T.);
#3906 = LINE('',#3907,#3908);
#3907 = CARTESIAN_POINT('',(2.706249999999,-1.17,3.165));
#3908 = VECTOR('',#3909,1.);
#3909 = DIRECTION('',(-1.,0.,0.));
#3910 = ORIENTED_EDGE('',*,*,#3866,.F.);
#3911 = ORIENTED_EDGE('',*,*,#2257,.T.);
#3912 = ORIENTED_EDGE('',*,*,#1621,.T.);
#3913 = PLANE('',#3914);
#3914 = AXIS2_PLACEMENT_3D('',#3915,#3916,#3917);
#3915 = CARTESIAN_POINT('',(2.5375,-1.065,3.27));
#3916 = DIRECTION('',(0.,-0.707106781187,0.707106781187));
#3917 = DIRECTION('',(1.,0.,0.));
#3918 = ADVANCED_FACE('',(#3919),#3953,.T.);
#3919 = FACE_BOUND('',#3920,.T.);
#3920 = EDGE_LOOP('',(#3921,#3931,#3939,#3947));
#3921 = ORIENTED_EDGE('',*,*,#3922,.T.);
#3922 = EDGE_CURVE('',#3923,#3925,#3927,.T.);
#3923 = VERTEX_POINT('',#3924);
#3924 = CARTESIAN_POINT('',(2.725,1.,3.865));
#3925 = VERTEX_POINT('',#3926);
#3926 = CARTESIAN_POINT('',(2.725,1.2,3.615));
#3927 = LINE('',#3928,#3929);
#3928 = CARTESIAN_POINT('',(2.725,1.,3.865));
#3929 = VECTOR('',#3930,1.);
#3930 = DIRECTION('',(0.,0.624695047554,-0.780868809443));
#3931 = ORIENTED_EDGE('',*,*,#3932,.T.);
#3932 = EDGE_CURVE('',#3925,#3933,#3935,.T.);
#3933 = VERTEX_POINT('',#3934);
#3934 = CARTESIAN_POINT('',(1.825,1.2,3.615));
#3935 = LINE('',#3936,#3937);
#3936 = CARTESIAN_POINT('',(2.575,1.2,3.615));
#3937 = VECTOR('',#3938,1.);
#3938 = DIRECTION('',(-1.,0.,-9.251858538543E-16));
#3939 = ORIENTED_EDGE('',*,*,#3940,.T.);
#3940 = EDGE_CURVE('',#3933,#3941,#3943,.T.);
#3941 = VERTEX_POINT('',#3942);
#3942 = CARTESIAN_POINT('',(1.825,1.,3.865));
#3943 = LINE('',#3944,#3945);
#3944 = CARTESIAN_POINT('',(1.825,1.2,3.615));
#3945 = VECTOR('',#3946,1.);
#3946 = DIRECTION('',(0.,-0.624695047554,0.780868809443));
#3947 = ORIENTED_EDGE('',*,*,#3948,.T.);
#3948 = EDGE_CURVE('',#3941,#3923,#3949,.T.);
#3949 = LINE('',#3950,#3951);
#3950 = CARTESIAN_POINT('',(2.575,1.,3.865));
#3951 = VECTOR('',#3952,1.);
#3952 = DIRECTION('',(1.,0.,9.251858538543E-16));
#3953 = PLANE('',#3954);
#3954 = AXIS2_PLACEMENT_3D('',#3955,#3956,#3957);
#3955 = CARTESIAN_POINT('',(2.575,1.1,3.74));
#3956 = DIRECTION('',(-5.779590209702E-16,0.780868809443,0.624695047554)
  );
#3957 = DIRECTION('',(1.,9.860761315263E-32,9.251858538543E-16));
#3958 = ADVANCED_FACE('',(#3959),#3986,.F.);
#3959 = FACE_BOUND('',#3960,.F.);
#3960 = EDGE_LOOP('',(#3961,#3970,#3971,#3980));
#3961 = ORIENTED_EDGE('',*,*,#3962,.F.);
#3962 = EDGE_CURVE('',#3933,#3963,#3965,.T.);
#3963 = VERTEX_POINT('',#3964);
#3964 = CARTESIAN_POINT('',(1.425,1.2,4.015));
#3965 = CIRCLE('',#3966,0.4);
#3966 = AXIS2_PLACEMENT_3D('',#3967,#3968,#3969);
#3967 = CARTESIAN_POINT('',(1.825,1.2,4.015));
#3968 = DIRECTION('',(0.,1.,0.));
#3969 = DIRECTION('',(-0.707106781187,0.,-0.707106781187));
#3970 = ORIENTED_EDGE('',*,*,#3940,.T.);
#3971 = ORIENTED_EDGE('',*,*,#3972,.F.);
#3972 = EDGE_CURVE('',#3973,#3941,#3975,.T.);
#3973 = VERTEX_POINT('',#3974);
#3974 = CARTESIAN_POINT('',(1.675,1.,4.015));
#3975 = CIRCLE('',#3976,0.15);
#3976 = AXIS2_PLACEMENT_3D('',#3977,#3978,#3979);
#3977 = CARTESIAN_POINT('',(1.825,1.,4.015));
#3978 = DIRECTION('',(0.,-1.,0.));
#3979 = DIRECTION('',(-0.707106781187,-0.,-0.707106781187));
#3980 = ORIENTED_EDGE('',*,*,#3981,.F.);
#3981 = EDGE_CURVE('',#3963,#3973,#3982,.T.);
#3982 = LINE('',#3983,#3984);
#3983 = CARTESIAN_POINT('',(1.425,1.2,4.015));
#3984 = VECTOR('',#3985,1.);
#3985 = DIRECTION('',(0.780868809443,-0.624695047554,0.));
#3986 = CONICAL_SURFACE('',#3987,0.275,0.896055384571);
#3987 = AXIS2_PLACEMENT_3D('',#3988,#3989,#3990);
#3988 = CARTESIAN_POINT('',(1.825,1.1,4.015));
#3989 = DIRECTION('',(0.,1.,0.));
#3990 = DIRECTION('',(-0.707106781187,0.,-0.707106781187));
#3991 = ADVANCED_FACE('',(#3992),#4017,.F.);
#3992 = FACE_BOUND('',#3993,.F.);
#3993 = EDGE_LOOP('',(#3994,#4003,#4009,#4016));
#3994 = ORIENTED_EDGE('',*,*,#3995,.F.);
#3995 = EDGE_CURVE('',#3996,#3925,#3998,.T.);
#3996 = VERTEX_POINT('',#3997);
#3997 = CARTESIAN_POINT('',(3.125,1.2,4.015));
#3998 = CIRCLE('',#3999,0.4);
#3999 = AXIS2_PLACEMENT_3D('',#4000,#4001,#4002);
#4000 = CARTESIAN_POINT('',(2.725,1.2,4.015));
#4001 = DIRECTION('',(0.,1.,0.));
#4002 = DIRECTION('',(0.707106781187,0.,-0.707106781187));
#4003 = ORIENTED_EDGE('',*,*,#4004,.F.);
#4004 = EDGE_CURVE('',#3851,#3996,#4005,.T.);
#4005 = LINE('',#4006,#4007);
#4006 = CARTESIAN_POINT('',(2.875,1.,4.015));
#4007 = VECTOR('',#4008,1.);
#4008 = DIRECTION('',(0.780868809443,0.624695047554,0.));
#4009 = ORIENTED_EDGE('',*,*,#4010,.F.);
#4010 = EDGE_CURVE('',#3923,#3851,#4011,.T.);
#4011 = CIRCLE('',#4012,0.15);
#4012 = AXIS2_PLACEMENT_3D('',#4013,#4014,#4015);
#4013 = CARTESIAN_POINT('',(2.725,1.,4.015));
#4014 = DIRECTION('',(0.,-1.,0.));
#4015 = DIRECTION('',(0.707106781187,0.,-0.707106781187));
#4016 = ORIENTED_EDGE('',*,*,#3922,.T.);
#4017 = CONICAL_SURFACE('',#4018,0.275,0.896055384571);
#4018 = AXIS2_PLACEMENT_3D('',#4019,#4020,#4021);
#4019 = CARTESIAN_POINT('',(2.725,1.1,4.015));
#4020 = DIRECTION('',(0.,1.,0.));
#4021 = DIRECTION('',(0.707106781187,0.,-0.707106781187));
#4022 = ADVANCED_FACE('',(#4023),#4048,.T.);
#4023 = FACE_BOUND('',#4024,.T.);
#4024 = EDGE_LOOP('',(#4025,#4026,#4034,#4042));
#4025 = ORIENTED_EDGE('',*,*,#3981,.F.);
#4026 = ORIENTED_EDGE('',*,*,#4027,.T.);
#4027 = EDGE_CURVE('',#3963,#4028,#4030,.T.);
#4028 = VERTEX_POINT('',#4029);
#4029 = CARTESIAN_POINT('',(1.425,1.2,4.415));
#4030 = LINE('',#4031,#4032);
#4031 = CARTESIAN_POINT('',(1.425,1.2,4.04));
#4032 = VECTOR('',#4033,1.);
#4033 = DIRECTION('',(7.930164461608E-16,0.,1.));
#4034 = ORIENTED_EDGE('',*,*,#4035,.T.);
#4035 = EDGE_CURVE('',#4028,#4036,#4038,.T.);
#4036 = VERTEX_POINT('',#4037);
#4037 = CARTESIAN_POINT('',(1.675,1.,4.415));
#4038 = LINE('',#4039,#4040);
#4039 = CARTESIAN_POINT('',(1.425,1.2,4.415));
#4040 = VECTOR('',#4041,1.);
#4041 = DIRECTION('',(0.780868809443,-0.624695047554,0.));
#4042 = ORIENTED_EDGE('',*,*,#4043,.T.);
#4043 = EDGE_CURVE('',#4036,#3973,#4044,.T.);
#4044 = LINE('',#4045,#4046);
#4045 = CARTESIAN_POINT('',(1.675,1.,4.04));
#4046 = VECTOR('',#4047,1.);
#4047 = DIRECTION('',(-7.930164461608E-16,0.,-1.));
#4048 = PLANE('',#4049);
#4049 = AXIS2_PLACEMENT_3D('',#4050,#4051,#4052);
#4050 = CARTESIAN_POINT('',(1.55,1.1,4.04));
#4051 = DIRECTION('',(0.624695047554,0.780868809443,-4.953934465459E-16)
  );
#4052 = DIRECTION('',(-7.930164461608E-16,-2.465190328816E-31,-1.));
#4053 = ADVANCED_FACE('',(#4054),#4072,.T.);
#4054 = FACE_BOUND('',#4055,.T.);
#4055 = EDGE_LOOP('',(#4056,#4064,#4070,#4071));
#4056 = ORIENTED_EDGE('',*,*,#4057,.T.);
#4057 = EDGE_CURVE('',#3843,#4058,#4060,.T.);
#4058 = VERTEX_POINT('',#4059);
#4059 = CARTESIAN_POINT('',(3.125,1.2,4.415));
#4060 = LINE('',#4061,#4062);
#4061 = CARTESIAN_POINT('',(2.875,1.,4.415));
#4062 = VECTOR('',#4063,1.);
#4063 = DIRECTION('',(0.780868809443,0.624695047554,1.733877062911E-15)
  );
#4064 = ORIENTED_EDGE('',*,*,#4065,.T.);
#4065 = EDGE_CURVE('',#4058,#3996,#4066,.T.);
#4066 = LINE('',#4067,#4068);
#4067 = CARTESIAN_POINT('',(3.125,1.2,4.39));
#4068 = VECTOR('',#4069,1.);
#4069 = DIRECTION('',(1.586032892322E-15,0.,-1.));
#4070 = ORIENTED_EDGE('',*,*,#4004,.F.);
#4071 = ORIENTED_EDGE('',*,*,#3850,.T.);
#4072 = PLANE('',#4073);
#4073 = AXIS2_PLACEMENT_3D('',#4074,#4075,#4076);
#4074 = CARTESIAN_POINT('',(3.,1.1,4.39));
#4075 = DIRECTION('',(-0.624695047554,0.780868809443,-9.907868930918E-16
    ));
#4076 = DIRECTION('',(-1.586032892322E-15,1.183291357832E-30,1.));
#4077 = ADVANCED_FACE('',(#4078),#4105,.F.);
#4078 = FACE_BOUND('',#4079,.F.);
#4079 = EDGE_LOOP('',(#4080,#4089,#4090,#4099));
#4080 = ORIENTED_EDGE('',*,*,#4081,.F.);
#4081 = EDGE_CURVE('',#4028,#4082,#4084,.T.);
#4082 = VERTEX_POINT('',#4083);
#4083 = CARTESIAN_POINT('',(1.825,1.2,4.815));
#4084 = CIRCLE('',#4085,0.4);
#4085 = AXIS2_PLACEMENT_3D('',#4086,#4087,#4088);
#4086 = CARTESIAN_POINT('',(1.825,1.2,4.415));
#4087 = DIRECTION('',(0.,1.,0.));
#4088 = DIRECTION('',(-0.707106781187,0.,0.707106781187));
#4089 = ORIENTED_EDGE('',*,*,#4035,.T.);
#4090 = ORIENTED_EDGE('',*,*,#4091,.F.);
#4091 = EDGE_CURVE('',#4092,#4036,#4094,.T.);
#4092 = VERTEX_POINT('',#4093);
#4093 = CARTESIAN_POINT('',(1.825,1.,4.565));
#4094 = CIRCLE('',#4095,0.15);
#4095 = AXIS2_PLACEMENT_3D('',#4096,#4097,#4098);
#4096 = CARTESIAN_POINT('',(1.825,1.,4.415));
#4097 = DIRECTION('',(0.,-1.,0.));
#4098 = DIRECTION('',(-0.707106781187,0.,0.707106781187));
#4099 = ORIENTED_EDGE('',*,*,#4100,.F.);
#4100 = EDGE_CURVE('',#4082,#4092,#4101,.T.);
#4101 = LINE('',#4102,#4103);
#4102 = CARTESIAN_POINT('',(1.825,1.2,4.815));
#4103 = VECTOR('',#4104,1.);
#4104 = DIRECTION('',(0.,-0.624695047554,-0.780868809443));
#4105 = CONICAL_SURFACE('',#4106,0.275,0.896055384571);
#4106 = AXIS2_PLACEMENT_3D('',#4107,#4108,#4109);
#4107 = CARTESIAN_POINT('',(1.825,1.1,4.415));
#4108 = DIRECTION('',(0.,1.,0.));
#4109 = DIRECTION('',(-0.707106781187,0.,0.707106781187));
#4110 = ADVANCED_FACE('',(#4111),#4138,.F.);
#4111 = FACE_BOUND('',#4112,.F.);
#4112 = EDGE_LOOP('',(#4113,#4122,#4130,#4137));
#4113 = ORIENTED_EDGE('',*,*,#4114,.F.);
#4114 = EDGE_CURVE('',#4115,#4058,#4117,.T.);
#4115 = VERTEX_POINT('',#4116);
#4116 = CARTESIAN_POINT('',(2.725,1.2,4.815));
#4117 = CIRCLE('',#4118,0.4);
#4118 = AXIS2_PLACEMENT_3D('',#4119,#4120,#4121);
#4119 = CARTESIAN_POINT('',(2.725,1.2,4.415));
#4120 = DIRECTION('',(0.,1.,0.));
#4121 = DIRECTION('',(0.707106781187,-0.,0.707106781187));
#4122 = ORIENTED_EDGE('',*,*,#4123,.F.);
#4123 = EDGE_CURVE('',#4124,#4115,#4126,.T.);
#4124 = VERTEX_POINT('',#4125);
#4125 = CARTESIAN_POINT('',(2.725,1.,4.565));
#4126 = LINE('',#4127,#4128);
#4127 = CARTESIAN_POINT('',(2.725,1.,4.565));
#4128 = VECTOR('',#4129,1.);
#4129 = DIRECTION('',(0.,0.624695047554,0.780868809443));
#4130 = ORIENTED_EDGE('',*,*,#4131,.F.);
#4131 = EDGE_CURVE('',#3843,#4124,#4132,.T.);
#4132 = CIRCLE('',#4133,0.15);
#4133 = AXIS2_PLACEMENT_3D('',#4134,#4135,#4136);
#4134 = CARTESIAN_POINT('',(2.725,1.,4.415));
#4135 = DIRECTION('',(0.,-1.,0.));
#4136 = DIRECTION('',(0.707106781187,0.,0.707106781187));
#4137 = ORIENTED_EDGE('',*,*,#4057,.T.);
#4138 = CONICAL_SURFACE('',#4139,0.275,0.896055384571);
#4139 = AXIS2_PLACEMENT_3D('',#4140,#4141,#4142);
#4140 = CARTESIAN_POINT('',(2.725,1.1,4.415));
#4141 = DIRECTION('',(0.,1.,0.));
#4142 = DIRECTION('',(0.707106781187,-0.,0.707106781187));
#4143 = ADVANCED_FACE('',(#4144),#4160,.T.);
#4144 = FACE_BOUND('',#4145,.T.);
#4145 = EDGE_LOOP('',(#4146,#4147,#4153,#4154));
#4146 = ORIENTED_EDGE('',*,*,#4100,.F.);
#4147 = ORIENTED_EDGE('',*,*,#4148,.T.);
#4148 = EDGE_CURVE('',#4082,#4115,#4149,.T.);
#4149 = LINE('',#4150,#4151);
#4150 = CARTESIAN_POINT('',(1.975,1.2,4.815));
#4151 = VECTOR('',#4152,1.);
#4152 = DIRECTION('',(1.,0.,4.625929269271E-16));
#4153 = ORIENTED_EDGE('',*,*,#4123,.F.);
#4154 = ORIENTED_EDGE('',*,*,#4155,.T.);
#4155 = EDGE_CURVE('',#4124,#4092,#4156,.T.);
#4156 = LINE('',#4157,#4158);
#4157 = CARTESIAN_POINT('',(1.975,1.,4.565));
#4158 = VECTOR('',#4159,1.);
#4159 = DIRECTION('',(-1.,0.,-4.625929269271E-16));
#4160 = PLANE('',#4161);
#4161 = AXIS2_PLACEMENT_3D('',#4162,#4163,#4164);
#4162 = CARTESIAN_POINT('',(1.975,1.1,4.69));
#4163 = DIRECTION('',(2.889795104851E-16,0.780868809443,-0.624695047554)
  );
#4164 = DIRECTION('',(-1.,3.944304526105E-31,-4.625929269271E-16));
#4165 = ADVANCED_FACE('',(#4166),#4177,.F.);
#4166 = FACE_BOUND('',#4167,.F.);
#4167 = EDGE_LOOP('',(#4168,#4169,#4170,#4176));
#4168 = ORIENTED_EDGE('',*,*,#3842,.F.);
#4169 = ORIENTED_EDGE('',*,*,#4131,.T.);
#4170 = ORIENTED_EDGE('',*,*,#4171,.F.);
#4171 = EDGE_CURVE('',#3435,#4124,#4172,.T.);
#4172 = LINE('',#4173,#4174);
#4173 = CARTESIAN_POINT('',(2.725,0.,4.565));
#4174 = VECTOR('',#4175,1.);
#4175 = DIRECTION('',(0.,1.,0.));
#4176 = ORIENTED_EDGE('',*,*,#3442,.F.);
#4177 = CYLINDRICAL_SURFACE('',#4178,0.15);
#4178 = AXIS2_PLACEMENT_3D('',#4179,#4180,#4181);
#4179 = CARTESIAN_POINT('',(2.725,0.,4.415));
#4180 = DIRECTION('',(0.,-1.,0.));
#4181 = DIRECTION('',(0.707106781187,0.,0.707106781187));
#4182 = ADVANCED_FACE('',(#4183),#4194,.F.);
#4183 = FACE_BOUND('',#4184,.F.);
#4184 = EDGE_LOOP('',(#4185,#4191,#4192,#4193));
#4185 = ORIENTED_EDGE('',*,*,#4186,.F.);
#4186 = EDGE_CURVE('',#3923,#3392,#4187,.T.);
#4187 = LINE('',#4188,#4189);
#4188 = CARTESIAN_POINT('',(2.725,0.,3.865));
#4189 = VECTOR('',#4190,1.);
#4190 = DIRECTION('',(0.,-1.,0.));
#4191 = ORIENTED_EDGE('',*,*,#4010,.T.);
#4192 = ORIENTED_EDGE('',*,*,#3858,.F.);
#4193 = ORIENTED_EDGE('',*,*,#3391,.F.);
#4194 = CYLINDRICAL_SURFACE('',#4195,0.15);
#4195 = AXIS2_PLACEMENT_3D('',#4196,#4197,#4198);
#4196 = CARTESIAN_POINT('',(2.725,0.,4.015));
#4197 = DIRECTION('',(0.,-1.,0.));
#4198 = DIRECTION('',(0.707106781187,0.,-0.707106781187));
#4199 = ADVANCED_FACE('',(#4200),#4211,.T.);
#4200 = FACE_BOUND('',#4201,.T.);
#4201 = EDGE_LOOP('',(#4202,#4203,#4204,#4205));
#4202 = ORIENTED_EDGE('',*,*,#3400,.T.);
#4203 = ORIENTED_EDGE('',*,*,#4186,.F.);
#4204 = ORIENTED_EDGE('',*,*,#3948,.F.);
#4205 = ORIENTED_EDGE('',*,*,#4206,.F.);
#4206 = EDGE_CURVE('',#3401,#3941,#4207,.T.);
#4207 = LINE('',#4208,#4209);
#4208 = CARTESIAN_POINT('',(1.825,0.,3.865));
#4209 = VECTOR('',#4210,1.);
#4210 = DIRECTION('',(0.,1.,0.));
#4211 = PLANE('',#4212);
#4212 = AXIS2_PLACEMENT_3D('',#4213,#4214,#4215);
#4213 = CARTESIAN_POINT('',(2.875,0.,3.865));
#4214 = DIRECTION('',(-9.251858538543E-16,0.,1.));
#4215 = DIRECTION('',(-1.,0.,-9.251858538543E-16));
#4216 = ADVANCED_FACE('',(#4217,#4228),#4238,.T.);
#4217 = FACE_BOUND('',#4218,.T.);
#4218 = EDGE_LOOP('',(#4219));
#4219 = ORIENTED_EDGE('',*,*,#4220,.F.);
#4220 = EDGE_CURVE('',#4221,#4221,#4223,.T.);
#4221 = VERTEX_POINT('',#4222);
#4222 = CARTESIAN_POINT('',(1.025,1.2,4.215));
#4223 = CIRCLE('',#4224,1.25);
#4224 = AXIS2_PLACEMENT_3D('',#4225,#4226,#4227);
#4225 = CARTESIAN_POINT('',(2.275,1.2,4.215));
#4226 = DIRECTION('',(0.,-1.,0.));
#4227 = DIRECTION('',(1.,0.,0.));
#4228 = FACE_BOUND('',#4229,.T.);
#4229 = EDGE_LOOP('',(#4230,#4231,#4232,#4233,#4234,#4235,#4236,#4237));
#4230 = ORIENTED_EDGE('',*,*,#3932,.F.);
#4231 = ORIENTED_EDGE('',*,*,#3995,.F.);
#4232 = ORIENTED_EDGE('',*,*,#4065,.F.);
#4233 = ORIENTED_EDGE('',*,*,#4114,.F.);
#4234 = ORIENTED_EDGE('',*,*,#4148,.F.);
#4235 = ORIENTED_EDGE('',*,*,#4081,.F.);
#4236 = ORIENTED_EDGE('',*,*,#4027,.F.);
#4237 = ORIENTED_EDGE('',*,*,#3962,.F.);
#4238 = PLANE('',#4239);
#4239 = AXIS2_PLACEMENT_3D('',#4240,#4241,#4242);
#4240 = CARTESIAN_POINT('',(2.275,1.2,4.215));
#4241 = DIRECTION('',(0.,1.,0.));
#4242 = DIRECTION('',(1.,0.,0.));
#4243 = ADVANCED_FACE('',(#4244),#4278,.T.);
#4244 = FACE_BOUND('',#4245,.T.);
#4245 = EDGE_LOOP('',(#4246,#4256,#4264,#4272));
#4246 = ORIENTED_EDGE('',*,*,#4247,.T.);
#4247 = EDGE_CURVE('',#4248,#4250,#4252,.T.);
#4248 = VERTEX_POINT('',#4249);
#4249 = CARTESIAN_POINT('',(9.075000000001,1.,1.325));
#4250 = VERTEX_POINT('',#4251);
#4251 = CARTESIAN_POINT('',(9.075000000001,1.2,1.075));
#4252 = LINE('',#4253,#4254);
#4253 = CARTESIAN_POINT('',(9.075000000001,1.,1.325));
#4254 = VECTOR('',#4255,1.);
#4255 = DIRECTION('',(0.,0.624695047554,-0.780868809443));
#4256 = ORIENTED_EDGE('',*,*,#4257,.T.);
#4257 = EDGE_CURVE('',#4250,#4258,#4260,.T.);
#4258 = VERTEX_POINT('',#4259);
#4259 = CARTESIAN_POINT('',(8.175000000001,1.2,1.075));
#4260 = LINE('',#4261,#4262);
#4261 = CARTESIAN_POINT('',(8.925,1.2,1.075));
#4262 = VECTOR('',#4263,1.);
#4263 = DIRECTION('',(-1.,0.,2.312964634636E-16));
#4264 = ORIENTED_EDGE('',*,*,#4265,.T.);
#4265 = EDGE_CURVE('',#4258,#4266,#4268,.T.);
#4266 = VERTEX_POINT('',#4267);
#4267 = CARTESIAN_POINT('',(8.175000000001,1.,1.325));
#4268 = LINE('',#4269,#4270);
#4269 = CARTESIAN_POINT('',(8.175000000001,1.2,1.075));
#4270 = VECTOR('',#4271,1.);
#4271 = DIRECTION('',(0.,-0.624695047554,0.780868809443));
#4272 = ORIENTED_EDGE('',*,*,#4273,.T.);
#4273 = EDGE_CURVE('',#4266,#4248,#4274,.T.);
#4274 = LINE('',#4275,#4276);
#4275 = CARTESIAN_POINT('',(8.925,1.,1.325));
#4276 = VECTOR('',#4277,1.);
#4277 = DIRECTION('',(1.,0.,-2.312964634636E-16));
#4278 = PLANE('',#4279);
#4279 = AXIS2_PLACEMENT_3D('',#4280,#4281,#4282);
#4280 = CARTESIAN_POINT('',(8.925,1.1,1.2));
#4281 = DIRECTION('',(1.444897552425E-16,0.780868809443,0.624695047554)
  );
#4282 = DIRECTION('',(1.,-4.437342591868E-31,-2.312964634636E-16));
#4283 = ADVANCED_FACE('',(#4284),#4309,.F.);
#4284 = FACE_BOUND('',#4285,.F.);
#4285 = EDGE_LOOP('',(#4286,#4295,#4296,#4303));
#4286 = ORIENTED_EDGE('',*,*,#4287,.F.);
#4287 = EDGE_CURVE('',#4258,#4288,#4290,.T.);
#4288 = VERTEX_POINT('',#4289);
#4289 = CARTESIAN_POINT('',(7.775000000001,1.2,1.475));
#4290 = CIRCLE('',#4291,0.4);
#4291 = AXIS2_PLACEMENT_3D('',#4292,#4293,#4294);
#4292 = CARTESIAN_POINT('',(8.175000000001,1.2,1.475));
#4293 = DIRECTION('',(0.,1.,0.));
#4294 = DIRECTION('',(-0.707106781187,0.,-0.707106781187));
#4295 = ORIENTED_EDGE('',*,*,#4265,.T.);
#4296 = ORIENTED_EDGE('',*,*,#4297,.F.);
#4297 = EDGE_CURVE('',#3572,#4266,#4298,.T.);
#4298 = CIRCLE('',#4299,0.15);
#4299 = AXIS2_PLACEMENT_3D('',#4300,#4301,#4302);
#4300 = CARTESIAN_POINT('',(8.175000000001,1.,1.475));
#4301 = DIRECTION('',(0.,-1.,0.));
#4302 = DIRECTION('',(-0.707106781187,-0.,-0.707106781187));
#4303 = ORIENTED_EDGE('',*,*,#4304,.F.);
#4304 = EDGE_CURVE('',#4288,#3572,#4305,.T.);
#4305 = LINE('',#4306,#4307);
#4306 = CARTESIAN_POINT('',(7.775000000001,1.2,1.475));
#4307 = VECTOR('',#4308,1.);
#4308 = DIRECTION('',(0.780868809443,-0.624695047554,-1.733877062911E-15
    ));
#4309 = CONICAL_SURFACE('',#4310,0.275,0.896055384571);
#4310 = AXIS2_PLACEMENT_3D('',#4311,#4312,#4313);
#4311 = CARTESIAN_POINT('',(8.175000000001,1.1,1.475));
#4312 = DIRECTION('',(0.,1.,0.));
#4313 = DIRECTION('',(-0.707106781187,0.,-0.707106781187));
#4314 = ADVANCED_FACE('',(#4315),#4342,.F.);
#4315 = FACE_BOUND('',#4316,.F.);
#4316 = EDGE_LOOP('',(#4317,#4326,#4334,#4341));
#4317 = ORIENTED_EDGE('',*,*,#4318,.F.);
#4318 = EDGE_CURVE('',#4319,#4250,#4321,.T.);
#4319 = VERTEX_POINT('',#4320);
#4320 = CARTESIAN_POINT('',(9.475000000001,1.2,1.475));
#4321 = CIRCLE('',#4322,0.4);
#4322 = AXIS2_PLACEMENT_3D('',#4323,#4324,#4325);
#4323 = CARTESIAN_POINT('',(9.075000000001,1.2,1.475));
#4324 = DIRECTION('',(0.,1.,0.));
#4325 = DIRECTION('',(0.707106781187,0.,-0.707106781187));
#4326 = ORIENTED_EDGE('',*,*,#4327,.F.);
#4327 = EDGE_CURVE('',#4328,#4319,#4330,.T.);
#4328 = VERTEX_POINT('',#4329);
#4329 = CARTESIAN_POINT('',(9.225000000001,1.,1.475));
#4330 = LINE('',#4331,#4332);
#4331 = CARTESIAN_POINT('',(9.225000000001,1.,1.475));
#4332 = VECTOR('',#4333,1.);
#4333 = DIRECTION('',(0.780868809443,0.624695047554,1.733877062911E-15)
  );
#4334 = ORIENTED_EDGE('',*,*,#4335,.F.);
#4335 = EDGE_CURVE('',#4248,#4328,#4336,.T.);
#4336 = CIRCLE('',#4337,0.15);
#4337 = AXIS2_PLACEMENT_3D('',#4338,#4339,#4340);
#4338 = CARTESIAN_POINT('',(9.075000000001,1.,1.475));
#4339 = DIRECTION('',(0.,-1.,0.));
#4340 = DIRECTION('',(0.707106781187,0.,-0.707106781187));
#4341 = ORIENTED_EDGE('',*,*,#4247,.T.);
#4342 = CONICAL_SURFACE('',#4343,0.275,0.896055384571);
#4343 = AXIS2_PLACEMENT_3D('',#4344,#4345,#4346);
#4344 = CARTESIAN_POINT('',(9.075000000001,1.1,1.475));
#4345 = DIRECTION('',(0.,1.,0.));
#4346 = DIRECTION('',(0.707106781187,0.,-0.707106781187));
#4347 = ADVANCED_FACE('',(#4348),#4366,.T.);
#4348 = FACE_BOUND('',#4349,.T.);
#4349 = EDGE_LOOP('',(#4350,#4351,#4359,#4365));
#4350 = ORIENTED_EDGE('',*,*,#4304,.F.);
#4351 = ORIENTED_EDGE('',*,*,#4352,.T.);
#4352 = EDGE_CURVE('',#4288,#4353,#4355,.T.);
#4353 = VERTEX_POINT('',#4354);
#4354 = CARTESIAN_POINT('',(7.775000000001,1.2,1.875));
#4355 = LINE('',#4356,#4357);
#4356 = CARTESIAN_POINT('',(7.775000000001,1.2,1.5));
#4357 = VECTOR('',#4358,1.);
#4358 = DIRECTION('',(1.586032892322E-15,0.,1.));
#4359 = ORIENTED_EDGE('',*,*,#4360,.T.);
#4360 = EDGE_CURVE('',#4353,#3580,#4361,.T.);
#4361 = LINE('',#4362,#4363);
#4362 = CARTESIAN_POINT('',(7.775000000001,1.2,1.875));
#4363 = VECTOR('',#4364,1.);
#4364 = DIRECTION('',(0.780868809443,-0.624695047554,-8.669385314553E-16
    ));
#4365 = ORIENTED_EDGE('',*,*,#3579,.T.);
#4366 = PLANE('',#4367);
#4367 = AXIS2_PLACEMENT_3D('',#4368,#4369,#4370);
#4368 = CARTESIAN_POINT('',(7.900000000001,1.1,1.5));
#4369 = DIRECTION('',(0.624695047554,0.780868809443,-9.907868930918E-16)
  );
#4370 = DIRECTION('',(-1.586032892322E-15,-1.183291357832E-30,-1.));
#4371 = ADVANCED_FACE('',(#4372),#4397,.T.);
#4372 = FACE_BOUND('',#4373,.T.);
#4373 = EDGE_LOOP('',(#4374,#4384,#4390,#4391));
#4374 = ORIENTED_EDGE('',*,*,#4375,.T.);
#4375 = EDGE_CURVE('',#4376,#4378,#4380,.T.);
#4376 = VERTEX_POINT('',#4377);
#4377 = CARTESIAN_POINT('',(9.225000000001,1.,1.875));
#4378 = VERTEX_POINT('',#4379);
#4379 = CARTESIAN_POINT('',(9.475000000001,1.2,1.875));
#4380 = LINE('',#4381,#4382);
#4381 = CARTESIAN_POINT('',(9.225000000001,1.,1.875));
#4382 = VECTOR('',#4383,1.);
#4383 = DIRECTION('',(0.780868809443,0.624695047554,8.669385314553E-16)
  );
#4384 = ORIENTED_EDGE('',*,*,#4385,.T.);
#4385 = EDGE_CURVE('',#4378,#4319,#4386,.T.);
#4386 = LINE('',#4387,#4388);
#4387 = CARTESIAN_POINT('',(9.475000000001,1.2,1.85));
#4388 = VECTOR('',#4389,1.);
#4389 = DIRECTION('',(1.586032892322E-15,0.,-1.));
#4390 = ORIENTED_EDGE('',*,*,#4327,.F.);
#4391 = ORIENTED_EDGE('',*,*,#4392,.T.);
#4392 = EDGE_CURVE('',#4328,#4376,#4393,.T.);
#4393 = LINE('',#4394,#4395);
#4394 = CARTESIAN_POINT('',(9.225000000001,1.,1.85));
#4395 = VECTOR('',#4396,1.);
#4396 = DIRECTION('',(-1.586032892322E-15,0.,1.));
#4397 = PLANE('',#4398);
#4398 = AXIS2_PLACEMENT_3D('',#4399,#4400,#4401);
#4399 = CARTESIAN_POINT('',(9.350000000001,1.1,1.85));
#4400 = DIRECTION('',(-0.624695047554,0.780868809443,-9.907868930918E-16
    ));
#4401 = DIRECTION('',(-1.586032892322E-15,1.183291357832E-30,1.));
#4402 = ADVANCED_FACE('',(#4403),#4430,.F.);
#4403 = FACE_BOUND('',#4404,.F.);
#4404 = EDGE_LOOP('',(#4405,#4414,#4415,#4424));
#4405 = ORIENTED_EDGE('',*,*,#4406,.F.);
#4406 = EDGE_CURVE('',#4353,#4407,#4409,.T.);
#4407 = VERTEX_POINT('',#4408);
#4408 = CARTESIAN_POINT('',(8.175000000001,1.2,2.275));
#4409 = CIRCLE('',#4410,0.4);
#4410 = AXIS2_PLACEMENT_3D('',#4411,#4412,#4413);
#4411 = CARTESIAN_POINT('',(8.175000000001,1.2,1.875));
#4412 = DIRECTION('',(0.,1.,0.));
#4413 = DIRECTION('',(-0.707106781187,0.,0.707106781187));
#4414 = ORIENTED_EDGE('',*,*,#4360,.T.);
#4415 = ORIENTED_EDGE('',*,*,#4416,.F.);
#4416 = EDGE_CURVE('',#4417,#3580,#4419,.T.);
#4417 = VERTEX_POINT('',#4418);
#4418 = CARTESIAN_POINT('',(8.175000000001,1.,2.025));
#4419 = CIRCLE('',#4420,0.15);
#4420 = AXIS2_PLACEMENT_3D('',#4421,#4422,#4423);
#4421 = CARTESIAN_POINT('',(8.175000000001,1.,1.875));
#4422 = DIRECTION('',(0.,-1.,0.));
#4423 = DIRECTION('',(-0.707106781187,0.,0.707106781187));
#4424 = ORIENTED_EDGE('',*,*,#4425,.F.);
#4425 = EDGE_CURVE('',#4407,#4417,#4426,.T.);
#4426 = LINE('',#4427,#4428);
#4427 = CARTESIAN_POINT('',(8.175000000001,1.2,2.275));
#4428 = VECTOR('',#4429,1.);
#4429 = DIRECTION('',(0.,-0.624695047554,-0.780868809443));
#4430 = CONICAL_SURFACE('',#4431,0.275,0.896055384571);
#4431 = AXIS2_PLACEMENT_3D('',#4432,#4433,#4434);
#4432 = CARTESIAN_POINT('',(8.175000000001,1.1,1.875));
#4433 = DIRECTION('',(0.,1.,0.));
#4434 = DIRECTION('',(-0.707106781187,0.,0.707106781187));
#4435 = ADVANCED_FACE('',(#4436),#4463,.F.);
#4436 = FACE_BOUND('',#4437,.F.);
#4437 = EDGE_LOOP('',(#4438,#4447,#4455,#4462));
#4438 = ORIENTED_EDGE('',*,*,#4439,.F.);
#4439 = EDGE_CURVE('',#4440,#4378,#4442,.T.);
#4440 = VERTEX_POINT('',#4441);
#4441 = CARTESIAN_POINT('',(9.075000000001,1.2,2.275));
#4442 = CIRCLE('',#4443,0.4);
#4443 = AXIS2_PLACEMENT_3D('',#4444,#4445,#4446);
#4444 = CARTESIAN_POINT('',(9.075000000001,1.2,1.875));
#4445 = DIRECTION('',(0.,1.,0.));
#4446 = DIRECTION('',(0.707106781187,-0.,0.707106781187));
#4447 = ORIENTED_EDGE('',*,*,#4448,.F.);
#4448 = EDGE_CURVE('',#4449,#4440,#4451,.T.);
#4449 = VERTEX_POINT('',#4450);
#4450 = CARTESIAN_POINT('',(9.075000000001,1.,2.025));
#4451 = LINE('',#4452,#4453);
#4452 = CARTESIAN_POINT('',(9.075000000001,1.,2.025));
#4453 = VECTOR('',#4454,1.);
#4454 = DIRECTION('',(0.,0.624695047554,0.780868809443));
#4455 = ORIENTED_EDGE('',*,*,#4456,.F.);
#4456 = EDGE_CURVE('',#4376,#4449,#4457,.T.);
#4457 = CIRCLE('',#4458,0.15);
#4458 = AXIS2_PLACEMENT_3D('',#4459,#4460,#4461);
#4459 = CARTESIAN_POINT('',(9.075000000001,1.,1.875));
#4460 = DIRECTION('',(0.,-1.,0.));
#4461 = DIRECTION('',(0.707106781187,0.,0.707106781187));
#4462 = ORIENTED_EDGE('',*,*,#4375,.T.);
#4463 = CONICAL_SURFACE('',#4464,0.275,0.896055384571);
#4464 = AXIS2_PLACEMENT_3D('',#4465,#4466,#4467);
#4465 = CARTESIAN_POINT('',(9.075000000001,1.1,1.875));
#4466 = DIRECTION('',(0.,1.,0.));
#4467 = DIRECTION('',(0.707106781187,-0.,0.707106781187));
#4468 = ADVANCED_FACE('',(#4469),#4485,.T.);
#4469 = FACE_BOUND('',#4470,.T.);
#4470 = EDGE_LOOP('',(#4471,#4472,#4478,#4479));
#4471 = ORIENTED_EDGE('',*,*,#4425,.F.);
#4472 = ORIENTED_EDGE('',*,*,#4473,.T.);
#4473 = EDGE_CURVE('',#4407,#4440,#4474,.T.);
#4474 = LINE('',#4475,#4476);
#4475 = CARTESIAN_POINT('',(8.325,1.2,2.275));
#4476 = VECTOR('',#4477,1.);
#4477 = DIRECTION('',(1.,0.,-2.312964634636E-16));
#4478 = ORIENTED_EDGE('',*,*,#4448,.F.);
#4479 = ORIENTED_EDGE('',*,*,#4480,.T.);
#4480 = EDGE_CURVE('',#4449,#4417,#4481,.T.);
#4481 = LINE('',#4482,#4483);
#4482 = CARTESIAN_POINT('',(8.325,1.,2.025));
#4483 = VECTOR('',#4484,1.);
#4484 = DIRECTION('',(-1.,0.,2.312964634636E-16));
#4485 = PLANE('',#4486);
#4486 = AXIS2_PLACEMENT_3D('',#4487,#4488,#4489);
#4487 = CARTESIAN_POINT('',(8.325,1.1,2.15));
#4488 = DIRECTION('',(-1.444897552425E-16,0.780868809443,-0.624695047554
    ));
#4489 = DIRECTION('',(-1.,2.465190328816E-32,2.312964634636E-16));
#4490 = ADVANCED_FACE('',(#4491),#4507,.F.);
#4491 = FACE_BOUND('',#4492,.F.);
#4492 = EDGE_LOOP('',(#4493,#4499,#4500,#4506));
#4493 = ORIENTED_EDGE('',*,*,#4494,.F.);
#4494 = EDGE_CURVE('',#4376,#3324,#4495,.T.);
#4495 = LINE('',#4496,#4497);
#4496 = CARTESIAN_POINT('',(9.225000000001,0.,1.875));
#4497 = VECTOR('',#4498,1.);
#4498 = DIRECTION('',(0.,-1.,0.));
#4499 = ORIENTED_EDGE('',*,*,#4456,.T.);
#4500 = ORIENTED_EDGE('',*,*,#4501,.F.);
#4501 = EDGE_CURVE('',#3316,#4449,#4502,.T.);
#4502 = LINE('',#4503,#4504);
#4503 = CARTESIAN_POINT('',(9.075000000001,0.,2.025));
#4504 = VECTOR('',#4505,1.);
#4505 = DIRECTION('',(0.,1.,0.));
#4506 = ORIENTED_EDGE('',*,*,#3323,.F.);
#4507 = CYLINDRICAL_SURFACE('',#4508,0.15);
#4508 = AXIS2_PLACEMENT_3D('',#4509,#4510,#4511);
#4509 = CARTESIAN_POINT('',(9.075000000001,0.,1.875));
#4510 = DIRECTION('',(0.,-1.,0.));
#4511 = DIRECTION('',(0.707106781187,0.,0.707106781187));
#4512 = ADVANCED_FACE('',(#4513),#4524,.T.);
#4513 = FACE_BOUND('',#4514,.T.);
#4514 = EDGE_LOOP('',(#4515,#4516,#4517,#4518));
#4515 = ORIENTED_EDGE('',*,*,#3332,.T.);
#4516 = ORIENTED_EDGE('',*,*,#4494,.F.);
#4517 = ORIENTED_EDGE('',*,*,#4392,.F.);
#4518 = ORIENTED_EDGE('',*,*,#4519,.F.);
#4519 = EDGE_CURVE('',#3333,#4328,#4520,.T.);
#4520 = LINE('',#4521,#4522);
#4521 = CARTESIAN_POINT('',(9.225000000001,0.,1.475));
#4522 = VECTOR('',#4523,1.);
#4523 = DIRECTION('',(0.,1.,0.));
#4524 = PLANE('',#4525);
#4525 = AXIS2_PLACEMENT_3D('',#4526,#4527,#4528);
#4526 = CARTESIAN_POINT('',(9.225000000001,0.,2.025));
#4527 = DIRECTION('',(-1.,0.,-1.586032892322E-15));
#4528 = DIRECTION('',(1.586032892322E-15,0.,-1.));
#4529 = ADVANCED_FACE('',(#4530),#4541,.F.);
#4530 = FACE_BOUND('',#4531,.F.);
#4531 = EDGE_LOOP('',(#4532,#4538,#4539,#4540));
#4532 = ORIENTED_EDGE('',*,*,#4533,.F.);
#4533 = EDGE_CURVE('',#4248,#3341,#4534,.T.);
#4534 = LINE('',#4535,#4536);
#4535 = CARTESIAN_POINT('',(9.075000000001,0.,1.325));
#4536 = VECTOR('',#4537,1.);
#4537 = DIRECTION('',(0.,-1.,0.));
#4538 = ORIENTED_EDGE('',*,*,#4335,.T.);
#4539 = ORIENTED_EDGE('',*,*,#4519,.F.);
#4540 = ORIENTED_EDGE('',*,*,#3340,.F.);
#4541 = CYLINDRICAL_SURFACE('',#4542,0.15);
#4542 = AXIS2_PLACEMENT_3D('',#4543,#4544,#4545);
#4543 = CARTESIAN_POINT('',(9.075000000001,0.,1.475));
#4544 = DIRECTION('',(0.,-1.,0.));
#4545 = DIRECTION('',(0.707106781187,0.,-0.707106781187));
#4546 = ADVANCED_FACE('',(#4547),#4558,.T.);
#4547 = FACE_BOUND('',#4548,.T.);
#4548 = EDGE_LOOP('',(#4549,#4550,#4551,#4552));
#4549 = ORIENTED_EDGE('',*,*,#3349,.T.);
#4550 = ORIENTED_EDGE('',*,*,#4533,.F.);
#4551 = ORIENTED_EDGE('',*,*,#4273,.F.);
#4552 = ORIENTED_EDGE('',*,*,#4553,.F.);
#4553 = EDGE_CURVE('',#3350,#4266,#4554,.T.);
#4554 = LINE('',#4555,#4556);
#4555 = CARTESIAN_POINT('',(8.175000000001,0.,1.325));
#4556 = VECTOR('',#4557,1.);
#4557 = DIRECTION('',(0.,1.,0.));
#4558 = PLANE('',#4559);
#4559 = AXIS2_PLACEMENT_3D('',#4560,#4561,#4562);
#4560 = CARTESIAN_POINT('',(9.225000000001,0.,1.325));
#4561 = DIRECTION('',(2.312964634636E-16,0.,1.));
#4562 = DIRECTION('',(-1.,0.,2.312964634636E-16));
#4563 = ADVANCED_FACE('',(#4564,#4575),#4585,.T.);
#4564 = FACE_BOUND('',#4565,.T.);
#4565 = EDGE_LOOP('',(#4566));
#4566 = ORIENTED_EDGE('',*,*,#4567,.F.);
#4567 = EDGE_CURVE('',#4568,#4568,#4570,.T.);
#4568 = VERTEX_POINT('',#4569);
#4569 = CARTESIAN_POINT('',(7.375,1.2,1.675));
#4570 = CIRCLE('',#4571,1.25);
#4571 = AXIS2_PLACEMENT_3D('',#4572,#4573,#4574);
#4572 = CARTESIAN_POINT('',(8.625,1.2,1.675));
#4573 = DIRECTION('',(0.,-1.,0.));
#4574 = DIRECTION('',(1.,0.,0.));
#4575 = FACE_BOUND('',#4576,.T.);
#4576 = EDGE_LOOP('',(#4577,#4578,#4579,#4580,#4581,#4582,#4583,#4584));
#4577 = ORIENTED_EDGE('',*,*,#4257,.F.);
#4578 = ORIENTED_EDGE('',*,*,#4318,.F.);
#4579 = ORIENTED_EDGE('',*,*,#4385,.F.);
#4580 = ORIENTED_EDGE('',*,*,#4439,.F.);
#4581 = ORIENTED_EDGE('',*,*,#4473,.F.);
#4582 = ORIENTED_EDGE('',*,*,#4406,.F.);
#4583 = ORIENTED_EDGE('',*,*,#4352,.F.);
#4584 = ORIENTED_EDGE('',*,*,#4287,.F.);
#4585 = PLANE('',#4586);
#4586 = AXIS2_PLACEMENT_3D('',#4587,#4588,#4589);
#4587 = CARTESIAN_POINT('',(8.625,1.2,1.675));
#4588 = DIRECTION('',(0.,1.,0.));
#4589 = DIRECTION('',(1.,0.,0.));
#4590 = ADVANCED_FACE('',(#4591),#4597,.F.);
#4591 = FACE_BOUND('',#4592,.F.);
#4592 = EDGE_LOOP('',(#4593,#4594,#4595,#4596));
#4593 = ORIENTED_EDGE('',*,*,#3571,.F.);
#4594 = ORIENTED_EDGE('',*,*,#4297,.T.);
#4595 = ORIENTED_EDGE('',*,*,#4553,.F.);
#4596 = ORIENTED_EDGE('',*,*,#3357,.F.);
#4597 = CYLINDRICAL_SURFACE('',#4598,0.15);
#4598 = AXIS2_PLACEMENT_3D('',#4599,#4600,#4601);
#4599 = CARTESIAN_POINT('',(8.175000000001,0.,1.475));
#4600 = DIRECTION('',(0.,-1.,0.));
#4601 = DIRECTION('',(-0.707106781187,-0.,-0.707106781187));
#4602 = ADVANCED_FACE('',(#4603),#4614,.F.);
#4603 = FACE_BOUND('',#4604,.F.);
#4604 = EDGE_LOOP('',(#4605,#4611,#4612,#4613));
#4605 = ORIENTED_EDGE('',*,*,#4606,.F.);
#4606 = EDGE_CURVE('',#4417,#3307,#4607,.T.);
#4607 = LINE('',#4608,#4609);
#4608 = CARTESIAN_POINT('',(8.175000000001,0.,2.025));
#4609 = VECTOR('',#4610,1.);
#4610 = DIRECTION('',(0.,-1.,0.));
#4611 = ORIENTED_EDGE('',*,*,#4416,.T.);
#4612 = ORIENTED_EDGE('',*,*,#3587,.F.);
#4613 = ORIENTED_EDGE('',*,*,#3306,.F.);
#4614 = CYLINDRICAL_SURFACE('',#4615,0.15);
#4615 = AXIS2_PLACEMENT_3D('',#4616,#4617,#4618);
#4616 = CARTESIAN_POINT('',(8.175000000001,0.,1.875));
#4617 = DIRECTION('',(0.,-1.,0.));
#4618 = DIRECTION('',(-0.707106781187,0.,0.707106781187));
#4619 = ADVANCED_FACE('',(#4620),#4631,.T.);
#4620 = FACE_BOUND('',#4621,.T.);
#4621 = EDGE_LOOP('',(#4622,#4623,#4629,#4630));
#4622 = ORIENTED_EDGE('',*,*,#3434,.T.);
#4623 = ORIENTED_EDGE('',*,*,#4624,.F.);
#4624 = EDGE_CURVE('',#4092,#3426,#4625,.T.);
#4625 = LINE('',#4626,#4627);
#4626 = CARTESIAN_POINT('',(1.825,0.,4.565));
#4627 = VECTOR('',#4628,1.);
#4628 = DIRECTION('',(0.,-1.,0.));
#4629 = ORIENTED_EDGE('',*,*,#4155,.F.);
#4630 = ORIENTED_EDGE('',*,*,#4171,.F.);
#4631 = PLANE('',#4632);
#4632 = AXIS2_PLACEMENT_3D('',#4633,#4634,#4635);
#4633 = CARTESIAN_POINT('',(1.675,0.,4.565));
#4634 = DIRECTION('',(4.625929269271E-16,0.,-1.));
#4635 = DIRECTION('',(1.,0.,4.625929269271E-16));
#4636 = ADVANCED_FACE('',(#4637),#4648,.F.);
#4637 = FACE_BOUND('',#4638,.F.);
#4638 = EDGE_LOOP('',(#4639,#4640,#4641,#4647));
#4639 = ORIENTED_EDGE('',*,*,#4624,.F.);
#4640 = ORIENTED_EDGE('',*,*,#4091,.T.);
#4641 = ORIENTED_EDGE('',*,*,#4642,.F.);
#4642 = EDGE_CURVE('',#3418,#4036,#4643,.T.);
#4643 = LINE('',#4644,#4645);
#4644 = CARTESIAN_POINT('',(1.675,0.,4.415));
#4645 = VECTOR('',#4646,1.);
#4646 = DIRECTION('',(0.,1.,0.));
#4647 = ORIENTED_EDGE('',*,*,#3425,.F.);
#4648 = CYLINDRICAL_SURFACE('',#4649,0.15);
#4649 = AXIS2_PLACEMENT_3D('',#4650,#4651,#4652);
#4650 = CARTESIAN_POINT('',(1.825,0.,4.415));
#4651 = DIRECTION('',(0.,-1.,0.));
#4652 = DIRECTION('',(-0.707106781187,0.,0.707106781187));
#4653 = ADVANCED_FACE('',(#4654),#4665,.F.);
#4654 = FACE_BOUND('',#4655,.F.);
#4655 = EDGE_LOOP('',(#4656,#4662,#4663,#4664));
#4656 = ORIENTED_EDGE('',*,*,#4657,.F.);
#4657 = EDGE_CURVE('',#3973,#3409,#4658,.T.);
#4658 = LINE('',#4659,#4660);
#4659 = CARTESIAN_POINT('',(1.675,0.,4.015));
#4660 = VECTOR('',#4661,1.);
#4661 = DIRECTION('',(0.,-1.,0.));
#4662 = ORIENTED_EDGE('',*,*,#3972,.T.);
#4663 = ORIENTED_EDGE('',*,*,#4206,.F.);
#4664 = ORIENTED_EDGE('',*,*,#3408,.F.);
#4665 = CYLINDRICAL_SURFACE('',#4666,0.15);
#4666 = AXIS2_PLACEMENT_3D('',#4667,#4668,#4669);
#4667 = CARTESIAN_POINT('',(1.825,0.,4.015));
#4668 = DIRECTION('',(0.,-1.,0.));
#4669 = DIRECTION('',(-0.707106781187,-0.,-0.707106781187));
#4670 = ADVANCED_FACE('',(#4671),#4677,.T.);
#4671 = FACE_BOUND('',#4672,.T.);
#4672 = EDGE_LOOP('',(#4673,#4674,#4675,#4676));
#4673 = ORIENTED_EDGE('',*,*,#3417,.T.);
#4674 = ORIENTED_EDGE('',*,*,#4657,.F.);
#4675 = ORIENTED_EDGE('',*,*,#4043,.F.);
#4676 = ORIENTED_EDGE('',*,*,#4642,.F.);
#4677 = PLANE('',#4678);
#4678 = AXIS2_PLACEMENT_3D('',#4679,#4680,#4681);
#4679 = CARTESIAN_POINT('',(1.675,0.,3.865));
#4680 = DIRECTION('',(1.,0.,-7.930164461608E-16));
#4681 = DIRECTION('',(7.930164461608E-16,0.,1.));
#4682 = ADVANCED_FACE('',(#4683),#4746,.F.);
#4683 = FACE_BOUND('',#4684,.F.);
#4684 = EDGE_LOOP('',(#4685,#4695,#4712,#4720,#4729,#4737));
#4685 = ORIENTED_EDGE('',*,*,#4686,.F.);
#4686 = EDGE_CURVE('',#4687,#4689,#4691,.T.);
#4687 = VERTEX_POINT('',#4688);
#4688 = CARTESIAN_POINT('',(-0.25,-1.5,4.896421356237));
#4689 = VERTEX_POINT('',#4690);
#4690 = CARTESIAN_POINT('',(-1.5,-1.5,4.896421356237));
#4691 = LINE('',#4692,#4693);
#4692 = CARTESIAN_POINT('',(0.,-1.5,4.896421356237));
#4693 = VECTOR('',#4694,1.);
#4694 = DIRECTION('',(-1.,0.,0.));
#4695 = ORIENTED_EDGE('',*,*,#4696,.T.);
#4696 = EDGE_CURVE('',#4687,#4697,#4699,.T.);
#4697 = VERTEX_POINT('',#4698);
#4698 = CARTESIAN_POINT('',(-5.E-02,-1.6,4.755));
#4699 = B_SPLINE_CURVE_WITH_KNOTS('',3,(#4700,#4701,#4702,#4703,#4704,
    #4705,#4706,#4707,#4708,#4709,#4710,#4711),.UNSPECIFIED.,.F.,.F.,(4,
    2,2,2,2,4),(0.,7.525333013538E-03,1.505066602708E-02,
    2.066307458457E-02,2.487855712672E-02,2.909403966888E-02),
  .UNSPECIFIED.);
#4700 = CARTESIAN_POINT('',(-0.25,-1.5,4.896421356237));
#4701 = CARTESIAN_POINT('',(-0.224915556622,-1.5,4.896421356237));
#4702 = CARTESIAN_POINT('',(-0.197925782898,-1.504062727458,
    4.895252882613));
#4703 = CARTESIAN_POINT('',(-0.147734139305,-1.520354323823,
    4.887735012949));
#4704 = CARTESIAN_POINT('',(-0.12453505871,-1.532580256372,
    4.881360652883));
#4705 = CARTESIAN_POINT('',(-9.221574303688E-02,-1.55534811532,
    4.862522738223));
#4706 = CARTESIAN_POINT('',(-7.857506726933E-02,-1.567607421064,
    4.849575635676));
#4707 = CARTESIAN_POINT('',(-6.351825291147E-02,-1.583233128598,
    4.825033357425));
#4708 = CARTESIAN_POINT('',(-5.827487482739E-02,-1.589482760775,
    4.812093661599));
#4709 = CARTESIAN_POINT('',(-5.153090960111E-02,-1.597868418646,
    4.784099795956));
#4710 = CARTESIAN_POINT('',(-5.E-02,-1.6,4.769051608474));
#4711 = CARTESIAN_POINT('',(-5.E-02,-1.6,4.755));
#4712 = ORIENTED_EDGE('',*,*,#4713,.F.);
#4713 = EDGE_CURVE('',#4714,#4697,#4716,.T.);
#4714 = VERTEX_POINT('',#4715);
#4715 = CARTESIAN_POINT('',(0.,-1.6,4.755));
#4716 = LINE('',#4717,#4718);
#4717 = CARTESIAN_POINT('',(0.,-1.6,4.755));
#4718 = VECTOR('',#4719,1.);
#4719 = DIRECTION('',(-1.,0.,0.));
#4720 = ORIENTED_EDGE('',*,*,#4721,.T.);
#4721 = EDGE_CURVE('',#4714,#4722,#4724,.T.);
#4722 = VERTEX_POINT('',#4723);
#4723 = CARTESIAN_POINT('',(0.,-1.45,4.905));
#4724 = CIRCLE('',#4725,0.15);
#4725 = AXIS2_PLACEMENT_3D('',#4726,#4727,#4728);
#4726 = CARTESIAN_POINT('',(0.,-1.45,4.755));
#4727 = DIRECTION('',(-1.,0.,0.));
#4728 = DIRECTION('',(0.,0.,1.));
#4729 = ORIENTED_EDGE('',*,*,#4730,.F.);
#4730 = EDGE_CURVE('',#4731,#4722,#4733,.T.);
#4731 = VERTEX_POINT('',#4732);
#4732 = CARTESIAN_POINT('',(-1.665831239518,-1.45,4.905));
#4733 = LINE('',#4734,#4735);
#4734 = CARTESIAN_POINT('',(0.,-1.45,4.905));
#4735 = VECTOR('',#4736,1.);
#4736 = DIRECTION('',(1.,0.,0.));
#4737 = ORIENTED_EDGE('',*,*,#4738,.F.);
#4738 = EDGE_CURVE('',#4689,#4731,#4739,.T.);
#4739 = B_SPLINE_CURVE_WITH_KNOTS('',3,(#4740,#4741,#4742,#4743,#4744,
    #4745),.UNSPECIFIED.,.F.,.F.,(4,2,4),(4.30866630257E-02,
    5.314326433856E-02,5.988440427358E-02),.UNSPECIFIED.);
#4740 = CARTESIAN_POINT('',(-1.5,-1.5,4.896421356237));
#4741 = CARTESIAN_POINT('',(-1.533522004376,-1.5,4.896421356237));
#4742 = CARTESIAN_POINT('',(-1.569294885531,-1.494045430735,
    4.898927862085));
#4743 = CARTESIAN_POINT('',(-1.625102204842,-1.47371085405,
    4.903349344776));
#4744 = CARTESIAN_POINT('',(-1.646497593572,-1.462824489887,4.905));
#4745 = CARTESIAN_POINT('',(-1.665831239518,-1.45,4.905));
#4746 = CYLINDRICAL_SURFACE('',#4747,0.15);
#4747 = AXIS2_PLACEMENT_3D('',#4748,#4749,#4750);
#4748 = CARTESIAN_POINT('',(0.,-1.45,4.755));
#4749 = DIRECTION('',(-1.,0.,0.));
#4750 = DIRECTION('',(0.,0.,1.));
#4751 = ADVANCED_FACE('',(#4752),#4798,.T.);
#4752 = FACE_BOUND('',#4753,.T.);
#4753 = EDGE_LOOP('',(#4754,#4762,#4773,#4782,#4790,#4797));
#4754 = ORIENTED_EDGE('',*,*,#4755,.T.);
#4755 = EDGE_CURVE('',#1688,#4756,#4758,.T.);
#4756 = VERTEX_POINT('',#4757);
#4757 = CARTESIAN_POINT('',(-1.5,-1.5,3.533578643763));
#4758 = LINE('',#4759,#4760);
#4759 = CARTESIAN_POINT('',(-1.5,-1.5,4.905));
#4760 = VECTOR('',#4761,1.);
#4761 = DIRECTION('',(0.,0.,1.));
#4762 = ORIENTED_EDGE('',*,*,#4763,.F.);
#4763 = EDGE_CURVE('',#4764,#4756,#4766,.T.);
#4764 = VERTEX_POINT('',#4765);
#4765 = CARTESIAN_POINT('',(-1.665831239518,-1.45,3.525));
#4766 = B_SPLINE_CURVE_WITH_KNOTS('',3,(#4767,#4768,#4769,#4770,#4771,
    #4772),.UNSPECIFIED.,.F.,.F.,(4,2,4),(0.112462247829,0.119203387764,
    0.129259989077),.UNSPECIFIED.);
#4767 = CARTESIAN_POINT('',(-1.665831239518,-1.45,3.525));
#4768 = CARTESIAN_POINT('',(-1.646497593572,-1.462824489887,3.525));
#4769 = CARTESIAN_POINT('',(-1.625102204842,-1.47371085405,
    3.526650655224));
#4770 = CARTESIAN_POINT('',(-1.569294885531,-1.494045430735,
    3.531072137915));
#4771 = CARTESIAN_POINT('',(-1.533522004376,-1.5,3.533578643763));
#4772 = CARTESIAN_POINT('',(-1.5,-1.5,3.533578643763));
#4773 = ORIENTED_EDGE('',*,*,#4774,.T.);
#4774 = EDGE_CURVE('',#4764,#4775,#4777,.T.);
#4775 = VERTEX_POINT('',#4776);
#4776 = CARTESIAN_POINT('',(-1.8,-1.2,3.525));
#4777 = CIRCLE('',#4778,0.3);
#4778 = AXIS2_PLACEMENT_3D('',#4779,#4780,#4781);
#4779 = CARTESIAN_POINT('',(-1.5,-1.2,3.525));
#4780 = DIRECTION('',(0.,-7.401486830834E-16,-1.));
#4781 = DIRECTION('',(-0.707106781187,-0.707106781187,5.233641528946E-16
    ));
#4782 = ORIENTED_EDGE('',*,*,#4783,.T.);
#4783 = EDGE_CURVE('',#4775,#4784,#4786,.T.);
#4784 = VERTEX_POINT('',#4785);
#4785 = CARTESIAN_POINT('',(-1.8,-1.2,3.375));
#4786 = LINE('',#4787,#4788);
#4787 = CARTESIAN_POINT('',(-1.8,-1.2,4.635));
#4788 = VECTOR('',#4789,1.);
#4789 = DIRECTION('',(0.,0.,-1.));
#4790 = ORIENTED_EDGE('',*,*,#4791,.T.);
#4791 = EDGE_CURVE('',#4784,#1696,#4792,.T.);
#4792 = CIRCLE('',#4793,0.3);
#4793 = AXIS2_PLACEMENT_3D('',#4794,#4795,#4796);
#4794 = CARTESIAN_POINT('',(-1.5,-1.2,3.375));
#4795 = DIRECTION('',(0.,0.,1.));
#4796 = DIRECTION('',(-0.707106781187,-0.707106781187,0.));
#4797 = ORIENTED_EDGE('',*,*,#1695,.T.);
#4798 = CYLINDRICAL_SURFACE('',#4799,0.3);
#4799 = AXIS2_PLACEMENT_3D('',#4800,#4801,#4802);
#4800 = CARTESIAN_POINT('',(-1.5,-1.2,4.635));
#4801 = DIRECTION('',(0.,0.,1.));
#4802 = DIRECTION('',(-0.707106781187,-0.707106781187,0.));
#4803 = ADVANCED_FACE('',(#4804),#4855,.F.);
#4804 = FACE_BOUND('',#4805,.T.);
#4805 = EDGE_LOOP('',(#4806,#4807,#4816,#4824,#4832,#4840,#4849));
#4806 = ORIENTED_EDGE('',*,*,#4730,.F.);
#4807 = ORIENTED_EDGE('',*,*,#4808,.F.);
#4808 = EDGE_CURVE('',#4809,#4731,#4811,.T.);
#4809 = VERTEX_POINT('',#4810);
#4810 = CARTESIAN_POINT('',(-1.8,-1.2,4.905));
#4811 = CIRCLE('',#4812,0.3);
#4812 = AXIS2_PLACEMENT_3D('',#4813,#4814,#4815);
#4813 = CARTESIAN_POINT('',(-1.5,-1.2,4.905));
#4814 = DIRECTION('',(0.,0.,1.));
#4815 = DIRECTION('',(-0.707106781187,-0.707106781187,0.));
#4816 = ORIENTED_EDGE('',*,*,#4817,.F.);
#4817 = EDGE_CURVE('',#4818,#4809,#4820,.T.);
#4818 = VERTEX_POINT('',#4819);
#4819 = CARTESIAN_POINT('',(-1.8,-0.3,4.905));
#4820 = LINE('',#4821,#4822);
#4821 = CARTESIAN_POINT('',(-1.8,-0.15,4.905));
#4822 = VECTOR('',#4823,1.);
#4823 = DIRECTION('',(0.,-1.,0.));
#4824 = ORIENTED_EDGE('',*,*,#4825,.T.);
#4825 = EDGE_CURVE('',#4818,#4826,#4828,.T.);
#4826 = VERTEX_POINT('',#4827);
#4827 = CARTESIAN_POINT('',(-0.2,-0.3,4.905));
#4828 = LINE('',#4829,#4830);
#4829 = CARTESIAN_POINT('',(-1.8,-0.3,4.905));
#4830 = VECTOR('',#4831,1.);
#4831 = DIRECTION('',(1.,0.,0.));
#4832 = ORIENTED_EDGE('',*,*,#4833,.F.);
#4833 = EDGE_CURVE('',#4834,#4826,#4836,.T.);
#4834 = VERTEX_POINT('',#4835);
#4835 = CARTESIAN_POINT('',(-0.2,-0.45,4.905));
#4836 = LINE('',#4837,#4838);
#4837 = CARTESIAN_POINT('',(-0.2,-0.475,4.905));
#4838 = VECTOR('',#4839,1.);
#4839 = DIRECTION('',(0.,1.,0.));
#4840 = ORIENTED_EDGE('',*,*,#4841,.F.);
#4841 = EDGE_CURVE('',#4842,#4834,#4844,.T.);
#4842 = VERTEX_POINT('',#4843);
#4843 = CARTESIAN_POINT('',(-2.775557561563E-16,-0.65,4.905));
#4844 = CIRCLE('',#4845,0.2);
#4845 = AXIS2_PLACEMENT_3D('',#4846,#4847,#4848);
#4846 = CARTESIAN_POINT('',(-1.387778780781E-16,-0.45,4.905));
#4847 = DIRECTION('',(0.,0.,-1.));
#4848 = DIRECTION('',(-0.707106781187,-0.707106781187,-0.));
#4849 = ORIENTED_EDGE('',*,*,#4850,.T.);
#4850 = EDGE_CURVE('',#4842,#4722,#4851,.T.);
#4851 = LINE('',#4852,#4853);
#4852 = CARTESIAN_POINT('',(-2.775557561563E-16,-1.5,4.905));
#4853 = VECTOR('',#4854,1.);
#4854 = DIRECTION('',(0.,-1.,0.));
#4855 = PLANE('',#4856);
#4856 = AXIS2_PLACEMENT_3D('',#4857,#4858,#4859);
#4857 = CARTESIAN_POINT('',(-1.8,-0.3,4.905));
#4858 = DIRECTION('',(0.,0.,1.));
#4859 = DIRECTION('',(0.,-1.,0.));
#4860 = ADVANCED_FACE('',(#4861),#4911,.F.);
#4861 = FACE_BOUND('',#4862,.T.);
#4862 = EDGE_LOOP('',(#4863,#4871,#4879,#4888,#4896,#4904,#4910));
#4863 = ORIENTED_EDGE('',*,*,#4864,.T.);
#4864 = EDGE_CURVE('',#4764,#4865,#4867,.T.);
#4865 = VERTEX_POINT('',#4866);
#4866 = CARTESIAN_POINT('',(0.,-1.45,3.525));
#4867 = LINE('',#4868,#4869);
#4868 = CARTESIAN_POINT('',(0.,-1.45,3.525));
#4869 = VECTOR('',#4870,1.);
#4870 = DIRECTION('',(1.,0.,0.));
#4871 = ORIENTED_EDGE('',*,*,#4872,.T.);
#4872 = EDGE_CURVE('',#4865,#4873,#4875,.T.);
#4873 = VERTEX_POINT('',#4874);
#4874 = CARTESIAN_POINT('',(-2.775557561563E-16,-0.65,3.525));
#4875 = LINE('',#4876,#4877);
#4876 = CARTESIAN_POINT('',(-2.775557561563E-16,-0.3,3.525));
#4877 = VECTOR('',#4878,1.);
#4878 = DIRECTION('',(0.,1.,-7.401486830834E-16));
#4879 = ORIENTED_EDGE('',*,*,#4880,.F.);
#4880 = EDGE_CURVE('',#4881,#4873,#4883,.T.);
#4881 = VERTEX_POINT('',#4882);
#4882 = CARTESIAN_POINT('',(-0.2,-0.45,3.525));
#4883 = CIRCLE('',#4884,0.2);
#4884 = AXIS2_PLACEMENT_3D('',#4885,#4886,#4887);
#4885 = CARTESIAN_POINT('',(-1.387778780781E-16,-0.45,3.525));
#4886 = DIRECTION('',(0.,7.401486830834E-16,1.));
#4887 = DIRECTION('',(-0.707106781187,-0.707106781187,5.233641528946E-16
    ));
#4888 = ORIENTED_EDGE('',*,*,#4889,.F.);
#4889 = EDGE_CURVE('',#4890,#4881,#4892,.T.);
#4890 = VERTEX_POINT('',#4891);
#4891 = CARTESIAN_POINT('',(-0.2,-0.3,3.525));
#4892 = LINE('',#4893,#4894);
#4893 = CARTESIAN_POINT('',(-0.2,-1.075,3.525));
#4894 = VECTOR('',#4895,1.);
#4895 = DIRECTION('',(0.,-1.,7.401486830834E-16));
#4896 = ORIENTED_EDGE('',*,*,#4897,.F.);
#4897 = EDGE_CURVE('',#4898,#4890,#4900,.T.);
#4898 = VERTEX_POINT('',#4899);
#4899 = CARTESIAN_POINT('',(-1.8,-0.3,3.525));
#4900 = LINE('',#4901,#4902);
#4901 = CARTESIAN_POINT('',(-1.8,-0.3,3.525));
#4902 = VECTOR('',#4903,1.);
#4903 = DIRECTION('',(1.,0.,0.));
#4904 = ORIENTED_EDGE('',*,*,#4905,.F.);
#4905 = EDGE_CURVE('',#4775,#4898,#4906,.T.);
#4906 = LINE('',#4907,#4908);
#4907 = CARTESIAN_POINT('',(-1.8,-0.75,3.525));
#4908 = VECTOR('',#4909,1.);
#4909 = DIRECTION('',(0.,1.,-7.401486830834E-16));
#4910 = ORIENTED_EDGE('',*,*,#4774,.F.);
#4911 = PLANE('',#4912);
#4912 = AXIS2_PLACEMENT_3D('',#4913,#4914,#4915);
#4913 = CARTESIAN_POINT('',(-1.8,-1.5,3.525));
#4914 = DIRECTION('',(0.,-7.401486830834E-16,-1.));
#4915 = DIRECTION('',(0.,1.,-7.401486830834E-16));
#4916 = ADVANCED_FACE('',(#4917),#4942,.F.);
#4917 = FACE_BOUND('',#4918,.T.);
#4918 = EDGE_LOOP('',(#4919,#4927,#4928,#4936));
#4919 = ORIENTED_EDGE('',*,*,#4920,.F.);
#4920 = EDGE_CURVE('',#4697,#4921,#4923,.T.);
#4921 = VERTEX_POINT('',#4922);
#4922 = CARTESIAN_POINT('',(-5.E-02,-1.6,3.675));
#4923 = LINE('',#4924,#4925);
#4924 = CARTESIAN_POINT('',(-5.E-02,-1.6,3.525));
#4925 = VECTOR('',#4926,1.);
#4926 = DIRECTION('',(0.,-9.070449547591E-16,-1.));
#4927 = ORIENTED_EDGE('',*,*,#4713,.F.);
#4928 = ORIENTED_EDGE('',*,*,#4929,.F.);
#4929 = EDGE_CURVE('',#4930,#4714,#4932,.T.);
#4930 = VERTEX_POINT('',#4931);
#4931 = CARTESIAN_POINT('',(0.,-1.6,3.675));
#4932 = LINE('',#4933,#4934);
#4933 = CARTESIAN_POINT('',(0.,-1.6,3.675));
#4934 = VECTOR('',#4935,1.);
#4935 = DIRECTION('',(0.,7.709882115452E-16,1.));
#4936 = ORIENTED_EDGE('',*,*,#4937,.T.);
#4937 = EDGE_CURVE('',#4930,#4921,#4938,.T.);
#4938 = LINE('',#4939,#4940);
#4939 = CARTESIAN_POINT('',(0.,-1.6,3.675));
#4940 = VECTOR('',#4941,1.);
#4941 = DIRECTION('',(-1.,0.,0.));
#4942 = PLANE('',#4943);
#4943 = AXIS2_PLACEMENT_3D('',#4944,#4945,#4946);
#4944 = CARTESIAN_POINT('',(0.,-1.6,3.675));
#4945 = DIRECTION('',(0.,-1.,7.709882115452E-16));
#4946 = DIRECTION('',(0.,7.709882115452E-16,1.));
#4947 = ADVANCED_FACE('',(#4948),#5007,.F.);
#4948 = FACE_BOUND('',#4949,.F.);
#4949 = EDGE_LOOP('',(#4950,#4958,#4975,#4981,#4982,#4990,#5005,#5006));
#4950 = ORIENTED_EDGE('',*,*,#4951,.F.);
#4951 = EDGE_CURVE('',#4952,#4687,#4954,.T.);
#4952 = VERTEX_POINT('',#4953);
#4953 = CARTESIAN_POINT('',(-0.25,-1.5,5.050803989155));
#4954 = LINE('',#4955,#4956);
#4955 = CARTESIAN_POINT('',(-0.25,-1.5,3.525));
#4956 = VECTOR('',#4957,1.);
#4957 = DIRECTION('',(0.,-9.070449547591E-16,-1.));
#4958 = ORIENTED_EDGE('',*,*,#4959,.F.);
#4959 = EDGE_CURVE('',#4960,#4952,#4962,.T.);
#4960 = VERTEX_POINT('',#4961);
#4961 = CARTESIAN_POINT('',(0.,-1.75,4.755));
#4962 = B_SPLINE_CURVE_WITH_KNOTS('',3,(#4963,#4964,#4965,#4966,#4967,
    #4968,#4969,#4970,#4971,#4972,#4973,#4974),.UNSPECIFIED.,.F.,.F.,(4,
    2,2,2,2,4),(5.386054475151E-02,6.434177781933E-02,7.482301088715E-02
    ,8.519263998155E-02,9.645686474229E-02,0.107721089503),
  .UNSPECIFIED.);
#4963 = CARTESIAN_POINT('',(1.546786088669E-30,-1.75,4.755));
#4964 = CARTESIAN_POINT('',(1.684848322928E-30,-1.75,4.789937443559));
#4965 = CARTESIAN_POINT('',(2.680234032388E-04,-1.743503082729,
    4.827339419295));
#4966 = CARTESIAN_POINT('',(-1.828053004678E-03,-1.717030527657,
    4.896674766281));
#4967 = CARTESIAN_POINT('',(-4.514379047251E-03,-1.697049017858,
    4.928595779305));
#4968 = CARTESIAN_POINT('',(-1.88478149854E-02,-1.651899778213,
    4.979455864347));
#4969 = CARTESIAN_POINT('',(-3.346988563627E-02,-1.621097383917,
    5.003075239369));
#4970 = CARTESIAN_POINT('',(-7.409219700522E-02,-1.569064057466,
    5.032103214535));
#4971 = CARTESIAN_POINT('',(-0.103830626639,-1.543528818411,
    5.040606066878));
#4972 = CARTESIAN_POINT('',(-0.173055100103,-1.509011662672,
    5.049679553858));
#4973 = CARTESIAN_POINT('',(-0.212452584131,-1.5,5.050803989155));
#4974 = CARTESIAN_POINT('',(-0.25,-1.5,5.050803989155));
#4975 = ORIENTED_EDGE('',*,*,#4976,.T.);
#4976 = EDGE_CURVE('',#4960,#1663,#4977,.T.);
#4977 = LINE('',#4978,#4979);
#4978 = CARTESIAN_POINT('',(0.,-1.75,4.215));
#4979 = VECTOR('',#4980,1.);
#4980 = DIRECTION('',(0.,0.,-1.));
#4981 = ORIENTED_EDGE('',*,*,#1670,.F.);
#4982 = ORIENTED_EDGE('',*,*,#4983,.F.);
#4983 = EDGE_CURVE('',#4984,#1671,#4986,.T.);
#4984 = VERTEX_POINT('',#4985);
#4985 = CARTESIAN_POINT('',(-0.25,-1.5,3.533578643763));
#4986 = LINE('',#4987,#4988);
#4987 = CARTESIAN_POINT('',(-0.25,-1.5,3.525));
#4988 = VECTOR('',#4989,1.);
#4989 = DIRECTION('',(0.,-9.070449547591E-16,-1.));
#4990 = ORIENTED_EDGE('',*,*,#4991,.F.);
#4991 = EDGE_CURVE('',#4921,#4984,#4992,.T.);
#4992 = B_SPLINE_CURVE_WITH_KNOTS('',3,(#4993,#4994,#4995,#4996,#4997,
    #4998,#4999,#5000,#5001,#5002,#5003,#5004),.UNSPECIFIED.,.F.,.F.,(4,
    2,2,2,2,4),(2.909403966888E-02,3.330952221103E-02,3.752500475318E-02
    ,4.313741331068E-02,5.066274632421E-02,5.818807933775E-02),
  .UNSPECIFIED.);
#4993 = CARTESIAN_POINT('',(-5.E-02,-1.6,3.675));
#4994 = CARTESIAN_POINT('',(-5.E-02,-1.6,3.660948391526));
#4995 = CARTESIAN_POINT('',(-5.153090960111E-02,-1.597868418646,
    3.645900204044));
#4996 = CARTESIAN_POINT('',(-5.827487482739E-02,-1.589482760775,
    3.617906338401));
#4997 = CARTESIAN_POINT('',(-6.351825291147E-02,-1.583233128598,
    3.604966642575));
#4998 = CARTESIAN_POINT('',(-7.857506726933E-02,-1.567607421064,
    3.580424364324));
#4999 = CARTESIAN_POINT('',(-9.221574303688E-02,-1.55534811532,
    3.567477261777));
#5000 = CARTESIAN_POINT('',(-0.12453505871,-1.532580256372,
    3.548639347117));
#5001 = CARTESIAN_POINT('',(-0.147734139305,-1.520354323823,
    3.542264987051));
#5002 = CARTESIAN_POINT('',(-0.197925782898,-1.504062727458,
    3.534747117387));
#5003 = CARTESIAN_POINT('',(-0.224915556622,-1.5,3.533578643763));
#5004 = CARTESIAN_POINT('',(-0.25,-1.5,3.533578643763));
#5005 = ORIENTED_EDGE('',*,*,#4920,.F.);
#5006 = ORIENTED_EDGE('',*,*,#4696,.F.);
#5007 = CYLINDRICAL_SURFACE('',#5008,0.25);
#5008 = AXIS2_PLACEMENT_3D('',#5009,#5010,#5011);
#5009 = CARTESIAN_POINT('',(-0.25,-1.75,3.525));
#5010 = DIRECTION('',(0.,9.070449547591E-16,1.));
#5011 = DIRECTION('',(1.,0.,-0.));
#5012 = ADVANCED_FACE('',(#5013),#5024,.F.);
#5013 = FACE_BOUND('',#5014,.T.);
#5014 = EDGE_LOOP('',(#5015,#5016,#5017,#5018));
#5015 = ORIENTED_EDGE('',*,*,#4755,.F.);
#5016 = ORIENTED_EDGE('',*,*,#1687,.T.);
#5017 = ORIENTED_EDGE('',*,*,#4983,.F.);
#5018 = ORIENTED_EDGE('',*,*,#5019,.F.);
#5019 = EDGE_CURVE('',#4756,#4984,#5020,.T.);
#5020 = LINE('',#5021,#5022);
#5021 = CARTESIAN_POINT('',(0.,-1.5,3.533578643763));
#5022 = VECTOR('',#5023,1.);
#5023 = DIRECTION('',(1.,0.,0.));
#5024 = PLANE('',#5025);
#5025 = AXIS2_PLACEMENT_3D('',#5026,#5027,#5028);
#5026 = CARTESIAN_POINT('',(-0.9,-1.5,4.215));
#5027 = DIRECTION('',(0.,1.,0.));
#5028 = DIRECTION('',(0.,-0.,1.));
#5029 = ADVANCED_FACE('',(#5030),#5041,.T.);
#5030 = FACE_BOUND('',#5031,.T.);
#5031 = EDGE_LOOP('',(#5032,#5033,#5034,#5035));
#5032 = ORIENTED_EDGE('',*,*,#4976,.T.);
#5033 = ORIENTED_EDGE('',*,*,#1662,.T.);
#5034 = ORIENTED_EDGE('',*,*,#2122,.F.);
#5035 = ORIENTED_EDGE('',*,*,#5036,.F.);
#5036 = EDGE_CURVE('',#4960,#2123,#5037,.T.);
#5037 = LINE('',#5038,#5039);
#5038 = CARTESIAN_POINT('',(1.524999999999,-1.75,4.755));
#5039 = VECTOR('',#5040,1.);
#5040 = DIRECTION('',(1.,0.,0.));
#5041 = PLANE('',#5042);
#5042 = AXIS2_PLACEMENT_3D('',#5043,#5044,#5045);
#5043 = CARTESIAN_POINT('',(0.7625,-1.75,4.215));
#5044 = DIRECTION('',(0.,-1.,0.));
#5045 = DIRECTION('',(0.,0.,-1.));
#5046 = ADVANCED_FACE('',(#5047),#5072,.F.);
#5047 = FACE_BOUND('',#5048,.T.);
#5048 = EDGE_LOOP('',(#5049,#5050,#5058,#5066));
#5049 = ORIENTED_EDGE('',*,*,#1714,.T.);
#5050 = ORIENTED_EDGE('',*,*,#5051,.T.);
#5051 = EDGE_CURVE('',#1707,#5052,#5054,.T.);
#5052 = VERTEX_POINT('',#5053);
#5053 = CARTESIAN_POINT('',(0.,-1.65,3.375));
#5054 = LINE('',#5055,#5056);
#5055 = CARTESIAN_POINT('',(0.,0.,3.375));
#5056 = VECTOR('',#5057,1.);
#5057 = DIRECTION('',(0.,-1.,0.));
#5058 = ORIENTED_EDGE('',*,*,#5059,.F.);
#5059 = EDGE_CURVE('',#5060,#5052,#5062,.T.);
#5060 = VERTEX_POINT('',#5061);
#5061 = CARTESIAN_POINT('',(1.524999999999,-1.65,3.375));
#5062 = LINE('',#5063,#5064);
#5063 = CARTESIAN_POINT('',(3.4875,-1.65,3.375));
#5064 = VECTOR('',#5065,1.);
#5065 = DIRECTION('',(-1.,0.,0.));
#5066 = ORIENTED_EDGE('',*,*,#5067,.F.);
#5067 = EDGE_CURVE('',#1606,#5060,#5068,.T.);
#5068 = LINE('',#5069,#5070);
#5069 = CARTESIAN_POINT('',(1.524999999999,-1.85,3.375));
#5070 = VECTOR('',#5071,1.);
#5071 = DIRECTION('',(0.,-1.,0.));
#5072 = PLANE('',#5073);
#5073 = AXIS2_PLACEMENT_3D('',#5074,#5075,#5076);
#5074 = CARTESIAN_POINT('',(1.524999999999,-1.85,3.375));
#5075 = DIRECTION('',(0.,0.,-1.));
#5076 = DIRECTION('',(-1.,0.,0.));
#5077 = ADVANCED_FACE('',(#5078),#5121,.T.);
#5078 = FACE_BOUND('',#5079,.T.);
#5079 = EDGE_LOOP('',(#5080,#5081,#5082,#5090,#5098,#5106,#5115));
#5080 = ORIENTED_EDGE('',*,*,#1706,.F.);
#5081 = ORIENTED_EDGE('',*,*,#4791,.F.);
#5082 = ORIENTED_EDGE('',*,*,#5083,.F.);
#5083 = EDGE_CURVE('',#5084,#4784,#5086,.T.);
#5084 = VERTEX_POINT('',#5085);
#5085 = CARTESIAN_POINT('',(-1.8,-0.3,3.375));
#5086 = LINE('',#5087,#5088);
#5087 = CARTESIAN_POINT('',(-1.8,0.,3.375));
#5088 = VECTOR('',#5089,1.);
#5089 = DIRECTION('',(0.,-1.,0.));
#5090 = ORIENTED_EDGE('',*,*,#5091,.F.);
#5091 = EDGE_CURVE('',#5092,#5084,#5094,.T.);
#5092 = VERTEX_POINT('',#5093);
#5093 = CARTESIAN_POINT('',(-0.2,-0.3,3.375));
#5094 = LINE('',#5095,#5096);
#5095 = CARTESIAN_POINT('',(1.825,-0.3,3.375));
#5096 = VECTOR('',#5097,1.);
#5097 = DIRECTION('',(-1.,0.,0.));
#5098 = ORIENTED_EDGE('',*,*,#5099,.T.);
#5099 = EDGE_CURVE('',#5092,#5100,#5102,.T.);
#5100 = VERTEX_POINT('',#5101);
#5101 = CARTESIAN_POINT('',(-0.2,-0.45,3.375));
#5102 = LINE('',#5103,#5104);
#5103 = CARTESIAN_POINT('',(-0.2,-0.325,3.375));
#5104 = VECTOR('',#5105,1.);
#5105 = DIRECTION('',(0.,-1.,0.));
#5106 = ORIENTED_EDGE('',*,*,#5107,.F.);
#5107 = EDGE_CURVE('',#5108,#5100,#5110,.T.);
#5108 = VERTEX_POINT('',#5109);
#5109 = CARTESIAN_POINT('',(0.,-0.65,3.375));
#5110 = CIRCLE('',#5111,0.2);
#5111 = AXIS2_PLACEMENT_3D('',#5112,#5113,#5114);
#5112 = CARTESIAN_POINT('',(-1.387778780781E-16,-0.45,3.375));
#5113 = DIRECTION('',(0.,0.,-1.));
#5114 = DIRECTION('',(-0.707106781187,-0.707106781187,-0.));
#5115 = ORIENTED_EDGE('',*,*,#5116,.T.);
#5116 = EDGE_CURVE('',#5108,#1707,#5117,.T.);
#5117 = LINE('',#5118,#5119);
#5118 = CARTESIAN_POINT('',(0.,0.,3.375));
#5119 = VECTOR('',#5120,1.);
#5120 = DIRECTION('',(0.,-1.,0.));
#5121 = PLANE('',#5122);
#5122 = AXIS2_PLACEMENT_3D('',#5123,#5124,#5125);
#5123 = CARTESIAN_POINT('',(-1.8,0.,3.375));
#5124 = DIRECTION('',(0.,0.,-1.));
#5125 = DIRECTION('',(1.,0.,0.));
#5126 = ADVANCED_FACE('',(#5127),#5145,.F.);
#5127 = FACE_BOUND('',#5128,.T.);
#5128 = EDGE_LOOP('',(#5129,#5137,#5138,#5139));
#5129 = ORIENTED_EDGE('',*,*,#5130,.F.);
#5130 = EDGE_CURVE('',#4689,#5131,#5133,.T.);
#5131 = VERTEX_POINT('',#5132);
#5132 = CARTESIAN_POINT('',(-1.5,-1.5,5.050803989155));
#5133 = LINE('',#5134,#5135);
#5134 = CARTESIAN_POINT('',(-1.5,-1.5,4.635));
#5135 = VECTOR('',#5136,1.);
#5136 = DIRECTION('',(0.,0.,1.));
#5137 = ORIENTED_EDGE('',*,*,#4686,.F.);
#5138 = ORIENTED_EDGE('',*,*,#4951,.F.);
#5139 = ORIENTED_EDGE('',*,*,#5140,.F.);
#5140 = EDGE_CURVE('',#5131,#4952,#5141,.T.);
#5141 = LINE('',#5142,#5143);
#5142 = CARTESIAN_POINT('',(1.143749999999,-1.5,5.050803989155));
#5143 = VECTOR('',#5144,1.);
#5144 = DIRECTION('',(1.,0.,0.));
#5145 = PLANE('',#5146);
#5146 = AXIS2_PLACEMENT_3D('',#5147,#5148,#5149);
#5147 = CARTESIAN_POINT('',(-0.9,-1.5,4.215));
#5148 = DIRECTION('',(0.,1.,0.));
#5149 = DIRECTION('',(0.,-0.,1.));
#5150 = ADVANCED_FACE('',(#5151),#5182,.T.);
#5151 = FACE_BOUND('',#5152,.T.);
#5152 = EDGE_LOOP('',(#5153,#5164,#5173,#5179,#5180,#5181));
#5153 = ORIENTED_EDGE('',*,*,#5154,.T.);
#5154 = EDGE_CURVE('',#5131,#5155,#5157,.T.);
#5155 = VERTEX_POINT('',#5156);
#5156 = CARTESIAN_POINT('',(-1.665831239518,-1.45,5.055));
#5157 = B_SPLINE_CURVE_WITH_KNOTS('',3,(#5158,#5159,#5160,#5161,#5162,
    #5163),.UNSPECIFIED.,.F.,.F.,(4,2,4),(0.134102756265,0.148549533249,
    0.151258523464),.UNSPECIFIED.);
#5158 = CARTESIAN_POINT('',(-1.5,-1.5,5.050803989155));
#5159 = CARTESIAN_POINT('',(-1.548155923282,-1.5,5.050803989155));
#5160 = CARTESIAN_POINT('',(-1.598213840316,-1.487775456687,
    5.053538003147));
#5161 = CARTESIAN_POINT('',(-1.650112729194,-1.459909008303,
    5.05486866577));
#5162 = CARTESIAN_POINT('',(-1.658099122709,-1.455128906058,5.055));
#5163 = CARTESIAN_POINT('',(-1.665831239518,-1.45,5.055));
#5164 = ORIENTED_EDGE('',*,*,#5165,.T.);
#5165 = EDGE_CURVE('',#5155,#5166,#5168,.T.);
#5166 = VERTEX_POINT('',#5167);
#5167 = CARTESIAN_POINT('',(-1.8,-1.2,5.055));
#5168 = CIRCLE('',#5169,0.3);
#5169 = AXIS2_PLACEMENT_3D('',#5170,#5171,#5172);
#5170 = CARTESIAN_POINT('',(-1.5,-1.2,5.055));
#5171 = DIRECTION('',(0.,0.,-1.));
#5172 = DIRECTION('',(-0.707106781187,-0.707106781187,-0.));
#5173 = ORIENTED_EDGE('',*,*,#5174,.T.);
#5174 = EDGE_CURVE('',#5166,#4809,#5175,.T.);
#5175 = LINE('',#5176,#5177);
#5176 = CARTESIAN_POINT('',(-1.8,-1.2,4.635));
#5177 = VECTOR('',#5178,1.);
#5178 = DIRECTION('',(0.,0.,-1.));
#5179 = ORIENTED_EDGE('',*,*,#4808,.T.);
#5180 = ORIENTED_EDGE('',*,*,#4738,.F.);
#5181 = ORIENTED_EDGE('',*,*,#5130,.T.);
#5182 = CYLINDRICAL_SURFACE('',#5183,0.3);
#5183 = AXIS2_PLACEMENT_3D('',#5184,#5185,#5186);
#5184 = CARTESIAN_POINT('',(-1.5,-1.2,4.635));
#5185 = DIRECTION('',(0.,0.,1.));
#5186 = DIRECTION('',(-0.707106781187,-0.707106781187,0.));
#5187 = ADVANCED_FACE('',(#5188),#5202,.F.);
#5188 = FACE_BOUND('',#5189,.F.);
#5189 = EDGE_LOOP('',(#5190,#5191,#5198,#5199,#5200,#5201));
#5190 = ORIENTED_EDGE('',*,*,#4864,.T.);
#5191 = ORIENTED_EDGE('',*,*,#5192,.T.);
#5192 = EDGE_CURVE('',#4865,#4930,#5193,.T.);
#5193 = CIRCLE('',#5194,0.15);
#5194 = AXIS2_PLACEMENT_3D('',#5195,#5196,#5197);
#5195 = CARTESIAN_POINT('',(0.,-1.45,3.675));
#5196 = DIRECTION('',(-1.,0.,0.));
#5197 = DIRECTION('',(0.,0.,1.));
#5198 = ORIENTED_EDGE('',*,*,#4937,.T.);
#5199 = ORIENTED_EDGE('',*,*,#4991,.T.);
#5200 = ORIENTED_EDGE('',*,*,#5019,.F.);
#5201 = ORIENTED_EDGE('',*,*,#4763,.F.);
#5202 = CYLINDRICAL_SURFACE('',#5203,0.15);
#5203 = AXIS2_PLACEMENT_3D('',#5204,#5205,#5206);
#5204 = CARTESIAN_POINT('',(0.,-1.45,3.675));
#5205 = DIRECTION('',(-1.,0.,0.));
#5206 = DIRECTION('',(0.,0.,1.));
#5207 = ADVANCED_FACE('',(#5208),#5240,.T.);
#5208 = FACE_BOUND('',#5209,.T.);
#5209 = EDGE_LOOP('',(#5210,#5218,#5226,#5234));
#5210 = ORIENTED_EDGE('',*,*,#5211,.T.);
#5211 = EDGE_CURVE('',#5060,#5212,#5214,.T.);
#5212 = VERTEX_POINT('',#5213);
#5213 = CARTESIAN_POINT('',(1.374999999999,-1.85,3.175));
#5214 = LINE('',#5215,#5216);
#5215 = CARTESIAN_POINT('',(1.641432926828,-1.494756097561,
    3.530243902439));
#5216 = VECTOR('',#5217,1.);
#5217 = DIRECTION('',(-0.468521285666,-0.624695047554,-0.624695047554));
#5218 = ORIENTED_EDGE('',*,*,#5219,.T.);
#5219 = EDGE_CURVE('',#5212,#5220,#5222,.T.);
#5220 = VERTEX_POINT('',#5221);
#5221 = CARTESIAN_POINT('',(1.374999999999,-1.85,2.965));
#5222 = LINE('',#5223,#5224);
#5223 = CARTESIAN_POINT('',(1.374999999999,-1.85,3.055));
#5224 = VECTOR('',#5225,1.);
#5225 = DIRECTION('',(0.,0.,-1.));
#5226 = ORIENTED_EDGE('',*,*,#5227,.F.);
#5227 = EDGE_CURVE('',#5228,#5220,#5230,.T.);
#5228 = VERTEX_POINT('',#5229);
#5229 = CARTESIAN_POINT('',(1.524999999999,-1.65,3.165));
#5230 = LINE('',#5231,#5232);
#5231 = CARTESIAN_POINT('',(1.746249999999,-1.355,3.46));
#5232 = VECTOR('',#5233,1.);
#5233 = DIRECTION('',(-0.468521285666,-0.624695047554,-0.624695047554));
#5234 = ORIENTED_EDGE('',*,*,#5235,.T.);
#5235 = EDGE_CURVE('',#5228,#5060,#5236,.T.);
#5236 = LINE('',#5237,#5238);
#5237 = CARTESIAN_POINT('',(1.524999999999,-1.65,3.055));
#5238 = VECTOR('',#5239,1.);
#5239 = DIRECTION('',(0.,0.,1.));
#5240 = PLANE('',#5241);
#5241 = AXIS2_PLACEMENT_3D('',#5242,#5243,#5244);
#5242 = CARTESIAN_POINT('',(1.449999999999,-1.75,3.055));
#5243 = DIRECTION('',(0.8,-0.6,0.));
#5244 = DIRECTION('',(0.,0.,-1.));
#5245 = ADVANCED_FACE('',(#5246),#5258,.F.);
#5246 = FACE_BOUND('',#5247,.T.);
#5247 = EDGE_LOOP('',(#5248,#5249,#5250,#5251,#5252));
#5248 = ORIENTED_EDGE('',*,*,#3897,.T.);
#5249 = ORIENTED_EDGE('',*,*,#1613,.T.);
#5250 = ORIENTED_EDGE('',*,*,#5067,.T.);
#5251 = ORIENTED_EDGE('',*,*,#5235,.F.);
#5252 = ORIENTED_EDGE('',*,*,#5253,.T.);
#5253 = EDGE_CURVE('',#5228,#3898,#5254,.T.);
#5254 = LINE('',#5255,#5256);
#5255 = CARTESIAN_POINT('',(1.524999999999,-1.85,3.165));
#5256 = VECTOR('',#5257,1.);
#5257 = DIRECTION('',(0.,1.,0.));
#5258 = PLANE('',#5259);
#5259 = AXIS2_PLACEMENT_3D('',#5260,#5261,#5262);
#5260 = CARTESIAN_POINT('',(1.524999999999,-1.85,3.165));
#5261 = DIRECTION('',(-1.,0.,0.));
#5262 = DIRECTION('',(0.,0.,1.));
#5263 = ADVANCED_FACE('',(#5264),#5289,.T.);
#5264 = FACE_BOUND('',#5265,.T.);
#5265 = EDGE_LOOP('',(#5266,#5274,#5275,#5283));
#5266 = ORIENTED_EDGE('',*,*,#5267,.T.);
#5267 = EDGE_CURVE('',#5268,#3793,#5270,.T.);
#5268 = VERTEX_POINT('',#5269);
#5269 = CARTESIAN_POINT('',(1.374999999999,-1.85,5.255));
#5270 = LINE('',#5271,#5272);
#5271 = CARTESIAN_POINT('',(1.89725609756,-1.153658536585,4.558658536585
    ));
#5272 = VECTOR('',#5273,1.);
#5273 = DIRECTION('',(0.468521285666,0.624695047554,-0.624695047554));
#5274 = ORIENTED_EDGE('',*,*,#3792,.T.);
#5275 = ORIENTED_EDGE('',*,*,#5276,.F.);
#5276 = EDGE_CURVE('',#5277,#3785,#5279,.T.);
#5277 = VERTEX_POINT('',#5278);
#5278 = CARTESIAN_POINT('',(1.374999999999,-1.85,5.465));
#5279 = LINE('',#5280,#5281);
#5280 = CARTESIAN_POINT('',(2.011676829268,-1.001097560976,
    4.616097560976));
#5281 = VECTOR('',#5282,1.);
#5282 = DIRECTION('',(0.468521285666,0.624695047554,-0.624695047554));
#5283 = ORIENTED_EDGE('',*,*,#5284,.T.);
#5284 = EDGE_CURVE('',#5277,#5268,#5285,.T.);
#5285 = LINE('',#5286,#5287);
#5286 = CARTESIAN_POINT('',(1.374999999999,-1.85,3.055));
#5287 = VECTOR('',#5288,1.);
#5288 = DIRECTION('',(0.,0.,-1.));
#5289 = PLANE('',#5290);
#5290 = AXIS2_PLACEMENT_3D('',#5291,#5292,#5293);
#5291 = CARTESIAN_POINT('',(1.449999999999,-1.75,3.055));
#5292 = DIRECTION('',(0.8,-0.6,0.));
#5293 = DIRECTION('',(0.,0.,-1.));
#5294 = ADVANCED_FACE('',(#5295),#5321,.T.);
#5295 = FACE_BOUND('',#5296,.T.);
#5296 = EDGE_LOOP('',(#5297,#5298,#5306,#5315));
#5297 = ORIENTED_EDGE('',*,*,#5267,.F.);
#5298 = ORIENTED_EDGE('',*,*,#5299,.T.);
#5299 = EDGE_CURVE('',#5268,#5300,#5302,.T.);
#5300 = VERTEX_POINT('',#5301);
#5301 = CARTESIAN_POINT('',(0.2,-1.85,5.255));
#5302 = LINE('',#5303,#5304);
#5303 = CARTESIAN_POINT('',(2.725,-1.85,5.255));
#5304 = VECTOR('',#5305,1.);
#5305 = DIRECTION('',(-1.,0.,0.));
#5306 = ORIENTED_EDGE('',*,*,#5307,.F.);
#5307 = EDGE_CURVE('',#5308,#5300,#5310,.T.);
#5308 = VERTEX_POINT('',#5309);
#5309 = CARTESIAN_POINT('',(0.,-1.65,5.055));
#5310 = ELLIPSE('',#5311,0.282842712475,0.2);
#5311 = AXIS2_PLACEMENT_3D('',#5312,#5313,#5314);
#5312 = CARTESIAN_POINT('',(0.2,-1.65,5.055));
#5313 = DIRECTION('',(0.,0.707106781187,0.707106781187));
#5314 = DIRECTION('',(0.,-0.707106781187,0.707106781187));
#5315 = ORIENTED_EDGE('',*,*,#5316,.T.);
#5316 = EDGE_CURVE('',#5308,#3793,#5317,.T.);
#5317 = LINE('',#5318,#5319);
#5318 = CARTESIAN_POINT('',(2.725,-1.65,5.055));
#5319 = VECTOR('',#5320,1.);
#5320 = DIRECTION('',(1.,0.,0.));
#5321 = PLANE('',#5322);
#5322 = AXIS2_PLACEMENT_3D('',#5323,#5324,#5325);
#5323 = CARTESIAN_POINT('',(2.725,-1.75,5.155));
#5324 = DIRECTION('',(0.,-0.707106781187,-0.707106781187));
#5325 = DIRECTION('',(-1.,-0.,0.));
#5326 = ADVANCED_FACE('',(#5327),#5508,.T.);
#5327 = FACE_BOUND('',#5328,.T.);
#5328 = EDGE_LOOP('',(#5329,#5330,#5338,#5346,#5355,#5363,#5372,#5381,
    #5389,#5397,#5405,#5413,#5421,#5429,#5437,#5445,#5453,#5461,#5470,
    #5478,#5484,#5485,#5486,#5494,#5502));
#5329 = ORIENTED_EDGE('',*,*,#5219,.F.);
#5330 = ORIENTED_EDGE('',*,*,#5331,.F.);
#5331 = EDGE_CURVE('',#5332,#5212,#5334,.T.);
#5332 = VERTEX_POINT('',#5333);
#5333 = CARTESIAN_POINT('',(0.2,-1.85,3.175));
#5334 = LINE('',#5335,#5336);
#5335 = CARTESIAN_POINT('',(3.4875,-1.85,3.175));
#5336 = VECTOR('',#5337,1.);
#5337 = DIRECTION('',(1.,0.,0.));
#5338 = ORIENTED_EDGE('',*,*,#5339,.F.);
#5339 = EDGE_CURVE('',#5340,#5332,#5342,.T.);
#5340 = VERTEX_POINT('',#5341);
#5341 = CARTESIAN_POINT('',(0.2,-1.85,2.39));
#5342 = LINE('',#5343,#5344);
#5343 = CARTESIAN_POINT('',(0.2,-1.85,3.16));
#5344 = VECTOR('',#5345,1.);
#5345 = DIRECTION('',(0.,0.,1.));
#5346 = ORIENTED_EDGE('',*,*,#5347,.F.);
#5347 = EDGE_CURVE('',#5348,#5340,#5350,.T.);
#5348 = VERTEX_POINT('',#5349);
#5349 = CARTESIAN_POINT('',(0.5,-1.85,2.09));
#5350 = CIRCLE('',#5351,0.3);
#5351 = AXIS2_PLACEMENT_3D('',#5352,#5353,#5354);
#5352 = CARTESIAN_POINT('',(0.5,-1.85,2.39));
#5353 = DIRECTION('',(0.,1.,0.));
#5354 = DIRECTION('',(-0.707106781187,0.,-0.707106781187));
#5355 = ORIENTED_EDGE('',*,*,#5356,.F.);
#5356 = EDGE_CURVE('',#5357,#5348,#5359,.T.);
#5357 = VERTEX_POINT('',#5358);
#5358 = CARTESIAN_POINT('',(5.13,-1.85,2.09));
#5359 = LINE('',#5360,#5361);
#5360 = CARTESIAN_POINT('',(2.725,-1.85,2.09));
#5361 = VECTOR('',#5362,1.);
#5362 = DIRECTION('',(-1.,0.,0.));
#5363 = ORIENTED_EDGE('',*,*,#5364,.F.);
#5364 = EDGE_CURVE('',#5365,#5357,#5367,.T.);
#5365 = VERTEX_POINT('',#5366);
#5366 = CARTESIAN_POINT('',(7.419454083401,-1.85,0.41));
#5367 = CIRCLE('',#5368,2.4);
#5368 = AXIS2_PLACEMENT_3D('',#5369,#5370,#5371);
#5369 = CARTESIAN_POINT('',(5.13,-1.85,-0.31));
#5370 = DIRECTION('',(0.,-1.,0.));
#5371 = DIRECTION('',(0.59160797831,0.,0.80622577483));
#5372 = ORIENTED_EDGE('',*,*,#5373,.F.);
#5373 = EDGE_CURVE('',#5374,#5365,#5376,.T.);
#5374 = VERTEX_POINT('',#5375);
#5375 = CARTESIAN_POINT('',(7.705635843826,-1.85,0.2));
#5376 = CIRCLE('',#5377,0.3);
#5377 = AXIS2_PLACEMENT_3D('',#5378,#5379,#5380);
#5378 = CARTESIAN_POINT('',(7.705635843826,-1.85,0.5));
#5379 = DIRECTION('',(0.,1.,0.));
#5380 = DIRECTION('',(-0.59160797831,0.,-0.80622577483));
#5381 = ORIENTED_EDGE('',*,*,#5382,.F.);
#5382 = EDGE_CURVE('',#5383,#5374,#5385,.T.);
#5383 = VERTEX_POINT('',#5384);
#5384 = CARTESIAN_POINT('',(10.7,-1.85,0.2));
#5385 = LINE('',#5386,#5387);
#5386 = CARTESIAN_POINT('',(5.45,-1.85,0.2));
#5387 = VECTOR('',#5388,1.);
#5388 = DIRECTION('',(-1.,0.,0.));
#5389 = ORIENTED_EDGE('',*,*,#5390,.F.);
#5390 = EDGE_CURVE('',#5391,#5383,#5393,.T.);
#5391 = VERTEX_POINT('',#5392);
#5392 = CARTESIAN_POINT('',(10.7,-1.85,0.635));
#5393 = LINE('',#5394,#5395);
#5394 = CARTESIAN_POINT('',(10.7,-1.85,1.4725));
#5395 = VECTOR('',#5396,1.);
#5396 = DIRECTION('',(0.,0.,-1.));
#5397 = ORIENTED_EDGE('',*,*,#5398,.F.);
#5398 = EDGE_CURVE('',#5399,#5391,#5401,.T.);
#5399 = VERTEX_POINT('',#5400);
#5400 = CARTESIAN_POINT('',(9.524999999999,-1.85,0.635));
#5401 = LINE('',#5402,#5403);
#5402 = CARTESIAN_POINT('',(8.175,-1.85,0.635));
#5403 = VECTOR('',#5404,1.);
#5404 = DIRECTION('',(1.,0.,0.));
#5405 = ORIENTED_EDGE('',*,*,#5406,.F.);
#5406 = EDGE_CURVE('',#5407,#5399,#5409,.T.);
#5407 = VERTEX_POINT('',#5408);
#5408 = CARTESIAN_POINT('',(9.524999999999,-1.85,0.425));
#5409 = LINE('',#5410,#5411);
#5410 = CARTESIAN_POINT('',(9.524999999999,-1.85,2.835));
#5411 = VECTOR('',#5412,1.);
#5412 = DIRECTION('',(0.,0.,1.));
#5413 = ORIENTED_EDGE('',*,*,#5414,.F.);
#5414 = EDGE_CURVE('',#5415,#5407,#5417,.T.);
#5415 = VERTEX_POINT('',#5416);
#5416 = CARTESIAN_POINT('',(7.824999999999,-1.85,0.425));
#5417 = LINE('',#5418,#5419);
#5418 = CARTESIAN_POINT('',(7.4125,-1.85,0.425));
#5419 = VECTOR('',#5420,1.);
#5420 = DIRECTION('',(1.,0.,0.));
#5421 = ORIENTED_EDGE('',*,*,#5422,.F.);
#5422 = EDGE_CURVE('',#5423,#5415,#5425,.T.);
#5423 = VERTEX_POINT('',#5424);
#5424 = CARTESIAN_POINT('',(7.824999999999,-1.85,2.925));
#5425 = LINE('',#5426,#5427);
#5426 = CARTESIAN_POINT('',(7.824999999999,-1.85,2.135));
#5427 = VECTOR('',#5428,1.);
#5428 = DIRECTION('',(-1.586032892322E-15,0.,-1.));
#5429 = ORIENTED_EDGE('',*,*,#5430,.F.);
#5430 = EDGE_CURVE('',#5431,#5423,#5433,.T.);
#5431 = VERTEX_POINT('',#5432);
#5432 = CARTESIAN_POINT('',(9.524999999999,-1.85,2.925));
#5433 = LINE('',#5434,#5435);
#5434 = CARTESIAN_POINT('',(6.7375,-1.85,2.925));
#5435 = VECTOR('',#5436,1.);
#5436 = DIRECTION('',(-1.,0.,0.));
#5437 = ORIENTED_EDGE('',*,*,#5438,.F.);
#5438 = EDGE_CURVE('',#5439,#5431,#5441,.T.);
#5439 = VERTEX_POINT('',#5440);
#5440 = CARTESIAN_POINT('',(9.524999999999,-1.85,2.715));
#5441 = LINE('',#5442,#5443);
#5442 = CARTESIAN_POINT('',(9.524999999999,-1.85,2.835));
#5443 = VECTOR('',#5444,1.);
#5444 = DIRECTION('',(0.,0.,1.));
#5445 = ORIENTED_EDGE('',*,*,#5446,.F.);
#5446 = EDGE_CURVE('',#5447,#5439,#5449,.T.);
#5447 = VERTEX_POINT('',#5448);
#5448 = CARTESIAN_POINT('',(10.7,-1.85,2.715));
#5449 = LINE('',#5450,#5451);
#5450 = CARTESIAN_POINT('',(7.4125,-1.85,2.715));
#5451 = VECTOR('',#5452,1.);
#5452 = DIRECTION('',(-1.,0.,0.));
#5453 = ORIENTED_EDGE('',*,*,#5454,.F.);
#5454 = EDGE_CURVE('',#5455,#5447,#5457,.T.);
#5455 = VERTEX_POINT('',#5456);
#5456 = CARTESIAN_POINT('',(10.7,-1.85,3.89));
#5457 = LINE('',#5458,#5459);
#5458 = CARTESIAN_POINT('',(10.7,-1.85,1.4725));
#5459 = VECTOR('',#5460,1.);
#5460 = DIRECTION('',(0.,0.,-1.));
#5461 = ORIENTED_EDGE('',*,*,#5462,.F.);
#5462 = EDGE_CURVE('',#5463,#5455,#5465,.T.);
#5463 = VERTEX_POINT('',#5464);
#5464 = CARTESIAN_POINT('',(8.9,-1.85,5.69));
#5465 = CIRCLE('',#5466,1.8);
#5466 = AXIS2_PLACEMENT_3D('',#5467,#5468,#5469);
#5467 = CARTESIAN_POINT('',(8.9,-1.85,3.89));
#5468 = DIRECTION('',(0.,1.,0.));
#5469 = DIRECTION('',(0.707106781187,-0.,0.707106781187));
#5470 = ORIENTED_EDGE('',*,*,#5471,.F.);
#5471 = EDGE_CURVE('',#5472,#5463,#5474,.T.);
#5472 = VERTEX_POINT('',#5473);
#5473 = CARTESIAN_POINT('',(0.2,-1.85,5.69));
#5474 = LINE('',#5475,#5476);
#5475 = CARTESIAN_POINT('',(8.175,-1.85,5.69));
#5476 = VECTOR('',#5477,1.);
#5477 = DIRECTION('',(1.,0.,0.));
#5478 = ORIENTED_EDGE('',*,*,#5479,.F.);
#5479 = EDGE_CURVE('',#5300,#5472,#5480,.T.);
#5480 = LINE('',#5481,#5482);
#5481 = CARTESIAN_POINT('',(0.2,-1.85,3.16));
#5482 = VECTOR('',#5483,1.);
#5483 = DIRECTION('',(0.,0.,1.));
#5484 = ORIENTED_EDGE('',*,*,#5299,.F.);
#5485 = ORIENTED_EDGE('',*,*,#5284,.F.);
#5486 = ORIENTED_EDGE('',*,*,#5487,.F.);
#5487 = EDGE_CURVE('',#5488,#5277,#5490,.T.);
#5488 = VERTEX_POINT('',#5489);
#5489 = CARTESIAN_POINT('',(3.074999999999,-1.85,5.465));
#5490 = LINE('',#5491,#5492);
#5491 = CARTESIAN_POINT('',(3.4875,-1.85,5.465));
#5492 = VECTOR('',#5493,1.);
#5493 = DIRECTION('',(-1.,0.,0.));
#5494 = ORIENTED_EDGE('',*,*,#5495,.F.);
#5495 = EDGE_CURVE('',#5496,#5488,#5498,.T.);
#5496 = VERTEX_POINT('',#5497);
#5497 = CARTESIAN_POINT('',(3.074999999999,-1.85,2.965));
#5498 = LINE('',#5499,#5500);
#5499 = CARTESIAN_POINT('',(3.074999999999,-1.85,3.755));
#5500 = VECTOR('',#5501,1.);
#5501 = DIRECTION('',(-1.586032892322E-15,0.,1.));
#5502 = ORIENTED_EDGE('',*,*,#5503,.F.);
#5503 = EDGE_CURVE('',#5220,#5496,#5504,.T.);
#5504 = LINE('',#5505,#5506);
#5505 = CARTESIAN_POINT('',(4.1625,-1.85,2.965));
#5506 = VECTOR('',#5507,1.);
#5507 = DIRECTION('',(1.,0.,0.));
#5508 = PLANE('',#5509);
#5509 = AXIS2_PLACEMENT_3D('',#5510,#5511,#5512);
#5510 = CARTESIAN_POINT('',(5.45,-1.85,2.945));
#5511 = DIRECTION('',(0.,-1.,0.));
#5512 = DIRECTION('',(0.,0.,-1.));
#5513 = ADVANCED_FACE('',(#5514),#5530,.T.);
#5514 = FACE_BOUND('',#5515,.T.);
#5515 = EDGE_LOOP('',(#5516,#5522,#5523,#5529));
#5516 = ORIENTED_EDGE('',*,*,#5517,.T.);
#5517 = EDGE_CURVE('',#5399,#3729,#5518,.T.);
#5518 = LINE('',#5519,#5520);
#5519 = CARTESIAN_POINT('',(9.002743902438,-1.153658536585,
    1.331341463415));
#5520 = VECTOR('',#5521,1.);
#5521 = DIRECTION('',(-0.468521285666,0.624695047554,0.624695047554));
#5522 = ORIENTED_EDGE('',*,*,#3728,.T.);
#5523 = ORIENTED_EDGE('',*,*,#5524,.F.);
#5524 = EDGE_CURVE('',#5407,#3547,#5525,.T.);
#5525 = LINE('',#5526,#5527);
#5526 = CARTESIAN_POINT('',(8.888323170731,-1.001097560976,
    1.273902439024));
#5527 = VECTOR('',#5528,1.);
#5528 = DIRECTION('',(-0.468521285666,0.624695047554,0.624695047554));
#5529 = ORIENTED_EDGE('',*,*,#5406,.T.);
#5530 = PLANE('',#5531);
#5531 = AXIS2_PLACEMENT_3D('',#5532,#5533,#5534);
#5532 = CARTESIAN_POINT('',(9.449999999999,-1.75,2.835));
#5533 = DIRECTION('',(-0.8,-0.6,0.));
#5534 = DIRECTION('',(0.,0.,1.));
#5535 = ADVANCED_FACE('',(#5536),#5561,.T.);
#5536 = FACE_BOUND('',#5537,.T.);
#5537 = EDGE_LOOP('',(#5538,#5546,#5547,#5555));
#5538 = ORIENTED_EDGE('',*,*,#5539,.T.);
#5539 = EDGE_CURVE('',#5540,#5439,#5542,.T.);
#5540 = VERTEX_POINT('',#5541);
#5541 = CARTESIAN_POINT('',(9.374999999999,-1.65,2.515));
#5542 = LINE('',#5543,#5544);
#5543 = CARTESIAN_POINT('',(9.25856707317,-1.494756097561,2.359756097561
    ));
#5544 = VECTOR('',#5545,1.);
#5545 = DIRECTION('',(0.468521285666,-0.624695047554,0.624695047554));
#5546 = ORIENTED_EDGE('',*,*,#5438,.T.);
#5547 = ORIENTED_EDGE('',*,*,#5548,.F.);
#5548 = EDGE_CURVE('',#5549,#5431,#5551,.T.);
#5549 = VERTEX_POINT('',#5550);
#5550 = CARTESIAN_POINT('',(9.374999999999,-1.65,2.725));
#5551 = LINE('',#5552,#5553);
#5552 = CARTESIAN_POINT('',(9.153749999999,-1.355,2.43));
#5553 = VECTOR('',#5554,1.);
#5554 = DIRECTION('',(0.468521285666,-0.624695047554,0.624695047554));
#5555 = ORIENTED_EDGE('',*,*,#5556,.T.);
#5556 = EDGE_CURVE('',#5549,#5540,#5557,.T.);
#5557 = LINE('',#5558,#5559);
#5558 = CARTESIAN_POINT('',(9.374999999999,-1.65,2.835));
#5559 = VECTOR('',#5560,1.);
#5560 = DIRECTION('',(0.,0.,-1.));
#5561 = PLANE('',#5562);
#5562 = AXIS2_PLACEMENT_3D('',#5563,#5564,#5565);
#5563 = CARTESIAN_POINT('',(9.449999999999,-1.75,2.835));
#5564 = DIRECTION('',(-0.8,-0.6,0.));
#5565 = DIRECTION('',(0.,0.,1.));
#5566 = ADVANCED_FACE('',(#5567),#5584,.T.);
#5567 = FACE_BOUND('',#5568,.T.);
#5568 = EDGE_LOOP('',(#5569,#5570,#5576,#5583));
#5569 = ORIENTED_EDGE('',*,*,#5539,.F.);
#5570 = ORIENTED_EDGE('',*,*,#5571,.T.);
#5571 = EDGE_CURVE('',#5540,#2883,#5572,.T.);
#5572 = LINE('',#5573,#5574);
#5573 = CARTESIAN_POINT('',(7.4125,-1.65,2.515));
#5574 = VECTOR('',#5575,1.);
#5575 = DIRECTION('',(1.,0.,0.));
#5576 = ORIENTED_EDGE('',*,*,#5577,.F.);
#5577 = EDGE_CURVE('',#5447,#2883,#5578,.T.);
#5578 = ELLIPSE('',#5579,0.282842712475,0.2);
#5579 = AXIS2_PLACEMENT_3D('',#5580,#5581,#5582);
#5580 = CARTESIAN_POINT('',(10.7,-1.65,2.515));
#5581 = DIRECTION('',(0.,0.707106781187,0.707106781187));
#5582 = DIRECTION('',(0.,-0.707106781187,0.707106781187));
#5583 = ORIENTED_EDGE('',*,*,#5446,.T.);
#5584 = PLANE('',#5585);
#5585 = AXIS2_PLACEMENT_3D('',#5586,#5587,#5588);
#5586 = CARTESIAN_POINT('',(7.4125,-1.75,2.615));
#5587 = DIRECTION('',(0.,-0.707106781187,-0.707106781187));
#5588 = DIRECTION('',(-1.,-0.,0.));
#5589 = ADVANCED_FACE('',(#5590),#5607,.F.);
#5590 = FACE_BOUND('',#5591,.T.);
#5591 = EDGE_LOOP('',(#5592,#5593,#5594,#5600,#5601));
#5592 = ORIENTED_EDGE('',*,*,#3626,.T.);
#5593 = ORIENTED_EDGE('',*,*,#3692,.T.);
#5594 = ORIENTED_EDGE('',*,*,#5595,.T.);
#5595 = EDGE_CURVE('',#3685,#5540,#5596,.T.);
#5596 = LINE('',#5597,#5598);
#5597 = CARTESIAN_POINT('',(9.374999999999,-1.85,2.515));
#5598 = VECTOR('',#5599,1.);
#5599 = DIRECTION('',(0.,-1.,0.));
#5600 = ORIENTED_EDGE('',*,*,#5556,.F.);
#5601 = ORIENTED_EDGE('',*,*,#5602,.T.);
#5602 = EDGE_CURVE('',#5549,#3627,#5603,.T.);
#5603 = LINE('',#5604,#5605);
#5604 = CARTESIAN_POINT('',(9.374999999999,-1.85,2.725));
#5605 = VECTOR('',#5606,1.);
#5606 = DIRECTION('',(0.,1.,0.));
#5607 = PLANE('',#5608);
#5608 = AXIS2_PLACEMENT_3D('',#5609,#5610,#5611);
#5609 = CARTESIAN_POINT('',(9.374999999999,-1.85,2.725));
#5610 = DIRECTION('',(1.,0.,0.));
#5611 = DIRECTION('',(0.,0.,-1.));
#5612 = ADVANCED_FACE('',(#5613),#5629,.T.);
#5613 = FACE_BOUND('',#5614,.T.);
#5614 = EDGE_LOOP('',(#5615,#5621,#5622,#5623));
#5615 = ORIENTED_EDGE('',*,*,#5616,.T.);
#5616 = EDGE_CURVE('',#3604,#5549,#5617,.T.);
#5617 = LINE('',#5618,#5619);
#5618 = CARTESIAN_POINT('',(6.7375,-1.65,2.725));
#5619 = VECTOR('',#5620,1.);
#5620 = DIRECTION('',(1.,0.,0.));
#5621 = ORIENTED_EDGE('',*,*,#5548,.T.);
#5622 = ORIENTED_EDGE('',*,*,#5430,.T.);
#5623 = ORIENTED_EDGE('',*,*,#5624,.T.);
#5624 = EDGE_CURVE('',#5423,#3604,#5625,.T.);
#5625 = LINE('',#5626,#5627);
#5626 = CARTESIAN_POINT('',(7.824999999999,-1.85,2.925));
#5627 = VECTOR('',#5628,1.);
#5628 = DIRECTION('',(0.57735026919,0.57735026919,-0.57735026919));
#5629 = PLANE('',#5630);
#5630 = AXIS2_PLACEMENT_3D('',#5631,#5632,#5633);
#5631 = CARTESIAN_POINT('',(6.7375,-1.75,2.825));
#5632 = DIRECTION('',(0.,-0.707106781187,-0.707106781187));
#5633 = DIRECTION('',(-1.,-0.,0.));
#5634 = ADVANCED_FACE('',(#5635),#5646,.T.);
#5635 = FACE_BOUND('',#5636,.T.);
#5636 = EDGE_LOOP('',(#5637,#5638,#5644,#5645));
#5637 = ORIENTED_EDGE('',*,*,#5422,.T.);
#5638 = ORIENTED_EDGE('',*,*,#5639,.T.);
#5639 = EDGE_CURVE('',#5415,#3539,#5640,.T.);
#5640 = LINE('',#5641,#5642);
#5641 = CARTESIAN_POINT('',(7.824999999999,-1.85,0.425));
#5642 = VECTOR('',#5643,1.);
#5643 = DIRECTION('',(0.57735026919,0.57735026919,0.57735026919));
#5644 = ORIENTED_EDGE('',*,*,#3611,.T.);
#5645 = ORIENTED_EDGE('',*,*,#5624,.F.);
#5646 = PLANE('',#5647);
#5647 = AXIS2_PLACEMENT_3D('',#5648,#5649,#5650);
#5648 = CARTESIAN_POINT('',(7.925,-1.75,2.135));
#5649 = DIRECTION('',(0.707106781184,-0.707106781189,-1.121494613342E-15
    ));
#5650 = DIRECTION('',(-1.586032892322E-15,7.88860905221E-31,-1.));
#5651 = ADVANCED_FACE('',(#5652),#5658,.T.);
#5652 = FACE_BOUND('',#5653,.T.);
#5653 = EDGE_LOOP('',(#5654,#5655,#5656,#5657));
#5654 = ORIENTED_EDGE('',*,*,#5414,.T.);
#5655 = ORIENTED_EDGE('',*,*,#5524,.T.);
#5656 = ORIENTED_EDGE('',*,*,#3546,.T.);
#5657 = ORIENTED_EDGE('',*,*,#5639,.F.);
#5658 = PLANE('',#5659);
#5659 = AXIS2_PLACEMENT_3D('',#5660,#5661,#5662);
#5660 = CARTESIAN_POINT('',(7.4125,-1.75,0.525));
#5661 = DIRECTION('',(0.,-0.707106781187,0.707106781187));
#5662 = DIRECTION('',(1.,0.,0.));
#5663 = ADVANCED_FACE('',(#5664),#5670,.F.);
#5664 = FACE_BOUND('',#5665,.T.);
#5665 = EDGE_LOOP('',(#5666,#5667,#5668,#5669));
#5666 = ORIENTED_EDGE('',*,*,#3636,.T.);
#5667 = ORIENTED_EDGE('',*,*,#5602,.F.);
#5668 = ORIENTED_EDGE('',*,*,#5616,.F.);
#5669 = ORIENTED_EDGE('',*,*,#3603,.T.);
#5670 = PLANE('',#5671);
#5671 = AXIS2_PLACEMENT_3D('',#5672,#5673,#5674);
#5672 = CARTESIAN_POINT('',(8.024999999999,-1.85,2.725));
#5673 = DIRECTION('',(0.,0.,1.));
#5674 = DIRECTION('',(1.,0.,-0.));
#5675 = ADVANCED_FACE('',(#5676),#5692,.T.);
#5676 = FACE_BOUND('',#5677,.T.);
#5677 = EDGE_LOOP('',(#5678,#5684,#5685,#5686));
#5678 = ORIENTED_EDGE('',*,*,#5679,.T.);
#5679 = EDGE_CURVE('',#3875,#5228,#5680,.T.);
#5680 = LINE('',#5681,#5682);
#5681 = CARTESIAN_POINT('',(4.1625,-1.65,3.165));
#5682 = VECTOR('',#5683,1.);
#5683 = DIRECTION('',(-1.,0.,0.));
#5684 = ORIENTED_EDGE('',*,*,#5227,.T.);
#5685 = ORIENTED_EDGE('',*,*,#5503,.T.);
#5686 = ORIENTED_EDGE('',*,*,#5687,.T.);
#5687 = EDGE_CURVE('',#5496,#3875,#5688,.T.);
#5688 = LINE('',#5689,#5690);
#5689 = CARTESIAN_POINT('',(3.074999999999,-1.85,2.965));
#5690 = VECTOR('',#5691,1.);
#5691 = DIRECTION('',(-0.57735026919,0.57735026919,0.57735026919));
#5692 = PLANE('',#5693);
#5693 = AXIS2_PLACEMENT_3D('',#5694,#5695,#5696);
#5694 = CARTESIAN_POINT('',(4.1625,-1.75,3.065));
#5695 = DIRECTION('',(0.,-0.707106781187,0.707106781187));
#5696 = DIRECTION('',(1.,0.,0.));
#5697 = ADVANCED_FACE('',(#5698),#5709,.T.);
#5698 = FACE_BOUND('',#5699,.T.);
#5699 = EDGE_LOOP('',(#5700,#5701,#5702,#5703));
#5700 = ORIENTED_EDGE('',*,*,#5487,.T.);
#5701 = ORIENTED_EDGE('',*,*,#5276,.T.);
#5702 = ORIENTED_EDGE('',*,*,#3824,.T.);
#5703 = ORIENTED_EDGE('',*,*,#5704,.T.);
#5704 = EDGE_CURVE('',#3817,#5488,#5705,.T.);
#5705 = LINE('',#5706,#5707);
#5706 = CARTESIAN_POINT('',(2.874999999999,-1.65,5.265));
#5707 = VECTOR('',#5708,1.);
#5708 = DIRECTION('',(0.57735026919,-0.57735026919,0.57735026919));
#5709 = PLANE('',#5710);
#5710 = AXIS2_PLACEMENT_3D('',#5711,#5712,#5713);
#5711 = CARTESIAN_POINT('',(3.4875,-1.75,5.365));
#5712 = DIRECTION('',(0.,-0.707106781187,-0.707106781187));
#5713 = DIRECTION('',(-1.,-0.,0.));
#5714 = ADVANCED_FACE('',(#5715),#5721,.T.);
#5715 = FACE_BOUND('',#5716,.T.);
#5716 = EDGE_LOOP('',(#5717,#5718,#5719,#5720));
#5717 = ORIENTED_EDGE('',*,*,#5495,.T.);
#5718 = ORIENTED_EDGE('',*,*,#5704,.F.);
#5719 = ORIENTED_EDGE('',*,*,#3882,.T.);
#5720 = ORIENTED_EDGE('',*,*,#5687,.F.);
#5721 = PLANE('',#5722);
#5722 = AXIS2_PLACEMENT_3D('',#5723,#5724,#5725);
#5723 = CARTESIAN_POINT('',(2.975,-1.75,3.755));
#5724 = DIRECTION('',(-0.707106781188,-0.707106781185,
    -1.121494613348E-15));
#5725 = DIRECTION('',(-1.586032892322E-15,-1.774937036747E-30,1.));
#5726 = ADVANCED_FACE('',(#5727),#5733,.F.);
#5727 = FACE_BOUND('',#5728,.T.);
#5728 = EDGE_LOOP('',(#5729,#5730,#5731,#5732));
#5729 = ORIENTED_EDGE('',*,*,#3905,.T.);
#5730 = ORIENTED_EDGE('',*,*,#5253,.F.);
#5731 = ORIENTED_EDGE('',*,*,#5679,.F.);
#5732 = ORIENTED_EDGE('',*,*,#3874,.T.);
#5733 = PLANE('',#5734);
#5734 = AXIS2_PLACEMENT_3D('',#5735,#5736,#5737);
#5735 = CARTESIAN_POINT('',(2.874999999999,-1.85,3.165));
#5736 = DIRECTION('',(0.,0.,-1.));
#5737 = DIRECTION('',(-1.,0.,0.));
#5738 = ADVANCED_FACE('',(#5739),#5763,.T.);
#5739 = FACE_BOUND('',#5740,.T.);
#5740 = EDGE_LOOP('',(#5741,#5742,#5743,#5751,#5757,#5758,#5759,#5760,
    #5761,#5762));
#5741 = ORIENTED_EDGE('',*,*,#1343,.F.);
#5742 = ORIENTED_EDGE('',*,*,#1434,.F.);
#5743 = ORIENTED_EDGE('',*,*,#5744,.F.);
#5744 = EDGE_CURVE('',#5745,#1427,#5747,.T.);
#5745 = VERTEX_POINT('',#5746);
#5746 = CARTESIAN_POINT('',(0.,-1.45,5.055));
#5747 = LINE('',#5748,#5749);
#5748 = CARTESIAN_POINT('',(1.524999999999,-1.45,5.055));
#5749 = VECTOR('',#5750,1.);
#5750 = DIRECTION('',(1.,0.,0.));
#5751 = ORIENTED_EDGE('',*,*,#5752,.F.);
#5752 = EDGE_CURVE('',#5155,#5745,#5753,.T.);
#5753 = LINE('',#5754,#5755);
#5754 = CARTESIAN_POINT('',(-5.E-02,-1.45,5.055));
#5755 = VECTOR('',#5756,1.);
#5756 = DIRECTION('',(1.,0.,0.));
#5757 = ORIENTED_EDGE('',*,*,#5154,.F.);
#5758 = ORIENTED_EDGE('',*,*,#5140,.T.);
#5759 = ORIENTED_EDGE('',*,*,#4959,.F.);
#5760 = ORIENTED_EDGE('',*,*,#5036,.T.);
#5761 = ORIENTED_EDGE('',*,*,#2130,.T.);
#5762 = ORIENTED_EDGE('',*,*,#2099,.T.);
#5763 = CYLINDRICAL_SURFACE('',#5764,0.3);
#5764 = AXIS2_PLACEMENT_3D('',#5765,#5766,#5767);
#5765 = CARTESIAN_POINT('',(1.143749999999,-1.45,4.755));
#5766 = DIRECTION('',(-1.,0.,0.));
#5767 = DIRECTION('',(0.,-0.707106781187,0.707106781187));
#5768 = ADVANCED_FACE('',(#5769),#5791,.T.);
#5769 = FACE_BOUND('',#5770,.T.);
#5770 = EDGE_LOOP('',(#5771,#5772,#5773,#5774,#5780,#5781,#5782,#5783,
    #5784,#5790));
#5771 = ORIENTED_EDGE('',*,*,#1023,.F.);
#5772 = ORIENTED_EDGE('',*,*,#1059,.F.);
#5773 = ORIENTED_EDGE('',*,*,#2560,.F.);
#5774 = ORIENTED_EDGE('',*,*,#5775,.F.);
#5775 = EDGE_CURVE('',#3016,#2561,#5776,.T.);
#5776 = LINE('',#5777,#5778);
#5777 = CARTESIAN_POINT('',(9.374999999999,-1.75,2.215));
#5778 = VECTOR('',#5779,1.);
#5779 = DIRECTION('',(-1.,0.,0.));
#5780 = ORIENTED_EDGE('',*,*,#3023,.F.);
#5781 = ORIENTED_EDGE('',*,*,#3065,.F.);
#5782 = ORIENTED_EDGE('',*,*,#3254,.F.);
#5783 = ORIENTED_EDGE('',*,*,#3197,.T.);
#5784 = ORIENTED_EDGE('',*,*,#5785,.F.);
#5785 = EDGE_CURVE('',#3685,#2891,#5786,.T.);
#5786 = LINE('',#5787,#5788);
#5787 = CARTESIAN_POINT('',(10.9,-1.45,2.515));
#5788 = VECTOR('',#5789,1.);
#5789 = DIRECTION('',(1.,0.,0.));
#5790 = ORIENTED_EDGE('',*,*,#3684,.T.);
#5791 = CYLINDRICAL_SURFACE('',#5792,0.3);
#5792 = AXIS2_PLACEMENT_3D('',#5793,#5794,#5795);
#5793 = CARTESIAN_POINT('',(10.51875,-1.45,2.215));
#5794 = DIRECTION('',(-1.,0.,0.));
#5795 = DIRECTION('',(0.,-0.707106781187,0.707106781187));
#5796 = ADVANCED_FACE('',(#5797),#5819,.T.);
#5797 = FACE_BOUND('',#5798,.T.);
#5798 = EDGE_LOOP('',(#5799,#5800,#5801,#5807,#5808,#5809,#5810,#5811,
    #5817,#5818));
#5799 = ORIENTED_EDGE('',*,*,#1172,.F.);
#5800 = ORIENTED_EDGE('',*,*,#3669,.F.);
#5801 = ORIENTED_EDGE('',*,*,#5802,.F.);
#5802 = EDGE_CURVE('',#2835,#3662,#5803,.T.);
#5803 = LINE('',#5804,#5805);
#5804 = CARTESIAN_POINT('',(9.374999999999,-1.45,0.835));
#5805 = VECTOR('',#5806,1.);
#5806 = DIRECTION('',(-1.,0.,0.));
#5807 = ORIENTED_EDGE('',*,*,#3150,.F.);
#5808 = ORIENTED_EDGE('',*,*,#3105,.F.);
#5809 = ORIENTED_EDGE('',*,*,#3091,.F.);
#5810 = ORIENTED_EDGE('',*,*,#2998,.F.);
#5811 = ORIENTED_EDGE('',*,*,#5812,.T.);
#5812 = EDGE_CURVE('',#2999,#2578,#5813,.T.);
#5813 = LINE('',#5814,#5815);
#5814 = CARTESIAN_POINT('',(9.374999999999,-1.75,1.135));
#5815 = VECTOR('',#5816,1.);
#5816 = DIRECTION('',(-1.,0.,0.));
#5817 = ORIENTED_EDGE('',*,*,#2585,.F.);
#5818 = ORIENTED_EDGE('',*,*,#1320,.F.);
#5819 = CYLINDRICAL_SURFACE('',#5820,0.3);
#5820 = AXIS2_PLACEMENT_3D('',#5821,#5822,#5823);
#5821 = CARTESIAN_POINT('',(9.756249999999,-1.45,1.135));
#5822 = DIRECTION('',(1.,0.,0.));
#5823 = DIRECTION('',(0.,-0.707106781187,-0.707106781187));
#5824 = ADVANCED_FACE('',(#5825),#5831,.T.);
#5825 = FACE_BOUND('',#5826,.T.);
#5826 = EDGE_LOOP('',(#5827,#5828,#5829,#5830));
#5827 = ORIENTED_EDGE('',*,*,#5775,.T.);
#5828 = ORIENTED_EDGE('',*,*,#2577,.F.);
#5829 = ORIENTED_EDGE('',*,*,#5812,.F.);
#5830 = ORIENTED_EDGE('',*,*,#3015,.T.);
#5831 = PLANE('',#5832);
#5832 = AXIS2_PLACEMENT_3D('',#5833,#5834,#5835);
#5833 = CARTESIAN_POINT('',(10.1375,-1.75,1.675));
#5834 = DIRECTION('',(0.,-1.,0.));
#5835 = DIRECTION('',(0.,0.,-1.));
#5836 = ADVANCED_FACE('',(#5837),#5871,.F.);
#5837 = FACE_BOUND('',#5838,.T.);
#5838 = EDGE_LOOP('',(#5839,#5849,#5857,#5865));
#5839 = ORIENTED_EDGE('',*,*,#5840,.F.);
#5840 = EDGE_CURVE('',#5841,#5843,#5845,.T.);
#5841 = VERTEX_POINT('',#5842);
#5842 = CARTESIAN_POINT('',(12.7,0.,1.715));
#5843 = VERTEX_POINT('',#5844);
#5844 = CARTESIAN_POINT('',(11.1,0.,1.715));
#5845 = LINE('',#5846,#5847);
#5846 = CARTESIAN_POINT('',(9.075,0.,1.715));
#5847 = VECTOR('',#5848,1.);
#5848 = DIRECTION('',(-1.,0.,0.));
#5849 = ORIENTED_EDGE('',*,*,#5850,.F.);
#5850 = EDGE_CURVE('',#5851,#5841,#5853,.T.);
#5851 = VERTEX_POINT('',#5852);
#5852 = CARTESIAN_POINT('',(12.7,-0.15,1.715));
#5853 = LINE('',#5854,#5855);
#5854 = CARTESIAN_POINT('',(12.7,0.,1.715));
#5855 = VECTOR('',#5856,1.);
#5856 = DIRECTION('',(0.,1.,0.));
#5857 = ORIENTED_EDGE('',*,*,#5858,.F.);
#5858 = EDGE_CURVE('',#5859,#5851,#5861,.T.);
#5859 = VERTEX_POINT('',#5860);
#5860 = CARTESIAN_POINT('',(11.1,-0.15,1.715));
#5861 = LINE('',#5862,#5863);
#5862 = CARTESIAN_POINT('',(12.7,-0.15,1.715));
#5863 = VECTOR('',#5864,1.);
#5864 = DIRECTION('',(1.,0.,0.));
#5865 = ORIENTED_EDGE('',*,*,#5866,.F.);
#5866 = EDGE_CURVE('',#5843,#5859,#5867,.T.);
#5867 = LINE('',#5868,#5869);
#5868 = CARTESIAN_POINT('',(11.1,-6.625612372164E-20,1.715));
#5869 = VECTOR('',#5870,1.);
#5870 = DIRECTION('',(0.,-1.,0.));
#5871 = PLANE('',#5872);
#5872 = AXIS2_PLACEMENT_3D('',#5873,#5874,#5875);
#5873 = CARTESIAN_POINT('',(12.7,0.,1.715));
#5874 = DIRECTION('',(0.,0.,1.));
#5875 = DIRECTION('',(-1.,0.,0.));
#5876 = ADVANCED_FACE('',(#5877),#5911,.F.);
#5877 = FACE_BOUND('',#5878,.T.);
#5878 = EDGE_LOOP('',(#5879,#5889,#5897,#5905));
#5879 = ORIENTED_EDGE('',*,*,#5880,.F.);
#5880 = EDGE_CURVE('',#5881,#5883,#5885,.T.);
#5881 = VERTEX_POINT('',#5882);
#5882 = CARTESIAN_POINT('',(11.1,0.,1.635));
#5883 = VERTEX_POINT('',#5884);
#5884 = CARTESIAN_POINT('',(12.7,0.,1.635));
#5885 = LINE('',#5886,#5887);
#5886 = CARTESIAN_POINT('',(8.275,0.,1.635));
#5887 = VECTOR('',#5888,1.);
#5888 = DIRECTION('',(1.,0.,0.));
#5889 = ORIENTED_EDGE('',*,*,#5890,.F.);
#5890 = EDGE_CURVE('',#5891,#5881,#5893,.T.);
#5891 = VERTEX_POINT('',#5892);
#5892 = CARTESIAN_POINT('',(11.1,-0.15,1.635));
#5893 = LINE('',#5894,#5895);
#5894 = CARTESIAN_POINT('',(11.1,-6.625612372164E-20,1.635));
#5895 = VECTOR('',#5896,1.);
#5896 = DIRECTION('',(0.,1.,0.));
#5897 = ORIENTED_EDGE('',*,*,#5898,.F.);
#5898 = EDGE_CURVE('',#5899,#5891,#5901,.T.);
#5899 = VERTEX_POINT('',#5900);
#5900 = CARTESIAN_POINT('',(12.7,-0.15,1.635));
#5901 = LINE('',#5902,#5903);
#5902 = CARTESIAN_POINT('',(11.9,-0.15,1.635));
#5903 = VECTOR('',#5904,1.);
#5904 = DIRECTION('',(-1.,0.,0.));
#5905 = ORIENTED_EDGE('',*,*,#5906,.F.);
#5906 = EDGE_CURVE('',#5883,#5899,#5907,.T.);
#5907 = LINE('',#5908,#5909);
#5908 = CARTESIAN_POINT('',(12.7,0.,1.635));
#5909 = VECTOR('',#5910,1.);
#5910 = DIRECTION('',(0.,-1.,0.));
#5911 = PLANE('',#5912);
#5912 = AXIS2_PLACEMENT_3D('',#5913,#5914,#5915);
#5913 = CARTESIAN_POINT('',(11.1,0.,1.635));
#5914 = DIRECTION('',(0.,0.,-1.));
#5915 = DIRECTION('',(1.,0.,0.));
#5916 = ADVANCED_FACE('',(#5917),#5951,.F.);
#5917 = FACE_BOUND('',#5918,.T.);
#5918 = EDGE_LOOP('',(#5919,#5929,#5937,#5945));
#5919 = ORIENTED_EDGE('',*,*,#5920,.F.);
#5920 = EDGE_CURVE('',#5921,#5923,#5925,.T.);
#5921 = VERTEX_POINT('',#5922);
#5922 = CARTESIAN_POINT('',(-0.2,0.,4.255));
#5923 = VERTEX_POINT('',#5924);
#5924 = CARTESIAN_POINT('',(-1.8,0.,4.255));
#5925 = LINE('',#5926,#5927);
#5926 = CARTESIAN_POINT('',(2.625,0.,4.255));
#5927 = VECTOR('',#5928,1.);
#5928 = DIRECTION('',(-1.,0.,0.));
#5929 = ORIENTED_EDGE('',*,*,#5930,.F.);
#5930 = EDGE_CURVE('',#5931,#5921,#5933,.T.);
#5931 = VERTEX_POINT('',#5932);
#5932 = CARTESIAN_POINT('',(-0.2,-0.15,4.255));
#5933 = LINE('',#5934,#5935);
#5934 = CARTESIAN_POINT('',(-0.2,-0.325,4.255));
#5935 = VECTOR('',#5936,1.);
#5936 = DIRECTION('',(0.,1.,0.));
#5937 = ORIENTED_EDGE('',*,*,#5938,.F.);
#5938 = EDGE_CURVE('',#5939,#5931,#5941,.T.);
#5939 = VERTEX_POINT('',#5940);
#5940 = CARTESIAN_POINT('',(-1.8,-0.15,4.255));
#5941 = LINE('',#5942,#5943);
#5942 = CARTESIAN_POINT('',(-1.,-0.15,4.255));
#5943 = VECTOR('',#5944,1.);
#5944 = DIRECTION('',(1.,0.,0.));
#5945 = ORIENTED_EDGE('',*,*,#5946,.F.);
#5946 = EDGE_CURVE('',#5923,#5939,#5947,.T.);
#5947 = LINE('',#5948,#5949);
#5948 = CARTESIAN_POINT('',(-1.8,0.,4.255));
#5949 = VECTOR('',#5950,1.);
#5950 = DIRECTION('',(0.,-1.,0.));
#5951 = PLANE('',#5952);
#5952 = AXIS2_PLACEMENT_3D('',#5953,#5954,#5955);
#5953 = CARTESIAN_POINT('',(-0.2,0.,4.255));
#5954 = DIRECTION('',(0.,0.,1.));
#5955 = DIRECTION('',(-1.,0.,0.));
#5956 = ADVANCED_FACE('',(#5957),#5991,.F.);
#5957 = FACE_BOUND('',#5958,.T.);
#5958 = EDGE_LOOP('',(#5959,#5969,#5977,#5985));
#5959 = ORIENTED_EDGE('',*,*,#5960,.F.);
#5960 = EDGE_CURVE('',#5961,#5963,#5965,.T.);
#5961 = VERTEX_POINT('',#5962);
#5962 = CARTESIAN_POINT('',(-1.8,0.,4.175));
#5963 = VERTEX_POINT('',#5964);
#5964 = CARTESIAN_POINT('',(-0.2,0.,4.175));
#5965 = LINE('',#5966,#5967);
#5966 = CARTESIAN_POINT('',(1.825,0.,4.175));
#5967 = VECTOR('',#5968,1.);
#5968 = DIRECTION('',(1.,0.,0.));
#5969 = ORIENTED_EDGE('',*,*,#5970,.F.);
#5970 = EDGE_CURVE('',#5971,#5961,#5973,.T.);
#5971 = VERTEX_POINT('',#5972);
#5972 = CARTESIAN_POINT('',(-1.8,-0.15,4.175));
#5973 = LINE('',#5974,#5975);
#5974 = CARTESIAN_POINT('',(-1.8,0.,4.175));
#5975 = VECTOR('',#5976,1.);
#5976 = DIRECTION('',(0.,1.,0.));
#5977 = ORIENTED_EDGE('',*,*,#5978,.F.);
#5978 = EDGE_CURVE('',#5979,#5971,#5981,.T.);
#5979 = VERTEX_POINT('',#5980);
#5980 = CARTESIAN_POINT('',(-0.2,-0.15,4.175));
#5981 = LINE('',#5982,#5983);
#5982 = CARTESIAN_POINT('',(-1.8,-0.15,4.175));
#5983 = VECTOR('',#5984,1.);
#5984 = DIRECTION('',(-1.,0.,0.));
#5985 = ORIENTED_EDGE('',*,*,#5986,.F.);
#5986 = EDGE_CURVE('',#5963,#5979,#5987,.T.);
#5987 = LINE('',#5988,#5989);
#5988 = CARTESIAN_POINT('',(-0.2,-0.325,4.175));
#5989 = VECTOR('',#5990,1.);
#5990 = DIRECTION('',(0.,-1.,0.));
#5991 = PLANE('',#5992);
#5992 = AXIS2_PLACEMENT_3D('',#5993,#5994,#5995);
#5993 = CARTESIAN_POINT('',(-1.8,0.,4.175));
#5994 = DIRECTION('',(0.,0.,-1.));
#5995 = DIRECTION('',(1.,0.,0.));
#5996 = ADVANCED_FACE('',(#5997),#6038,.F.);
#5997 = FACE_BOUND('',#5998,.T.);
#5998 = EDGE_LOOP('',(#5999,#6000,#6008,#6015,#6016,#6022,#6023,#6032));
#5999 = ORIENTED_EDGE('',*,*,#5866,.T.);
#6000 = ORIENTED_EDGE('',*,*,#6001,.T.);
#6001 = EDGE_CURVE('',#5859,#6002,#6004,.T.);
#6002 = VERTEX_POINT('',#6003);
#6003 = CARTESIAN_POINT('',(11.1,-0.15,2.215));
#6004 = LINE('',#6005,#6006);
#6005 = CARTESIAN_POINT('',(11.1,-0.15,3.635));
#6006 = VECTOR('',#6007,1.);
#6007 = DIRECTION('',(0.,-6.424901762877E-17,1.));
#6008 = ORIENTED_EDGE('',*,*,#6009,.T.);
#6009 = EDGE_CURVE('',#6002,#2764,#6010,.T.);
#6010 = CIRCLE('',#6011,0.15);
#6011 = AXIS2_PLACEMENT_3D('',#6012,#6013,#6014);
#6012 = CARTESIAN_POINT('',(11.1,-0.3,2.215));
#6013 = DIRECTION('',(1.,0.,0.));
#6014 = DIRECTION('',(-0.,1.,0.));
#6015 = ORIENTED_EDGE('',*,*,#2763,.T.);
#6016 = ORIENTED_EDGE('',*,*,#6017,.F.);
#6017 = EDGE_CURVE('',#3231,#2755,#6018,.T.);
#6018 = LINE('',#6019,#6020);
#6019 = CARTESIAN_POINT('',(11.1,-0.45,5.055));
#6020 = VECTOR('',#6021,1.);
#6021 = DIRECTION('',(0.,0.,-1.));
#6022 = ORIENTED_EDGE('',*,*,#3230,.F.);
#6023 = ORIENTED_EDGE('',*,*,#6024,.F.);
#6024 = EDGE_CURVE('',#6025,#3223,#6027,.T.);
#6025 = VERTEX_POINT('',#6026);
#6026 = CARTESIAN_POINT('',(11.1,0.,2.215));
#6027 = CIRCLE('',#6028,0.3);
#6028 = AXIS2_PLACEMENT_3D('',#6029,#6030,#6031);
#6029 = CARTESIAN_POINT('',(11.1,-0.3,2.215));
#6030 = DIRECTION('',(1.,0.,0.));
#6031 = DIRECTION('',(-0.,0.707106781187,0.707106781187));
#6032 = ORIENTED_EDGE('',*,*,#6033,.F.);
#6033 = EDGE_CURVE('',#5843,#6025,#6034,.T.);
#6034 = LINE('',#6035,#6036);
#6035 = CARTESIAN_POINT('',(11.1,0.,4.));
#6036 = VECTOR('',#6037,1.);
#6037 = DIRECTION('',(0.,0.,1.));
#6038 = PLANE('',#6039);
#6039 = AXIS2_PLACEMENT_3D('',#6040,#6041,#6042);
#6040 = CARTESIAN_POINT('',(11.1,-1.325122474433E-19,5.055));
#6041 = DIRECTION('',(1.,0.,0.));
#6042 = DIRECTION('',(0.,-1.,0.));
#6043 = ADVANCED_FACE('',(#6044),#6094,.F.);
#6044 = FACE_BOUND('',#6045,.T.);
#6045 = EDGE_LOOP('',(#6046,#6047,#6055,#6062,#6063,#6071,#6079,#6088));
#6046 = ORIENTED_EDGE('',*,*,#5890,.T.);
#6047 = ORIENTED_EDGE('',*,*,#6048,.F.);
#6048 = EDGE_CURVE('',#6049,#5881,#6051,.T.);
#6049 = VERTEX_POINT('',#6050);
#6050 = CARTESIAN_POINT('',(11.1,0.,1.135));
#6051 = LINE('',#6052,#6053);
#6052 = CARTESIAN_POINT('',(11.1,0.,4.));
#6053 = VECTOR('',#6054,1.);
#6054 = DIRECTION('',(0.,0.,1.));
#6055 = ORIENTED_EDGE('',*,*,#6056,.F.);
#6056 = EDGE_CURVE('',#3167,#6049,#6057,.T.);
#6057 = CIRCLE('',#6058,0.3);
#6058 = AXIS2_PLACEMENT_3D('',#6059,#6060,#6061);
#6059 = CARTESIAN_POINT('',(11.1,-0.3,1.135));
#6060 = DIRECTION('',(1.,0.,0.));
#6061 = DIRECTION('',(0.,0.707106781187,-0.707106781187));
#6062 = ORIENTED_EDGE('',*,*,#3166,.F.);
#6063 = ORIENTED_EDGE('',*,*,#6064,.F.);
#6064 = EDGE_CURVE('',#6065,#3158,#6067,.T.);
#6065 = VERTEX_POINT('',#6066);
#6066 = CARTESIAN_POINT('',(11.1,-0.45,0.985));
#6067 = LINE('',#6068,#6069);
#6068 = CARTESIAN_POINT('',(11.1,-0.45,5.055));
#6069 = VECTOR('',#6070,1.);
#6070 = DIRECTION('',(0.,0.,-1.));
#6071 = ORIENTED_EDGE('',*,*,#6072,.T.);
#6072 = EDGE_CURVE('',#6065,#6073,#6075,.T.);
#6073 = VERTEX_POINT('',#6074);
#6074 = CARTESIAN_POINT('',(11.1,-0.3,0.985));
#6075 = LINE('',#6076,#6077);
#6076 = CARTESIAN_POINT('',(11.1,-0.15,0.985));
#6077 = VECTOR('',#6078,1.);
#6078 = DIRECTION('',(0.,1.,0.));
#6079 = ORIENTED_EDGE('',*,*,#6080,.T.);
#6080 = EDGE_CURVE('',#6073,#6081,#6083,.T.);
#6081 = VERTEX_POINT('',#6082);
#6082 = CARTESIAN_POINT('',(11.1,-0.15,1.135));
#6083 = CIRCLE('',#6084,0.15);
#6084 = AXIS2_PLACEMENT_3D('',#6085,#6086,#6087);
#6085 = CARTESIAN_POINT('',(11.1,-0.3,1.135));
#6086 = DIRECTION('',(1.,0.,0.));
#6087 = DIRECTION('',(0.,-4.625929269271E-16,-1.));
#6088 = ORIENTED_EDGE('',*,*,#6089,.T.);
#6089 = EDGE_CURVE('',#6081,#5891,#6090,.T.);
#6090 = LINE('',#6091,#6092);
#6091 = CARTESIAN_POINT('',(11.1,-0.15,3.635));
#6092 = VECTOR('',#6093,1.);
#6093 = DIRECTION('',(0.,-6.424901762877E-17,1.));
#6094 = PLANE('',#6095);
#6095 = AXIS2_PLACEMENT_3D('',#6096,#6097,#6098);
#6096 = CARTESIAN_POINT('',(11.1,-1.325122474433E-19,5.055));
#6097 = DIRECTION('',(1.,0.,0.));
#6098 = DIRECTION('',(0.,-1.,0.));
#6099 = ADVANCED_FACE('',(#6100),#6118,.F.);
#6100 = FACE_BOUND('',#6101,.T.);
#6101 = EDGE_LOOP('',(#6102,#6103,#6111,#6117));
#6102 = ORIENTED_EDGE('',*,*,#5858,.T.);
#6103 = ORIENTED_EDGE('',*,*,#6104,.F.);
#6104 = EDGE_CURVE('',#6105,#5851,#6107,.T.);
#6105 = VERTEX_POINT('',#6106);
#6106 = CARTESIAN_POINT('',(12.7,-0.15,2.215));
#6107 = LINE('',#6108,#6109);
#6108 = CARTESIAN_POINT('',(12.7,-0.15,1.525));
#6109 = VECTOR('',#6110,1.);
#6110 = DIRECTION('',(0.,6.424901762877E-17,-1.));
#6111 = ORIENTED_EDGE('',*,*,#6112,.T.);
#6112 = EDGE_CURVE('',#6105,#6002,#6113,.T.);
#6113 = LINE('',#6114,#6115);
#6114 = CARTESIAN_POINT('',(12.7,-0.15,2.215));
#6115 = VECTOR('',#6116,1.);
#6116 = DIRECTION('',(-1.,0.,0.));
#6117 = ORIENTED_EDGE('',*,*,#6001,.F.);
#6118 = PLANE('',#6119);
#6119 = AXIS2_PLACEMENT_3D('',#6120,#6121,#6122);
#6120 = CARTESIAN_POINT('',(12.7,-0.15,2.215));
#6121 = DIRECTION('',(0.,1.,6.424901762877E-17));
#6122 = DIRECTION('',(0.,6.424901762877E-17,-1.));
#6123 = ADVANCED_FACE('',(#6124),#6153,.T.);
#6124 = FACE_BOUND('',#6125,.T.);
#6125 = EDGE_LOOP('',(#6126,#6127,#6135,#6142,#6143,#6144,#6145,#6152));
#6126 = ORIENTED_EDGE('',*,*,#5850,.T.);
#6127 = ORIENTED_EDGE('',*,*,#6128,.T.);
#6128 = EDGE_CURVE('',#5841,#6129,#6131,.T.);
#6129 = VERTEX_POINT('',#6130);
#6130 = CARTESIAN_POINT('',(12.7,0.,2.215));
#6131 = LINE('',#6132,#6133);
#6132 = CARTESIAN_POINT('',(12.7,0.,0.835));
#6133 = VECTOR('',#6134,1.);
#6134 = DIRECTION('',(0.,0.,1.));
#6135 = ORIENTED_EDGE('',*,*,#6136,.F.);
#6136 = EDGE_CURVE('',#3215,#6129,#6137,.T.);
#6137 = CIRCLE('',#6138,0.3);
#6138 = AXIS2_PLACEMENT_3D('',#6139,#6140,#6141);
#6139 = CARTESIAN_POINT('',(12.7,-0.3,2.215));
#6140 = DIRECTION('',(-1.,0.,0.));
#6141 = DIRECTION('',(0.,0.707106781187,0.707106781187));
#6142 = ORIENTED_EDGE('',*,*,#3214,.T.);
#6143 = ORIENTED_EDGE('',*,*,#3266,.F.);
#6144 = ORIENTED_EDGE('',*,*,#2779,.T.);
#6145 = ORIENTED_EDGE('',*,*,#6146,.T.);
#6146 = EDGE_CURVE('',#2772,#6105,#6147,.T.);
#6147 = CIRCLE('',#6148,0.15);
#6148 = AXIS2_PLACEMENT_3D('',#6149,#6150,#6151);
#6149 = CARTESIAN_POINT('',(12.7,-0.3,2.215));
#6150 = DIRECTION('',(-1.,0.,0.));
#6151 = DIRECTION('',(0.,1.,0.));
#6152 = ORIENTED_EDGE('',*,*,#6104,.T.);
#6153 = PLANE('',#6154);
#6154 = AXIS2_PLACEMENT_3D('',#6155,#6156,#6157);
#6155 = CARTESIAN_POINT('',(12.7,0.,0.835));
#6156 = DIRECTION('',(1.,0.,0.));
#6157 = DIRECTION('',(0.,0.,1.));
#6158 = ADVANCED_FACE('',(#6159),#6170,.T.);
#6159 = FACE_BOUND('',#6160,.T.);
#6160 = EDGE_LOOP('',(#6161,#6162,#6163,#6169));
#6161 = ORIENTED_EDGE('',*,*,#5840,.T.);
#6162 = ORIENTED_EDGE('',*,*,#6033,.T.);
#6163 = ORIENTED_EDGE('',*,*,#6164,.F.);
#6164 = EDGE_CURVE('',#6129,#6025,#6165,.T.);
#6165 = LINE('',#6166,#6167);
#6166 = CARTESIAN_POINT('',(9.075,0.,2.215));
#6167 = VECTOR('',#6168,1.);
#6168 = DIRECTION('',(-1.,0.,-3.083952846181E-16));
#6169 = ORIENTED_EDGE('',*,*,#6128,.F.);
#6170 = PLANE('',#6171);
#6171 = AXIS2_PLACEMENT_3D('',#6172,#6173,#6174);
#6172 = CARTESIAN_POINT('',(5.45,0.,2.945));
#6173 = DIRECTION('',(0.,1.,0.));
#6174 = DIRECTION('',(1.,0.,0.));
#6175 = ADVANCED_FACE('',(#6176),#6201,.F.);
#6176 = FACE_BOUND('',#6177,.T.);
#6177 = EDGE_LOOP('',(#6178,#6179,#6187,#6195));
#6178 = ORIENTED_EDGE('',*,*,#5978,.T.);
#6179 = ORIENTED_EDGE('',*,*,#6180,.F.);
#6180 = EDGE_CURVE('',#6181,#5971,#6183,.T.);
#6181 = VERTEX_POINT('',#6182);
#6182 = CARTESIAN_POINT('',(-1.8,-0.15,3.675));
#6183 = LINE('',#6184,#6185);
#6184 = CARTESIAN_POINT('',(-1.8,-0.15,4.365));
#6185 = VECTOR('',#6186,1.);
#6186 = DIRECTION('',(0.,-1.124357808503E-16,1.));
#6187 = ORIENTED_EDGE('',*,*,#6188,.T.);
#6188 = EDGE_CURVE('',#6181,#6189,#6191,.T.);
#6189 = VERTEX_POINT('',#6190);
#6190 = CARTESIAN_POINT('',(-0.2,-0.15,3.675));
#6191 = LINE('',#6192,#6193);
#6192 = CARTESIAN_POINT('',(-1.8,-0.15,3.675));
#6193 = VECTOR('',#6194,1.);
#6194 = DIRECTION('',(1.,0.,0.));
#6195 = ORIENTED_EDGE('',*,*,#6196,.F.);
#6196 = EDGE_CURVE('',#5979,#6189,#6197,.T.);
#6197 = LINE('',#6198,#6199);
#6198 = CARTESIAN_POINT('',(-0.2,-0.15,4.365));
#6199 = VECTOR('',#6200,1.);
#6200 = DIRECTION('',(0.,1.124357808503E-16,-1.));
#6201 = PLANE('',#6202);
#6202 = AXIS2_PLACEMENT_3D('',#6203,#6204,#6205);
#6203 = CARTESIAN_POINT('',(-1.8,-0.15,3.675));
#6204 = DIRECTION('',(0.,1.,1.124357808503E-16));
#6205 = DIRECTION('',(0.,-1.124357808503E-16,1.));
#6206 = ADVANCED_FACE('',(#6207),#6241,.F.);
#6207 = FACE_BOUND('',#6208,.T.);
#6208 = EDGE_LOOP('',(#6209,#6210,#6211,#6218,#6219,#6225,#6226,#6235));
#6209 = ORIENTED_EDGE('',*,*,#5986,.T.);
#6210 = ORIENTED_EDGE('',*,*,#6196,.T.);
#6211 = ORIENTED_EDGE('',*,*,#6212,.T.);
#6212 = EDGE_CURVE('',#6189,#4890,#6213,.T.);
#6213 = CIRCLE('',#6214,0.15);
#6214 = AXIS2_PLACEMENT_3D('',#6215,#6216,#6217);
#6215 = CARTESIAN_POINT('',(-0.2,-0.3,3.675));
#6216 = DIRECTION('',(-1.,0.,0.));
#6217 = DIRECTION('',(0.,1.,-3.700743415417E-15));
#6218 = ORIENTED_EDGE('',*,*,#4889,.T.);
#6219 = ORIENTED_EDGE('',*,*,#6220,.F.);
#6220 = EDGE_CURVE('',#5100,#4881,#6221,.T.);
#6221 = LINE('',#6222,#6223);
#6222 = CARTESIAN_POINT('',(-0.2,-0.45,5.055));
#6223 = VECTOR('',#6224,1.);
#6224 = DIRECTION('',(0.,0.,1.));
#6225 = ORIENTED_EDGE('',*,*,#5099,.F.);
#6226 = ORIENTED_EDGE('',*,*,#6227,.F.);
#6227 = EDGE_CURVE('',#6228,#5092,#6230,.T.);
#6228 = VERTEX_POINT('',#6229);
#6229 = CARTESIAN_POINT('',(-0.2,0.,3.675));
#6230 = CIRCLE('',#6231,0.3);
#6231 = AXIS2_PLACEMENT_3D('',#6232,#6233,#6234);
#6232 = CARTESIAN_POINT('',(-0.2,-0.3,3.675));
#6233 = DIRECTION('',(-1.,0.,0.));
#6234 = DIRECTION('',(0.,0.707106781187,-0.707106781187));
#6235 = ORIENTED_EDGE('',*,*,#6236,.F.);
#6236 = EDGE_CURVE('',#5963,#6228,#6237,.T.);
#6237 = LINE('',#6238,#6239);
#6238 = CARTESIAN_POINT('',(-0.2,0.,4.));
#6239 = VECTOR('',#6240,1.);
#6240 = DIRECTION('',(0.,0.,-1.));
#6241 = PLANE('',#6242);
#6242 = AXIS2_PLACEMENT_3D('',#6243,#6244,#6245);
#6243 = CARTESIAN_POINT('',(-0.2,-0.65,5.055));
#6244 = DIRECTION('',(-1.,0.,0.));
#6245 = DIRECTION('',(0.,1.,0.));
#6246 = ADVANCED_FACE('',(#6247),#6297,.F.);
#6247 = FACE_BOUND('',#6248,.T.);
#6248 = EDGE_LOOP('',(#6249,#6250,#6258,#6267,#6275,#6281,#6282,#6291));
#6249 = ORIENTED_EDGE('',*,*,#5930,.T.);
#6250 = ORIENTED_EDGE('',*,*,#6251,.F.);
#6251 = EDGE_CURVE('',#6252,#5921,#6254,.T.);
#6252 = VERTEX_POINT('',#6253);
#6253 = CARTESIAN_POINT('',(-0.2,0.,4.755));
#6254 = LINE('',#6255,#6256);
#6255 = CARTESIAN_POINT('',(-0.2,0.,4.));
#6256 = VECTOR('',#6257,1.);
#6257 = DIRECTION('',(0.,0.,-1.));
#6258 = ORIENTED_EDGE('',*,*,#6259,.F.);
#6259 = EDGE_CURVE('',#6260,#6252,#6262,.T.);
#6260 = VERTEX_POINT('',#6261);
#6261 = CARTESIAN_POINT('',(-0.2,-0.3,5.055));
#6262 = CIRCLE('',#6263,0.3);
#6263 = AXIS2_PLACEMENT_3D('',#6264,#6265,#6266);
#6264 = CARTESIAN_POINT('',(-0.2,-0.3,4.755));
#6265 = DIRECTION('',(-1.,0.,0.));
#6266 = DIRECTION('',(0.,0.707106781187,0.707106781187));
#6267 = ORIENTED_EDGE('',*,*,#6268,.F.);
#6268 = EDGE_CURVE('',#6269,#6260,#6271,.T.);
#6269 = VERTEX_POINT('',#6270);
#6270 = CARTESIAN_POINT('',(-0.2,-0.45,5.055));
#6271 = LINE('',#6272,#6273);
#6272 = CARTESIAN_POINT('',(-0.2,-0.325,5.055));
#6273 = VECTOR('',#6274,1.);
#6274 = DIRECTION('',(0.,1.,0.));
#6275 = ORIENTED_EDGE('',*,*,#6276,.F.);
#6276 = EDGE_CURVE('',#4834,#6269,#6277,.T.);
#6277 = LINE('',#6278,#6279);
#6278 = CARTESIAN_POINT('',(-0.2,-0.45,5.055));
#6279 = VECTOR('',#6280,1.);
#6280 = DIRECTION('',(0.,0.,1.));
#6281 = ORIENTED_EDGE('',*,*,#4833,.T.);
#6282 = ORIENTED_EDGE('',*,*,#6283,.T.);
#6283 = EDGE_CURVE('',#4826,#6284,#6286,.T.);
#6284 = VERTEX_POINT('',#6285);
#6285 = CARTESIAN_POINT('',(-0.2,-0.15,4.755));
#6286 = CIRCLE('',#6287,0.15);
#6287 = AXIS2_PLACEMENT_3D('',#6288,#6289,#6290);
#6288 = CARTESIAN_POINT('',(-0.2,-0.3,4.755));
#6289 = DIRECTION('',(-1.,0.,0.));
#6290 = DIRECTION('',(0.,6.245004513516E-15,1.));
#6291 = ORIENTED_EDGE('',*,*,#6292,.T.);
#6292 = EDGE_CURVE('',#6284,#5931,#6293,.T.);
#6293 = LINE('',#6294,#6295);
#6294 = CARTESIAN_POINT('',(-0.2,-0.15,4.365));
#6295 = VECTOR('',#6296,1.);
#6296 = DIRECTION('',(0.,1.124357808503E-16,-1.));
#6297 = PLANE('',#6298);
#6298 = AXIS2_PLACEMENT_3D('',#6299,#6300,#6301);
#6299 = CARTESIAN_POINT('',(-0.2,-0.65,5.055));
#6300 = DIRECTION('',(-1.,0.,0.));
#6301 = DIRECTION('',(0.,1.,0.));
#6302 = ADVANCED_FACE('',(#6303),#6346,.T.);
#6303 = FACE_BOUND('',#6304,.T.);
#6304 = EDGE_LOOP('',(#6305,#6306,#6314,#6321,#6322,#6323,#6331,#6340));
#6305 = ORIENTED_EDGE('',*,*,#5946,.T.);
#6306 = ORIENTED_EDGE('',*,*,#6307,.T.);
#6307 = EDGE_CURVE('',#5939,#6308,#6310,.T.);
#6308 = VERTEX_POINT('',#6309);
#6309 = CARTESIAN_POINT('',(-1.8,-0.15,4.755));
#6310 = LINE('',#6311,#6312);
#6311 = CARTESIAN_POINT('',(-1.8,-0.15,4.365));
#6312 = VECTOR('',#6313,1.);
#6313 = DIRECTION('',(0.,-1.124357808503E-16,1.));
#6314 = ORIENTED_EDGE('',*,*,#6315,.T.);
#6315 = EDGE_CURVE('',#6308,#4818,#6316,.T.);
#6316 = CIRCLE('',#6317,0.15);
#6317 = AXIS2_PLACEMENT_3D('',#6318,#6319,#6320);
#6318 = CARTESIAN_POINT('',(-1.8,-0.3,4.755));
#6319 = DIRECTION('',(1.,0.,0.));
#6320 = DIRECTION('',(-0.,6.245004513516E-15,1.));
#6321 = ORIENTED_EDGE('',*,*,#4817,.T.);
#6322 = ORIENTED_EDGE('',*,*,#5174,.F.);
#6323 = ORIENTED_EDGE('',*,*,#6324,.F.);
#6324 = EDGE_CURVE('',#6325,#5166,#6327,.T.);
#6325 = VERTEX_POINT('',#6326);
#6326 = CARTESIAN_POINT('',(-1.8,-0.3,5.055));
#6327 = LINE('',#6328,#6329);
#6328 = CARTESIAN_POINT('',(-1.8,0.,5.055));
#6329 = VECTOR('',#6330,1.);
#6330 = DIRECTION('',(0.,-1.,0.));
#6331 = ORIENTED_EDGE('',*,*,#6332,.F.);
#6332 = EDGE_CURVE('',#6333,#6325,#6335,.T.);
#6333 = VERTEX_POINT('',#6334);
#6334 = CARTESIAN_POINT('',(-1.8,0.,4.755));
#6335 = CIRCLE('',#6336,0.3);
#6336 = AXIS2_PLACEMENT_3D('',#6337,#6338,#6339);
#6337 = CARTESIAN_POINT('',(-1.8,-0.3,4.755));
#6338 = DIRECTION('',(1.,0.,0.));
#6339 = DIRECTION('',(-0.,0.707106781187,0.707106781187));
#6340 = ORIENTED_EDGE('',*,*,#6341,.F.);
#6341 = EDGE_CURVE('',#5923,#6333,#6342,.T.);
#6342 = LINE('',#6343,#6344);
#6343 = CARTESIAN_POINT('',(-1.8,0.,3.375));
#6344 = VECTOR('',#6345,1.);
#6345 = DIRECTION('',(0.,0.,1.));
#6346 = PLANE('',#6347);
#6347 = AXIS2_PLACEMENT_3D('',#6348,#6349,#6350);
#6348 = CARTESIAN_POINT('',(-1.8,0.,5.055));
#6349 = DIRECTION('',(-1.,0.,0.));
#6350 = DIRECTION('',(0.,0.,-1.));
#6351 = ADVANCED_FACE('',(#6352),#6381,.T.);
#6352 = FACE_BOUND('',#6353,.T.);
#6353 = EDGE_LOOP('',(#6354,#6355,#6363,#6370,#6371,#6372,#6373,#6380));
#6354 = ORIENTED_EDGE('',*,*,#5970,.T.);
#6355 = ORIENTED_EDGE('',*,*,#6356,.F.);
#6356 = EDGE_CURVE('',#6357,#5961,#6359,.T.);
#6357 = VERTEX_POINT('',#6358);
#6358 = CARTESIAN_POINT('',(-1.8,0.,3.675));
#6359 = LINE('',#6360,#6361);
#6360 = CARTESIAN_POINT('',(-1.8,0.,3.375));
#6361 = VECTOR('',#6362,1.);
#6362 = DIRECTION('',(0.,0.,1.));
#6363 = ORIENTED_EDGE('',*,*,#6364,.F.);
#6364 = EDGE_CURVE('',#5084,#6357,#6365,.T.);
#6365 = CIRCLE('',#6366,0.3);
#6366 = AXIS2_PLACEMENT_3D('',#6367,#6368,#6369);
#6367 = CARTESIAN_POINT('',(-1.8,-0.3,3.675));
#6368 = DIRECTION('',(1.,0.,0.));
#6369 = DIRECTION('',(0.,0.707106781187,-0.707106781187));
#6370 = ORIENTED_EDGE('',*,*,#5083,.T.);
#6371 = ORIENTED_EDGE('',*,*,#4783,.F.);
#6372 = ORIENTED_EDGE('',*,*,#4905,.T.);
#6373 = ORIENTED_EDGE('',*,*,#6374,.T.);
#6374 = EDGE_CURVE('',#4898,#6181,#6375,.T.);
#6375 = CIRCLE('',#6376,0.15);
#6376 = AXIS2_PLACEMENT_3D('',#6377,#6378,#6379);
#6377 = CARTESIAN_POINT('',(-1.8,-0.3,3.675));
#6378 = DIRECTION('',(1.,0.,0.));
#6379 = DIRECTION('',(0.,1.,-3.700743415417E-15));
#6380 = ORIENTED_EDGE('',*,*,#6180,.T.);
#6381 = PLANE('',#6382);
#6382 = AXIS2_PLACEMENT_3D('',#6383,#6384,#6385);
#6383 = CARTESIAN_POINT('',(-1.8,0.,5.055));
#6384 = DIRECTION('',(-1.,0.,0.));
#6385 = DIRECTION('',(0.,0.,-1.));
#6386 = ADVANCED_FACE('',(#6387),#6398,.T.);
#6387 = FACE_BOUND('',#6388,.T.);
#6388 = EDGE_LOOP('',(#6389,#6390,#6391,#6397));
#6389 = ORIENTED_EDGE('',*,*,#5960,.T.);
#6390 = ORIENTED_EDGE('',*,*,#6236,.T.);
#6391 = ORIENTED_EDGE('',*,*,#6392,.F.);
#6392 = EDGE_CURVE('',#6357,#6228,#6393,.T.);
#6393 = LINE('',#6394,#6395);
#6394 = CARTESIAN_POINT('',(1.825,0.,3.675));
#6395 = VECTOR('',#6396,1.);
#6396 = DIRECTION('',(1.,0.,0.));
#6397 = ORIENTED_EDGE('',*,*,#6356,.T.);
#6398 = PLANE('',#6399);
#6399 = AXIS2_PLACEMENT_3D('',#6400,#6401,#6402);
#6400 = CARTESIAN_POINT('',(5.45,0.,2.945));
#6401 = DIRECTION('',(0.,1.,0.));
#6402 = DIRECTION('',(1.,0.,0.));
#6403 = ADVANCED_FACE('',(#6404),#6415,.T.);
#6404 = FACE_BOUND('',#6405,.T.);
#6405 = EDGE_LOOP('',(#6406,#6407,#6408,#6414));
#6406 = ORIENTED_EDGE('',*,*,#5920,.T.);
#6407 = ORIENTED_EDGE('',*,*,#6341,.T.);
#6408 = ORIENTED_EDGE('',*,*,#6409,.F.);
#6409 = EDGE_CURVE('',#6252,#6333,#6410,.T.);
#6410 = LINE('',#6411,#6412);
#6411 = CARTESIAN_POINT('',(2.725,0.,4.755));
#6412 = VECTOR('',#6413,1.);
#6413 = DIRECTION('',(-1.,0.,0.));
#6414 = ORIENTED_EDGE('',*,*,#6251,.T.);
#6415 = PLANE('',#6416);
#6416 = AXIS2_PLACEMENT_3D('',#6417,#6418,#6419);
#6417 = CARTESIAN_POINT('',(5.45,0.,2.945));
#6418 = DIRECTION('',(0.,1.,0.));
#6419 = DIRECTION('',(1.,0.,0.));
#6420 = ADVANCED_FACE('',(#6421),#6427,.F.);
#6421 = FACE_BOUND('',#6422,.F.);
#6422 = EDGE_LOOP('',(#6423,#6424,#6425,#6426));
#6423 = ORIENTED_EDGE('',*,*,#4897,.F.);
#6424 = ORIENTED_EDGE('',*,*,#6374,.T.);
#6425 = ORIENTED_EDGE('',*,*,#6188,.T.);
#6426 = ORIENTED_EDGE('',*,*,#6212,.T.);
#6427 = CYLINDRICAL_SURFACE('',#6428,0.15);
#6428 = AXIS2_PLACEMENT_3D('',#6429,#6430,#6431);
#6429 = CARTESIAN_POINT('',(-1.8,-0.3,3.675));
#6430 = DIRECTION('',(1.,0.,0.));
#6431 = DIRECTION('',(0.,1.,-3.700743415417E-15));
#6432 = ADVANCED_FACE('',(#6433),#6444,.F.);
#6433 = FACE_BOUND('',#6434,.F.);
#6434 = EDGE_LOOP('',(#6435,#6441,#6442,#6443));
#6435 = ORIENTED_EDGE('',*,*,#6436,.F.);
#6436 = EDGE_CURVE('',#6308,#6284,#6437,.T.);
#6437 = LINE('',#6438,#6439);
#6438 = CARTESIAN_POINT('',(-1.8,-0.15,4.755));
#6439 = VECTOR('',#6440,1.);
#6440 = DIRECTION('',(1.,0.,0.));
#6441 = ORIENTED_EDGE('',*,*,#6315,.T.);
#6442 = ORIENTED_EDGE('',*,*,#4825,.T.);
#6443 = ORIENTED_EDGE('',*,*,#6283,.T.);
#6444 = CYLINDRICAL_SURFACE('',#6445,0.15);
#6445 = AXIS2_PLACEMENT_3D('',#6446,#6447,#6448);
#6446 = CARTESIAN_POINT('',(-1.8,-0.3,4.755));
#6447 = DIRECTION('',(1.,0.,0.));
#6448 = DIRECTION('',(-0.,6.245004513516E-15,1.));
#6449 = ADVANCED_FACE('',(#6450),#6456,.F.);
#6450 = FACE_BOUND('',#6451,.T.);
#6451 = EDGE_LOOP('',(#6452,#6453,#6454,#6455));
#6452 = ORIENTED_EDGE('',*,*,#5938,.T.);
#6453 = ORIENTED_EDGE('',*,*,#6292,.F.);
#6454 = ORIENTED_EDGE('',*,*,#6436,.F.);
#6455 = ORIENTED_EDGE('',*,*,#6307,.F.);
#6456 = PLANE('',#6457);
#6457 = AXIS2_PLACEMENT_3D('',#6458,#6459,#6460);
#6458 = CARTESIAN_POINT('',(-1.8,-0.15,3.675));
#6459 = DIRECTION('',(0.,1.,1.124357808503E-16));
#6460 = DIRECTION('',(0.,-1.124357808503E-16,1.));
#6461 = ADVANCED_FACE('',(#6462),#6535,.T.);
#6462 = FACE_BOUND('',#6463,.T.);
#6463 = EDGE_LOOP('',(#6464,#6465,#6466,#6474,#6480,#6486,#6494,#6502,
    #6510,#6518,#6524,#6525,#6526,#6532,#6533,#6534));
#6464 = ORIENTED_EDGE('',*,*,#4721,.T.);
#6465 = ORIENTED_EDGE('',*,*,#4850,.F.);
#6466 = ORIENTED_EDGE('',*,*,#6467,.F.);
#6467 = EDGE_CURVE('',#6468,#4842,#6470,.T.);
#6468 = VERTEX_POINT('',#6469);
#6469 = CARTESIAN_POINT('',(0.,-0.65,5.055));
#6470 = LINE('',#6471,#6472);
#6471 = CARTESIAN_POINT('',(0.,-0.65,5.055));
#6472 = VECTOR('',#6473,1.);
#6473 = DIRECTION('',(0.,0.,-1.));
#6474 = ORIENTED_EDGE('',*,*,#6475,.T.);
#6475 = EDGE_CURVE('',#6468,#5745,#6476,.T.);
#6476 = LINE('',#6477,#6478);
#6477 = CARTESIAN_POINT('',(0.,0.,5.055));
#6478 = VECTOR('',#6479,1.);
#6479 = DIRECTION('',(0.,-1.,0.));
#6480 = ORIENTED_EDGE('',*,*,#6481,.T.);
#6481 = EDGE_CURVE('',#5745,#5308,#6482,.T.);
#6482 = LINE('',#6483,#6484);
#6483 = CARTESIAN_POINT('',(0.,0.,5.055));
#6484 = VECTOR('',#6485,1.);
#6485 = DIRECTION('',(0.,-1.,0.));
#6486 = ORIENTED_EDGE('',*,*,#6487,.F.);
#6487 = EDGE_CURVE('',#6488,#5308,#6490,.T.);
#6488 = VERTEX_POINT('',#6489);
#6489 = CARTESIAN_POINT('',(0.,-1.65,5.89));
#6490 = LINE('',#6491,#6492);
#6491 = CARTESIAN_POINT('',(0.,-1.65,3.16));
#6492 = VECTOR('',#6493,1.);
#6493 = DIRECTION('',(0.,0.,-1.));
#6494 = ORIENTED_EDGE('',*,*,#6495,.F.);
#6495 = EDGE_CURVE('',#6496,#6488,#6498,.T.);
#6496 = VERTEX_POINT('',#6497);
#6497 = CARTESIAN_POINT('',(0.,-5.E-02,5.89));
#6498 = LINE('',#6499,#6500);
#6499 = CARTESIAN_POINT('',(0.,0.,5.89));
#6500 = VECTOR('',#6501,1.);
#6501 = DIRECTION('',(0.,-1.,0.));
#6502 = ORIENTED_EDGE('',*,*,#6503,.T.);
#6503 = EDGE_CURVE('',#6496,#6504,#6506,.T.);
#6504 = VERTEX_POINT('',#6505);
#6505 = CARTESIAN_POINT('',(0.,-5.E-02,2.39));
#6506 = LINE('',#6507,#6508);
#6507 = CARTESIAN_POINT('',(0.,-5.E-02,3.16));
#6508 = VECTOR('',#6509,1.);
#6509 = DIRECTION('',(0.,0.,-1.));
#6510 = ORIENTED_EDGE('',*,*,#6511,.F.);
#6511 = EDGE_CURVE('',#6512,#6504,#6514,.T.);
#6512 = VERTEX_POINT('',#6513);
#6513 = CARTESIAN_POINT('',(0.,-1.65,2.39));
#6514 = LINE('',#6515,#6516);
#6515 = CARTESIAN_POINT('',(0.,0.,2.39));
#6516 = VECTOR('',#6517,1.);
#6517 = DIRECTION('',(0.,1.,0.));
#6518 = ORIENTED_EDGE('',*,*,#6519,.F.);
#6519 = EDGE_CURVE('',#5052,#6512,#6520,.T.);
#6520 = LINE('',#6521,#6522);
#6521 = CARTESIAN_POINT('',(0.,-1.65,3.16));
#6522 = VECTOR('',#6523,1.);
#6523 = DIRECTION('',(0.,0.,-1.));
#6524 = ORIENTED_EDGE('',*,*,#5051,.F.);
#6525 = ORIENTED_EDGE('',*,*,#5116,.F.);
#6526 = ORIENTED_EDGE('',*,*,#6527,.F.);
#6527 = EDGE_CURVE('',#4873,#5108,#6528,.T.);
#6528 = LINE('',#6529,#6530);
#6529 = CARTESIAN_POINT('',(0.,-0.65,5.055));
#6530 = VECTOR('',#6531,1.);
#6531 = DIRECTION('',(0.,0.,-1.));
#6532 = ORIENTED_EDGE('',*,*,#4872,.F.);
#6533 = ORIENTED_EDGE('',*,*,#5192,.T.);
#6534 = ORIENTED_EDGE('',*,*,#4929,.T.);
#6535 = PLANE('',#6536);
#6536 = AXIS2_PLACEMENT_3D('',#6537,#6538,#6539);
#6537 = CARTESIAN_POINT('',(0.,0.,3.375));
#6538 = DIRECTION('',(-1.,0.,0.));
#6539 = DIRECTION('',(0.,0.,-1.));
#6540 = ADVANCED_FACE('',(#6541),#6553,.F.);
#6541 = FACE_BOUND('',#6542,.F.);
#6542 = EDGE_LOOP('',(#6543,#6544,#6551,#6552));
#6543 = ORIENTED_EDGE('',*,*,#6467,.F.);
#6544 = ORIENTED_EDGE('',*,*,#6545,.F.);
#6545 = EDGE_CURVE('',#6269,#6468,#6546,.T.);
#6546 = CIRCLE('',#6547,0.2);
#6547 = AXIS2_PLACEMENT_3D('',#6548,#6549,#6550);
#6548 = CARTESIAN_POINT('',(-1.387778780781E-16,-0.45,5.055));
#6549 = DIRECTION('',(0.,0.,1.));
#6550 = DIRECTION('',(-0.707106781187,-0.707106781187,0.));
#6551 = ORIENTED_EDGE('',*,*,#6276,.F.);
#6552 = ORIENTED_EDGE('',*,*,#4841,.F.);
#6553 = CYLINDRICAL_SURFACE('',#6554,0.2);
#6554 = AXIS2_PLACEMENT_3D('',#6555,#6556,#6557);
#6555 = CARTESIAN_POINT('',(-1.387778780781E-16,-0.45,5.055));
#6556 = DIRECTION('',(0.,0.,-1.));
#6557 = DIRECTION('',(-0.707106781187,-0.707106781187,-0.));
#6558 = ADVANCED_FACE('',(#6559),#6565,.F.);
#6559 = FACE_BOUND('',#6560,.F.);
#6560 = EDGE_LOOP('',(#6561,#6562,#6563,#6564));
#6561 = ORIENTED_EDGE('',*,*,#6220,.F.);
#6562 = ORIENTED_EDGE('',*,*,#5107,.F.);
#6563 = ORIENTED_EDGE('',*,*,#6527,.F.);
#6564 = ORIENTED_EDGE('',*,*,#4880,.F.);
#6565 = CYLINDRICAL_SURFACE('',#6566,0.2);
#6566 = AXIS2_PLACEMENT_3D('',#6567,#6568,#6569);
#6567 = CARTESIAN_POINT('',(-1.387778780781E-16,-0.45,5.055));
#6568 = DIRECTION('',(0.,0.,-1.));
#6569 = DIRECTION('',(-0.707106781187,-0.707106781187,-0.));
#6570 = ADVANCED_FACE('',(#6571),#6577,.F.);
#6571 = FACE_BOUND('',#6572,.F.);
#6572 = EDGE_LOOP('',(#6573,#6574,#6575,#6576));
#6573 = ORIENTED_EDGE('',*,*,#2771,.F.);
#6574 = ORIENTED_EDGE('',*,*,#6146,.T.);
#6575 = ORIENTED_EDGE('',*,*,#6112,.T.);
#6576 = ORIENTED_EDGE('',*,*,#6009,.T.);
#6577 = CYLINDRICAL_SURFACE('',#6578,0.15);
#6578 = AXIS2_PLACEMENT_3D('',#6579,#6580,#6581);
#6579 = CARTESIAN_POINT('',(12.7,-0.3,2.215));
#6580 = DIRECTION('',(-1.,0.,0.));
#6581 = DIRECTION('',(0.,1.,0.));
#6582 = ADVANCED_FACE('',(#6583),#6609,.F.);
#6583 = FACE_BOUND('',#6584,.F.);
#6584 = EDGE_LOOP('',(#6585,#6593,#6602,#6608));
#6585 = ORIENTED_EDGE('',*,*,#6586,.F.);
#6586 = EDGE_CURVE('',#6587,#6081,#6589,.T.);
#6587 = VERTEX_POINT('',#6588);
#6588 = CARTESIAN_POINT('',(12.7,-0.15,1.135));
#6589 = LINE('',#6590,#6591);
#6590 = CARTESIAN_POINT('',(12.7,-0.15,1.135));
#6591 = VECTOR('',#6592,1.);
#6592 = DIRECTION('',(-1.,0.,0.));
#6593 = ORIENTED_EDGE('',*,*,#6594,.T.);
#6594 = EDGE_CURVE('',#6587,#6595,#6597,.T.);
#6595 = VERTEX_POINT('',#6596);
#6596 = CARTESIAN_POINT('',(12.7,-0.3,0.985));
#6597 = CIRCLE('',#6598,0.15);
#6598 = AXIS2_PLACEMENT_3D('',#6599,#6600,#6601);
#6599 = CARTESIAN_POINT('',(12.7,-0.3,1.135));
#6600 = DIRECTION('',(-1.,0.,0.));
#6601 = DIRECTION('',(-0.,-4.625929269271E-16,-1.));
#6602 = ORIENTED_EDGE('',*,*,#6603,.T.);
#6603 = EDGE_CURVE('',#6595,#6073,#6604,.T.);
#6604 = LINE('',#6605,#6606);
#6605 = CARTESIAN_POINT('',(12.7,-0.3,0.985));
#6606 = VECTOR('',#6607,1.);
#6607 = DIRECTION('',(-1.,0.,0.));
#6608 = ORIENTED_EDGE('',*,*,#6080,.T.);
#6609 = CYLINDRICAL_SURFACE('',#6610,0.15);
#6610 = AXIS2_PLACEMENT_3D('',#6611,#6612,#6613);
#6611 = CARTESIAN_POINT('',(12.7,-0.3,1.135));
#6612 = DIRECTION('',(-1.,0.,0.));
#6613 = DIRECTION('',(-0.,-4.625929269271E-16,-1.));
#6614 = ADVANCED_FACE('',(#6615),#6626,.F.);
#6615 = FACE_BOUND('',#6616,.T.);
#6616 = EDGE_LOOP('',(#6617,#6618,#6619,#6620));
#6617 = ORIENTED_EDGE('',*,*,#5898,.T.);
#6618 = ORIENTED_EDGE('',*,*,#6089,.F.);
#6619 = ORIENTED_EDGE('',*,*,#6586,.F.);
#6620 = ORIENTED_EDGE('',*,*,#6621,.F.);
#6621 = EDGE_CURVE('',#5899,#6587,#6622,.T.);
#6622 = LINE('',#6623,#6624);
#6623 = CARTESIAN_POINT('',(12.7,-0.15,1.525));
#6624 = VECTOR('',#6625,1.);
#6625 = DIRECTION('',(0.,6.424901762877E-17,-1.));
#6626 = PLANE('',#6627);
#6627 = AXIS2_PLACEMENT_3D('',#6628,#6629,#6630);
#6628 = CARTESIAN_POINT('',(12.7,-0.15,2.215));
#6629 = DIRECTION('',(0.,1.,6.424901762877E-17));
#6630 = DIRECTION('',(0.,6.424901762877E-17,-1.));
#6631 = ADVANCED_FACE('',(#6632),#6652,.F.);
#6632 = FACE_BOUND('',#6633,.T.);
#6633 = EDGE_LOOP('',(#6634,#6635,#6636,#6642,#6643,#6644,#6651));
#6634 = ORIENTED_EDGE('',*,*,#2711,.F.);
#6635 = ORIENTED_EDGE('',*,*,#3133,.F.);
#6636 = ORIENTED_EDGE('',*,*,#6637,.F.);
#6637 = EDGE_CURVE('',#6595,#3126,#6638,.T.);
#6638 = LINE('',#6639,#6640);
#6639 = CARTESIAN_POINT('',(12.7,-0.15,0.985));
#6640 = VECTOR('',#6641,1.);
#6641 = DIRECTION('',(0.,-1.,0.));
#6642 = ORIENTED_EDGE('',*,*,#6603,.T.);
#6643 = ORIENTED_EDGE('',*,*,#6072,.F.);
#6644 = ORIENTED_EDGE('',*,*,#6645,.F.);
#6645 = EDGE_CURVE('',#2819,#6065,#6646,.T.);
#6646 = CIRCLE('',#6647,0.2);
#6647 = AXIS2_PLACEMENT_3D('',#6648,#6649,#6650);
#6648 = CARTESIAN_POINT('',(10.9,-0.45,0.985));
#6649 = DIRECTION('',(0.,0.,1.));
#6650 = DIRECTION('',(0.707106781187,-0.707106781187,0.));
#6651 = ORIENTED_EDGE('',*,*,#2818,.T.);
#6652 = PLANE('',#6653);
#6653 = AXIS2_PLACEMENT_3D('',#6654,#6655,#6656);
#6654 = CARTESIAN_POINT('',(12.7,-0.3,0.985));
#6655 = DIRECTION('',(0.,0.,-1.));
#6656 = DIRECTION('',(0.,-1.,0.));
#6657 = ADVANCED_FACE('',(#6658),#6664,.F.);
#6658 = FACE_BOUND('',#6659,.F.);
#6659 = EDGE_LOOP('',(#6660,#6661,#6662,#6663));
#6660 = ORIENTED_EDGE('',*,*,#2826,.T.);
#6661 = ORIENTED_EDGE('',*,*,#3157,.F.);
#6662 = ORIENTED_EDGE('',*,*,#6064,.F.);
#6663 = ORIENTED_EDGE('',*,*,#6645,.F.);
#6664 = CYLINDRICAL_SURFACE('',#6665,0.2);
#6665 = AXIS2_PLACEMENT_3D('',#6666,#6667,#6668);
#6666 = CARTESIAN_POINT('',(10.9,-0.45,5.055));
#6667 = DIRECTION('',(0.,0.,-1.));
#6668 = DIRECTION('',(0.707106781187,-0.707106781187,0.));
#6669 = ADVANCED_FACE('',(#6670),#6676,.F.);
#6670 = FACE_BOUND('',#6671,.F.);
#6671 = EDGE_LOOP('',(#6672,#6673,#6674,#6675));
#6672 = ORIENTED_EDGE('',*,*,#6017,.F.);
#6673 = ORIENTED_EDGE('',*,*,#3238,.F.);
#6674 = ORIENTED_EDGE('',*,*,#2906,.T.);
#6675 = ORIENTED_EDGE('',*,*,#2754,.F.);
#6676 = CYLINDRICAL_SURFACE('',#6677,0.2);
#6677 = AXIS2_PLACEMENT_3D('',#6678,#6679,#6680);
#6678 = CARTESIAN_POINT('',(10.9,-0.45,5.055));
#6679 = DIRECTION('',(0.,0.,-1.));
#6680 = DIRECTION('',(0.707106781187,-0.707106781187,0.));
#6681 = ADVANCED_FACE('',(#6682),#6701,.T.);
#6682 = FACE_BOUND('',#6683,.T.);
#6683 = EDGE_LOOP('',(#6684,#6693,#6694,#6695));
#6684 = ORIENTED_EDGE('',*,*,#6685,.T.);
#6685 = EDGE_CURVE('',#6686,#3175,#6688,.T.);
#6686 = VERTEX_POINT('',#6687);
#6687 = CARTESIAN_POINT('',(12.7,0.,1.135));
#6688 = CIRCLE('',#6689,0.3);
#6689 = AXIS2_PLACEMENT_3D('',#6690,#6691,#6692);
#6690 = CARTESIAN_POINT('',(12.7,-0.3,1.135));
#6691 = DIRECTION('',(-1.,0.,0.));
#6692 = DIRECTION('',(0.,0.707106781187,-0.707106781187));
#6693 = ORIENTED_EDGE('',*,*,#3174,.T.);
#6694 = ORIENTED_EDGE('',*,*,#6056,.T.);
#6695 = ORIENTED_EDGE('',*,*,#6696,.T.);
#6696 = EDGE_CURVE('',#6049,#6686,#6697,.T.);
#6697 = LINE('',#6698,#6699);
#6698 = CARTESIAN_POINT('',(8.175,0.,1.135));
#6699 = VECTOR('',#6700,1.);
#6700 = DIRECTION('',(1.,0.,2.312964634636E-16));
#6701 = CYLINDRICAL_SURFACE('',#6702,0.3);
#6702 = AXIS2_PLACEMENT_3D('',#6703,#6704,#6705);
#6703 = CARTESIAN_POINT('',(8.175,-0.3,1.135));
#6704 = DIRECTION('',(1.,0.,2.312964634636E-16));
#6705 = DIRECTION('',(1.635512977796E-16,0.707106781187,-0.707106781187)
  );
#6706 = ADVANCED_FACE('',(#6707),#6718,.T.);
#6707 = FACE_BOUND('',#6708,.T.);
#6708 = EDGE_LOOP('',(#6709,#6710,#6716,#6717));
#6709 = ORIENTED_EDGE('',*,*,#5880,.T.);
#6710 = ORIENTED_EDGE('',*,*,#6711,.F.);
#6711 = EDGE_CURVE('',#6686,#5883,#6712,.T.);
#6712 = LINE('',#6713,#6714);
#6713 = CARTESIAN_POINT('',(12.7,0.,0.835));
#6714 = VECTOR('',#6715,1.);
#6715 = DIRECTION('',(0.,0.,1.));
#6716 = ORIENTED_EDGE('',*,*,#6696,.F.);
#6717 = ORIENTED_EDGE('',*,*,#6048,.T.);
#6718 = PLANE('',#6719);
#6719 = AXIS2_PLACEMENT_3D('',#6720,#6721,#6722);
#6720 = CARTESIAN_POINT('',(5.45,0.,2.945));
#6721 = DIRECTION('',(0.,1.,0.));
#6722 = DIRECTION('',(1.,0.,0.));
#6723 = ADVANCED_FACE('',(#6724),#6730,.T.);
#6724 = FACE_BOUND('',#6725,.T.);
#6725 = EDGE_LOOP('',(#6726,#6727,#6728,#6729));
#6726 = ORIENTED_EDGE('',*,*,#6024,.T.);
#6727 = ORIENTED_EDGE('',*,*,#3222,.T.);
#6728 = ORIENTED_EDGE('',*,*,#6136,.T.);
#6729 = ORIENTED_EDGE('',*,*,#6164,.T.);
#6730 = CYLINDRICAL_SURFACE('',#6731,0.3);
#6731 = AXIS2_PLACEMENT_3D('',#6732,#6733,#6734);
#6732 = CARTESIAN_POINT('',(9.075,-0.3,2.215));
#6733 = DIRECTION('',(-1.,0.,-3.083952846181E-16));
#6734 = DIRECTION('',(-2.180683970394E-16,0.707106781187,0.707106781187)
  );
#6735 = ADVANCED_FACE('',(#6736),#6742,.T.);
#6736 = FACE_BOUND('',#6737,.T.);
#6737 = EDGE_LOOP('',(#6738,#6739,#6740,#6741));
#6738 = ORIENTED_EDGE('',*,*,#6364,.T.);
#6739 = ORIENTED_EDGE('',*,*,#6392,.T.);
#6740 = ORIENTED_EDGE('',*,*,#6227,.T.);
#6741 = ORIENTED_EDGE('',*,*,#5091,.T.);
#6742 = CYLINDRICAL_SURFACE('',#6743,0.3);
#6743 = AXIS2_PLACEMENT_3D('',#6744,#6745,#6746);
#6744 = CARTESIAN_POINT('',(1.825,-0.3,3.675));
#6745 = DIRECTION('',(-1.,0.,0.));
#6746 = DIRECTION('',(0.,0.707106781187,-0.707106781187));
#6747 = ADVANCED_FACE('',(#6748),#6759,.T.);
#6748 = FACE_BOUND('',#6749,.T.);
#6749 = EDGE_LOOP('',(#6750,#6751,#6752,#6753));
#6750 = ORIENTED_EDGE('',*,*,#6259,.T.);
#6751 = ORIENTED_EDGE('',*,*,#6409,.T.);
#6752 = ORIENTED_EDGE('',*,*,#6332,.T.);
#6753 = ORIENTED_EDGE('',*,*,#6754,.T.);
#6754 = EDGE_CURVE('',#6325,#6260,#6755,.T.);
#6755 = LINE('',#6756,#6757);
#6756 = CARTESIAN_POINT('',(2.725,-0.3,5.055));
#6757 = VECTOR('',#6758,1.);
#6758 = DIRECTION('',(1.,0.,0.));
#6759 = CYLINDRICAL_SURFACE('',#6760,0.3);
#6760 = AXIS2_PLACEMENT_3D('',#6761,#6762,#6763);
#6761 = CARTESIAN_POINT('',(2.725,-0.3,4.755));
#6762 = DIRECTION('',(1.,0.,0.));
#6763 = DIRECTION('',(-0.,0.707106781187,0.707106781187));
#6764 = ADVANCED_FACE('',(#6765),#6774,.T.);
#6765 = FACE_BOUND('',#6766,.T.);
#6766 = EDGE_LOOP('',(#6767,#6768,#6769,#6770,#6771,#6772,#6773));
#6767 = ORIENTED_EDGE('',*,*,#5752,.T.);
#6768 = ORIENTED_EDGE('',*,*,#6475,.F.);
#6769 = ORIENTED_EDGE('',*,*,#6545,.F.);
#6770 = ORIENTED_EDGE('',*,*,#6268,.T.);
#6771 = ORIENTED_EDGE('',*,*,#6754,.F.);
#6772 = ORIENTED_EDGE('',*,*,#6324,.T.);
#6773 = ORIENTED_EDGE('',*,*,#5165,.F.);
#6774 = PLANE('',#6775);
#6775 = AXIS2_PLACEMENT_3D('',#6776,#6777,#6778);
#6776 = CARTESIAN_POINT('',(0.,0.,5.055));
#6777 = DIRECTION('',(0.,0.,1.));
#6778 = DIRECTION('',(-1.,0.,0.));
#6779 = ADVANCED_FACE('',(#6780),#6798,.T.);
#6780 = FACE_BOUND('',#6781,.T.);
#6781 = EDGE_LOOP('',(#6782,#6783,#6790,#6791));
#6782 = ORIENTED_EDGE('',*,*,#2850,.T.);
#6783 = ORIENTED_EDGE('',*,*,#6784,.T.);
#6784 = EDGE_CURVE('',#2843,#5391,#6785,.T.);
#6785 = ELLIPSE('',#6786,0.282842712475,0.2);
#6786 = AXIS2_PLACEMENT_3D('',#6787,#6788,#6789);
#6787 = CARTESIAN_POINT('',(10.7,-1.65,0.835));
#6788 = DIRECTION('',(0.,0.707106781187,-0.707106781187));
#6789 = DIRECTION('',(0.,-0.707106781187,-0.707106781187));
#6790 = ORIENTED_EDGE('',*,*,#5390,.T.);
#6791 = ORIENTED_EDGE('',*,*,#6792,.T.);
#6792 = EDGE_CURVE('',#5383,#2851,#6793,.T.);
#6793 = ELLIPSE('',#6794,0.282842712475,0.2);
#6794 = AXIS2_PLACEMENT_3D('',#6795,#6796,#6797);
#6795 = CARTESIAN_POINT('',(10.7,-1.65,0.2));
#6796 = DIRECTION('',(0.707106781187,0.,0.707106781187));
#6797 = DIRECTION('',(0.707106781187,0.,-0.707106781187));
#6798 = CYLINDRICAL_SURFACE('',#6799,0.2);
#6799 = AXIS2_PLACEMENT_3D('',#6800,#6801,#6802);
#6800 = CARTESIAN_POINT('',(10.7,-1.65,1.4725));
#6801 = DIRECTION('',(0.,0.,1.));
#6802 = DIRECTION('',(0.707106781187,-0.707106781187,0.));
#6803 = ADVANCED_FACE('',(#6804),#6822,.T.);
#6804 = FACE_BOUND('',#6805,.T.);
#6805 = EDGE_LOOP('',(#6806,#6813,#6814,#6821));
#6806 = ORIENTED_EDGE('',*,*,#6807,.T.);
#6807 = EDGE_CURVE('',#5332,#5052,#6808,.T.);
#6808 = ELLIPSE('',#6809,0.282842712475,0.2);
#6809 = AXIS2_PLACEMENT_3D('',#6810,#6811,#6812);
#6810 = CARTESIAN_POINT('',(0.2,-1.65,3.375));
#6811 = DIRECTION('',(0.,0.707106781187,-0.707106781187));
#6812 = DIRECTION('',(0.,-0.707106781187,-0.707106781187));
#6813 = ORIENTED_EDGE('',*,*,#6519,.T.);
#6814 = ORIENTED_EDGE('',*,*,#6815,.T.);
#6815 = EDGE_CURVE('',#6512,#5340,#6816,.T.);
#6816 = CIRCLE('',#6817,0.2);
#6817 = AXIS2_PLACEMENT_3D('',#6818,#6819,#6820);
#6818 = CARTESIAN_POINT('',(0.2,-1.65,2.39));
#6819 = DIRECTION('',(0.,0.,1.));
#6820 = DIRECTION('',(-1.,0.,0.));
#6821 = ORIENTED_EDGE('',*,*,#5339,.T.);
#6822 = CYLINDRICAL_SURFACE('',#6823,0.2);
#6823 = AXIS2_PLACEMENT_3D('',#6824,#6825,#6826);
#6824 = CARTESIAN_POINT('',(0.2,-1.65,3.16));
#6825 = DIRECTION('',(0.,0.,-1.));
#6826 = DIRECTION('',(-0.707106781187,-0.707106781187,-0.));
#6827 = ADVANCED_FACE('',(#6828),#6848,.T.);
#6828 = FACE_BOUND('',#6829,.T.);
#6829 = EDGE_LOOP('',(#6830,#6839,#6840,#6841));
#6830 = ORIENTED_EDGE('',*,*,#6831,.T.);
#6831 = EDGE_CURVE('',#6832,#5348,#6834,.T.);
#6832 = VERTEX_POINT('',#6833);
#6833 = CARTESIAN_POINT('',(0.5,-1.65,1.89));
#6834 = CIRCLE('',#6835,0.2);
#6835 = AXIS2_PLACEMENT_3D('',#6836,#6837,#6838);
#6836 = CARTESIAN_POINT('',(0.5,-1.65,2.09));
#6837 = DIRECTION('',(-1.,0.,0.));
#6838 = DIRECTION('',(0.,0.,-1.));
#6839 = ORIENTED_EDGE('',*,*,#5347,.T.);
#6840 = ORIENTED_EDGE('',*,*,#6815,.F.);
#6841 = ORIENTED_EDGE('',*,*,#6842,.T.);
#6842 = EDGE_CURVE('',#6512,#6832,#6843,.T.);
#6843 = CIRCLE('',#6844,0.5);
#6844 = AXIS2_PLACEMENT_3D('',#6845,#6846,#6847);
#6845 = CARTESIAN_POINT('',(0.5,-1.65,2.39));
#6846 = DIRECTION('',(0.,-1.,0.));
#6847 = DIRECTION('',(-0.707106781187,-0.,-0.707106781187));
#6848 = TOROIDAL_SURFACE('',#6849,0.3,0.2);
#6849 = AXIS2_PLACEMENT_3D('',#6850,#6851,#6852);
#6850 = CARTESIAN_POINT('',(0.5,-1.65,2.39));
#6851 = DIRECTION('',(0.,1.,0.));
#6852 = DIRECTION('',(0.,-0.,1.));
#6853 = ADVANCED_FACE('',(#6854),#6873,.T.);
#6854 = FACE_BOUND('',#6855,.T.);
#6855 = EDGE_LOOP('',(#6856,#6865,#6866,#6867));
#6856 = ORIENTED_EDGE('',*,*,#6857,.T.);
#6857 = EDGE_CURVE('',#6858,#5357,#6860,.T.);
#6858 = VERTEX_POINT('',#6859);
#6859 = CARTESIAN_POINT('',(5.13,-1.65,1.89));
#6860 = CIRCLE('',#6861,0.2);
#6861 = AXIS2_PLACEMENT_3D('',#6862,#6863,#6864);
#6862 = CARTESIAN_POINT('',(5.13,-1.65,2.09));
#6863 = DIRECTION('',(-1.,0.,0.));
#6864 = DIRECTION('',(0.,0.,-1.));
#6865 = ORIENTED_EDGE('',*,*,#5356,.T.);
#6866 = ORIENTED_EDGE('',*,*,#6831,.F.);
#6867 = ORIENTED_EDGE('',*,*,#6868,.T.);
#6868 = EDGE_CURVE('',#6832,#6858,#6869,.T.);
#6869 = LINE('',#6870,#6871);
#6870 = CARTESIAN_POINT('',(2.725,-1.65,1.89));
#6871 = VECTOR('',#6872,1.);
#6872 = DIRECTION('',(1.,0.,0.));
#6873 = CYLINDRICAL_SURFACE('',#6874,0.2);
#6874 = AXIS2_PLACEMENT_3D('',#6875,#6876,#6877);
#6875 = CARTESIAN_POINT('',(2.725,-1.65,2.09));
#6876 = DIRECTION('',(1.,0.,0.));
#6877 = DIRECTION('',(0.,-0.707106781187,-0.707106781187));
#6878 = ADVANCED_FACE('',(#6879),#6899,.T.);
#6879 = FACE_BOUND('',#6880,.T.);
#6880 = EDGE_LOOP('',(#6881,#6890,#6891,#6892));
#6881 = ORIENTED_EDGE('',*,*,#6882,.T.);
#6882 = EDGE_CURVE('',#6883,#5365,#6885,.T.);
#6883 = VERTEX_POINT('',#6884);
#6884 = CARTESIAN_POINT('',(7.228666243117,-1.65,0.35));
#6885 = CIRCLE('',#6886,0.2);
#6886 = AXIS2_PLACEMENT_3D('',#6887,#6888,#6889);
#6887 = CARTESIAN_POINT('',(7.419454083401,-1.65,0.41));
#6888 = DIRECTION('',(-0.3,0.,0.953939201417));
#6889 = DIRECTION('',(-0.953939201417,0.,-0.3));
#6890 = ORIENTED_EDGE('',*,*,#5364,.T.);
#6891 = ORIENTED_EDGE('',*,*,#6857,.F.);
#6892 = ORIENTED_EDGE('',*,*,#6893,.T.);
#6893 = EDGE_CURVE('',#6858,#6883,#6894,.T.);
#6894 = CIRCLE('',#6895,2.2);
#6895 = AXIS2_PLACEMENT_3D('',#6896,#6897,#6898);
#6896 = CARTESIAN_POINT('',(5.13,-1.65,-0.31));
#6897 = DIRECTION('',(0.,1.,0.));
#6898 = DIRECTION('',(0.59160797831,-0.,0.80622577483));
#6899 = TOROIDAL_SURFACE('',#6900,2.4,0.2);
#6900 = AXIS2_PLACEMENT_3D('',#6901,#6902,#6903);
#6901 = CARTESIAN_POINT('',(5.13,-1.65,-0.31));
#6902 = DIRECTION('',(0.,1.,0.));
#6903 = DIRECTION('',(0.,-0.,1.));
#6904 = ADVANCED_FACE('',(#6905),#6925,.T.);
#6905 = FACE_BOUND('',#6906,.T.);
#6906 = EDGE_LOOP('',(#6907,#6916,#6917,#6918));
#6907 = ORIENTED_EDGE('',*,*,#6908,.T.);
#6908 = EDGE_CURVE('',#6909,#5374,#6911,.T.);
#6909 = VERTEX_POINT('',#6910);
#6910 = CARTESIAN_POINT('',(7.705635843826,-1.65,0.));
#6911 = CIRCLE('',#6912,0.2);
#6912 = AXIS2_PLACEMENT_3D('',#6913,#6914,#6915);
#6913 = CARTESIAN_POINT('',(7.705635843826,-1.65,0.2));
#6914 = DIRECTION('',(-1.,0.,0.));
#6915 = DIRECTION('',(0.,0.,-1.));
#6916 = ORIENTED_EDGE('',*,*,#5373,.T.);
#6917 = ORIENTED_EDGE('',*,*,#6882,.F.);
#6918 = ORIENTED_EDGE('',*,*,#6919,.T.);
#6919 = EDGE_CURVE('',#6883,#6909,#6920,.T.);
#6920 = CIRCLE('',#6921,0.5);
#6921 = AXIS2_PLACEMENT_3D('',#6922,#6923,#6924);
#6922 = CARTESIAN_POINT('',(7.705635843826,-1.65,0.5));
#6923 = DIRECTION('',(0.,-1.,0.));
#6924 = DIRECTION('',(-0.59160797831,-0.,-0.80622577483));
#6925 = TOROIDAL_SURFACE('',#6926,0.3,0.2);
#6926 = AXIS2_PLACEMENT_3D('',#6927,#6928,#6929);
#6927 = CARTESIAN_POINT('',(7.705635843826,-1.65,0.5));
#6928 = DIRECTION('',(0.,1.,0.));
#6929 = DIRECTION('',(0.,-0.,1.));
#6930 = ADVANCED_FACE('',(#6931),#6942,.T.);
#6931 = FACE_BOUND('',#6932,.T.);
#6932 = EDGE_LOOP('',(#6933,#6934,#6935,#6941));
#6933 = ORIENTED_EDGE('',*,*,#5382,.T.);
#6934 = ORIENTED_EDGE('',*,*,#6908,.F.);
#6935 = ORIENTED_EDGE('',*,*,#6936,.T.);
#6936 = EDGE_CURVE('',#6909,#2851,#6937,.T.);
#6937 = LINE('',#6938,#6939);
#6938 = CARTESIAN_POINT('',(5.45,-1.65,0.));
#6939 = VECTOR('',#6940,1.);
#6940 = DIRECTION('',(1.,0.,0.));
#6941 = ORIENTED_EDGE('',*,*,#6792,.F.);
#6942 = CYLINDRICAL_SURFACE('',#6943,0.2);
#6943 = AXIS2_PLACEMENT_3D('',#6944,#6945,#6946);
#6944 = CARTESIAN_POINT('',(5.45,-1.65,0.2));
#6945 = DIRECTION('',(1.,0.,0.));
#6946 = DIRECTION('',(0.,-0.707106781187,-0.707106781187));
#6947 = ADVANCED_FACE('',(#6948),#6966,.T.);
#6948 = FACE_BOUND('',#6949,.T.);
#6949 = EDGE_LOOP('',(#6950,#6951,#6959,#6965));
#6950 = ORIENTED_EDGE('',*,*,#6936,.F.);
#6951 = ORIENTED_EDGE('',*,*,#6952,.F.);
#6952 = EDGE_CURVE('',#6953,#6909,#6955,.T.);
#6953 = VERTEX_POINT('',#6954);
#6954 = CARTESIAN_POINT('',(7.705635843826,-5.E-02,0.));
#6955 = LINE('',#6956,#6957);
#6956 = CARTESIAN_POINT('',(7.705635843826,0.,0.));
#6957 = VECTOR('',#6958,1.);
#6958 = DIRECTION('',(0.,-1.,0.));
#6959 = ORIENTED_EDGE('',*,*,#6960,.T.);
#6960 = EDGE_CURVE('',#6953,#2859,#6961,.T.);
#6961 = LINE('',#6962,#6963);
#6962 = CARTESIAN_POINT('',(5.45,-5.E-02,0.));
#6963 = VECTOR('',#6964,1.);
#6964 = DIRECTION('',(1.,0.,0.));
#6965 = ORIENTED_EDGE('',*,*,#2858,.T.);
#6966 = PLANE('',#6967);
#6967 = AXIS2_PLACEMENT_3D('',#6968,#6969,#6970);
#6968 = CARTESIAN_POINT('',(5.45,0.,0.));
#6969 = DIRECTION('',(0.,0.,-1.));
#6970 = DIRECTION('',(1.,0.,0.));
#6971 = ADVANCED_FACE('',(#6972),#6991,.T.);
#6972 = FACE_BOUND('',#6973,.T.);
#6973 = EDGE_LOOP('',(#6974,#6975,#6983,#6990));
#6974 = ORIENTED_EDGE('',*,*,#6919,.F.);
#6975 = ORIENTED_EDGE('',*,*,#6976,.T.);
#6976 = EDGE_CURVE('',#6883,#6977,#6979,.T.);
#6977 = VERTEX_POINT('',#6978);
#6978 = CARTESIAN_POINT('',(7.228666243117,-5.E-02,0.35));
#6979 = LINE('',#6980,#6981);
#6980 = CARTESIAN_POINT('',(7.228666243117,0.,0.35));
#6981 = VECTOR('',#6982,1.);
#6982 = DIRECTION('',(0.,1.,0.));
#6983 = ORIENTED_EDGE('',*,*,#6984,.T.);
#6984 = EDGE_CURVE('',#6977,#6953,#6985,.T.);
#6985 = CIRCLE('',#6986,0.5);
#6986 = AXIS2_PLACEMENT_3D('',#6987,#6988,#6989);
#6987 = CARTESIAN_POINT('',(7.705635843826,-5.E-02,0.5));
#6988 = DIRECTION('',(0.,-1.,0.));
#6989 = DIRECTION('',(-0.59160797831,-0.,-0.80622577483));
#6990 = ORIENTED_EDGE('',*,*,#6952,.T.);
#6991 = CYLINDRICAL_SURFACE('',#6992,0.5);
#6992 = AXIS2_PLACEMENT_3D('',#6993,#6994,#6995);
#6993 = CARTESIAN_POINT('',(7.705635843826,0.,0.5));
#6994 = DIRECTION('',(0.,1.,0.));
#6995 = DIRECTION('',(-0.59160797831,0.,-0.80622577483));
#6996 = ADVANCED_FACE('',(#6997),#7016,.F.);
#6997 = FACE_BOUND('',#6998,.F.);
#6998 = EDGE_LOOP('',(#6999,#7000,#7009,#7015));
#6999 = ORIENTED_EDGE('',*,*,#6976,.T.);
#7000 = ORIENTED_EDGE('',*,*,#7001,.T.);
#7001 = EDGE_CURVE('',#6977,#7002,#7004,.T.);
#7002 = VERTEX_POINT('',#7003);
#7003 = CARTESIAN_POINT('',(5.13,-5.E-02,1.89));
#7004 = CIRCLE('',#7005,2.2);
#7005 = AXIS2_PLACEMENT_3D('',#7006,#7007,#7008);
#7006 = CARTESIAN_POINT('',(5.13,-5.E-02,-0.31));
#7007 = DIRECTION('',(0.,-1.,0.));
#7008 = DIRECTION('',(1.,0.,0.));
#7009 = ORIENTED_EDGE('',*,*,#7010,.F.);
#7010 = EDGE_CURVE('',#6858,#7002,#7011,.T.);
#7011 = LINE('',#7012,#7013);
#7012 = CARTESIAN_POINT('',(5.13,0.,1.89));
#7013 = VECTOR('',#7014,1.);
#7014 = DIRECTION('',(0.,1.,0.));
#7015 = ORIENTED_EDGE('',*,*,#6893,.T.);
#7016 = CYLINDRICAL_SURFACE('',#7017,2.2);
#7017 = AXIS2_PLACEMENT_3D('',#7018,#7019,#7020);
#7018 = CARTESIAN_POINT('',(5.13,0.,-0.31));
#7019 = DIRECTION('',(0.,-1.,0.));
#7020 = DIRECTION('',(1.,0.,0.));
#7021 = ADVANCED_FACE('',(#7022),#7040,.T.);
#7022 = FACE_BOUND('',#7023,.T.);
#7023 = EDGE_LOOP('',(#7024,#7025,#7033,#7039));
#7024 = ORIENTED_EDGE('',*,*,#6868,.F.);
#7025 = ORIENTED_EDGE('',*,*,#7026,.F.);
#7026 = EDGE_CURVE('',#7027,#6832,#7029,.T.);
#7027 = VERTEX_POINT('',#7028);
#7028 = CARTESIAN_POINT('',(0.5,-5.E-02,1.89));
#7029 = LINE('',#7030,#7031);
#7030 = CARTESIAN_POINT('',(0.5,0.,1.89));
#7031 = VECTOR('',#7032,1.);
#7032 = DIRECTION('',(0.,-1.,0.));
#7033 = ORIENTED_EDGE('',*,*,#7034,.T.);
#7034 = EDGE_CURVE('',#7027,#7002,#7035,.T.);
#7035 = LINE('',#7036,#7037);
#7036 = CARTESIAN_POINT('',(2.725,-5.E-02,1.89));
#7037 = VECTOR('',#7038,1.);
#7038 = DIRECTION('',(1.,0.,0.));
#7039 = ORIENTED_EDGE('',*,*,#7010,.F.);
#7040 = PLANE('',#7041);
#7041 = AXIS2_PLACEMENT_3D('',#7042,#7043,#7044);
#7042 = CARTESIAN_POINT('',(0.,0.,1.89));
#7043 = DIRECTION('',(0.,0.,-1.));
#7044 = DIRECTION('',(1.,0.,0.));
#7045 = ADVANCED_FACE('',(#7046),#7058,.T.);
#7046 = FACE_BOUND('',#7047,.T.);
#7047 = EDGE_LOOP('',(#7048,#7049,#7050,#7057));
#7048 = ORIENTED_EDGE('',*,*,#6842,.F.);
#7049 = ORIENTED_EDGE('',*,*,#6511,.T.);
#7050 = ORIENTED_EDGE('',*,*,#7051,.T.);
#7051 = EDGE_CURVE('',#6504,#7027,#7052,.T.);
#7052 = CIRCLE('',#7053,0.5);
#7053 = AXIS2_PLACEMENT_3D('',#7054,#7055,#7056);
#7054 = CARTESIAN_POINT('',(0.5,-5.E-02,2.39));
#7055 = DIRECTION('',(0.,-1.,0.));
#7056 = DIRECTION('',(-0.707106781187,-0.,-0.707106781187));
#7057 = ORIENTED_EDGE('',*,*,#7026,.T.);
#7058 = CYLINDRICAL_SURFACE('',#7059,0.5);
#7059 = AXIS2_PLACEMENT_3D('',#7060,#7061,#7062);
#7060 = CARTESIAN_POINT('',(0.5,0.,2.39));
#7061 = DIRECTION('',(0.,-1.,0.));
#7062 = DIRECTION('',(-0.707106781187,-0.,-0.707106781187));
#7063 = ADVANCED_FACE('',(#7064),#7070,.T.);
#7064 = FACE_BOUND('',#7065,.T.);
#7065 = EDGE_LOOP('',(#7066,#7067,#7068,#7069));
#7066 = ORIENTED_EDGE('',*,*,#5211,.F.);
#7067 = ORIENTED_EDGE('',*,*,#5059,.T.);
#7068 = ORIENTED_EDGE('',*,*,#6807,.F.);
#7069 = ORIENTED_EDGE('',*,*,#5331,.T.);
#7070 = PLANE('',#7071);
#7071 = AXIS2_PLACEMENT_3D('',#7072,#7073,#7074);
#7072 = CARTESIAN_POINT('',(3.4875,-1.75,3.275));
#7073 = DIRECTION('',(0.,-0.707106781187,0.707106781187));
#7074 = DIRECTION('',(1.,0.,0.));
#7075 = ADVANCED_FACE('',(#7076),#7088,.T.);
#7076 = FACE_BOUND('',#7077,.T.);
#7077 = EDGE_LOOP('',(#7078,#7079,#7080,#7081));
#7078 = ORIENTED_EDGE('',*,*,#6487,.T.);
#7079 = ORIENTED_EDGE('',*,*,#5307,.T.);
#7080 = ORIENTED_EDGE('',*,*,#5479,.T.);
#7081 = ORIENTED_EDGE('',*,*,#7082,.T.);
#7082 = EDGE_CURVE('',#5472,#6488,#7083,.T.);
#7083 = ELLIPSE('',#7084,0.282842712475,0.2);
#7084 = AXIS2_PLACEMENT_3D('',#7085,#7086,#7087);
#7085 = CARTESIAN_POINT('',(0.2,-1.65,5.69));
#7086 = DIRECTION('',(-0.707106781187,0.,-0.707106781187));
#7087 = DIRECTION('',(-0.707106781187,0.,0.707106781187));
#7088 = CYLINDRICAL_SURFACE('',#7089,0.2);
#7089 = AXIS2_PLACEMENT_3D('',#7090,#7091,#7092);
#7090 = CARTESIAN_POINT('',(0.2,-1.65,3.16));
#7091 = DIRECTION('',(0.,0.,-1.));
#7092 = DIRECTION('',(-0.707106781187,-0.707106781187,-0.));
#7093 = ADVANCED_FACE('',(#7094),#7106,.T.);
#7094 = FACE_BOUND('',#7095,.T.);
#7095 = EDGE_LOOP('',(#7096,#7097,#7098,#7105));
#7096 = ORIENTED_EDGE('',*,*,#5577,.T.);
#7097 = ORIENTED_EDGE('',*,*,#2882,.T.);
#7098 = ORIENTED_EDGE('',*,*,#7099,.T.);
#7099 = EDGE_CURVE('',#2875,#5455,#7100,.T.);
#7100 = CIRCLE('',#7101,0.2);
#7101 = AXIS2_PLACEMENT_3D('',#7102,#7103,#7104);
#7102 = CARTESIAN_POINT('',(10.7,-1.65,3.89));
#7103 = DIRECTION('',(0.,0.,-1.));
#7104 = DIRECTION('',(1.,0.,0.));
#7105 = ORIENTED_EDGE('',*,*,#5454,.T.);
#7106 = CYLINDRICAL_SURFACE('',#7107,0.2);
#7107 = AXIS2_PLACEMENT_3D('',#7108,#7109,#7110);
#7108 = CARTESIAN_POINT('',(10.7,-1.65,1.4725));
#7109 = DIRECTION('',(0.,0.,1.));
#7110 = DIRECTION('',(0.707106781187,-0.707106781187,0.));
#7111 = ADVANCED_FACE('',(#7112),#7132,.T.);
#7112 = FACE_BOUND('',#7113,.T.);
#7113 = EDGE_LOOP('',(#7114,#7123,#7124,#7125));
#7114 = ORIENTED_EDGE('',*,*,#7115,.T.);
#7115 = EDGE_CURVE('',#7116,#5463,#7118,.T.);
#7116 = VERTEX_POINT('',#7117);
#7117 = CARTESIAN_POINT('',(8.9,-1.65,5.89));
#7118 = CIRCLE('',#7119,0.2);
#7119 = AXIS2_PLACEMENT_3D('',#7120,#7121,#7122);
#7120 = CARTESIAN_POINT('',(8.9,-1.65,5.69));
#7121 = DIRECTION('',(1.,0.,-0.));
#7122 = DIRECTION('',(0.,0.,1.));
#7123 = ORIENTED_EDGE('',*,*,#5462,.T.);
#7124 = ORIENTED_EDGE('',*,*,#7099,.F.);
#7125 = ORIENTED_EDGE('',*,*,#7126,.T.);
#7126 = EDGE_CURVE('',#2875,#7116,#7127,.T.);
#7127 = CIRCLE('',#7128,2.);
#7128 = AXIS2_PLACEMENT_3D('',#7129,#7130,#7131);
#7129 = CARTESIAN_POINT('',(8.9,-1.65,3.89));
#7130 = DIRECTION('',(0.,-1.,0.));
#7131 = DIRECTION('',(0.707106781187,0.,0.707106781187));
#7132 = TOROIDAL_SURFACE('',#7133,1.8,0.2);
#7133 = AXIS2_PLACEMENT_3D('',#7134,#7135,#7136);
#7134 = CARTESIAN_POINT('',(8.9,-1.65,3.89));
#7135 = DIRECTION('',(0.,1.,0.));
#7136 = DIRECTION('',(0.,-0.,1.));
#7137 = ADVANCED_FACE('',(#7138),#7149,.T.);
#7138 = FACE_BOUND('',#7139,.T.);
#7139 = EDGE_LOOP('',(#7140,#7141,#7142,#7148));
#7140 = ORIENTED_EDGE('',*,*,#5471,.T.);
#7141 = ORIENTED_EDGE('',*,*,#7115,.F.);
#7142 = ORIENTED_EDGE('',*,*,#7143,.T.);
#7143 = EDGE_CURVE('',#7116,#6488,#7144,.T.);
#7144 = LINE('',#7145,#7146);
#7145 = CARTESIAN_POINT('',(8.175,-1.65,5.89));
#7146 = VECTOR('',#7147,1.);
#7147 = DIRECTION('',(-1.,0.,0.));
#7148 = ORIENTED_EDGE('',*,*,#7082,.F.);
#7149 = CYLINDRICAL_SURFACE('',#7150,0.2);
#7150 = AXIS2_PLACEMENT_3D('',#7151,#7152,#7153);
#7151 = CARTESIAN_POINT('',(8.175,-1.65,5.69));
#7152 = DIRECTION('',(-1.,0.,0.));
#7153 = DIRECTION('',(0.,-0.707106781187,0.707106781187));
#7154 = ADVANCED_FACE('',(#7155),#7173,.T.);
#7155 = FACE_BOUND('',#7156,.T.);
#7156 = EDGE_LOOP('',(#7157,#7158,#7166,#7172));
#7157 = ORIENTED_EDGE('',*,*,#7143,.F.);
#7158 = ORIENTED_EDGE('',*,*,#7159,.F.);
#7159 = EDGE_CURVE('',#7160,#7116,#7162,.T.);
#7160 = VERTEX_POINT('',#7161);
#7161 = CARTESIAN_POINT('',(8.9,-5.E-02,5.89));
#7162 = LINE('',#7163,#7164);
#7163 = CARTESIAN_POINT('',(8.9,0.,5.89));
#7164 = VECTOR('',#7165,1.);
#7165 = DIRECTION('',(0.,-1.,0.));
#7166 = ORIENTED_EDGE('',*,*,#7167,.T.);
#7167 = EDGE_CURVE('',#7160,#6496,#7168,.T.);
#7168 = LINE('',#7169,#7170);
#7169 = CARTESIAN_POINT('',(8.175,-5.E-02,5.89));
#7170 = VECTOR('',#7171,1.);
#7171 = DIRECTION('',(-1.,0.,0.));
#7172 = ORIENTED_EDGE('',*,*,#6495,.T.);
#7173 = PLANE('',#7174);
#7174 = AXIS2_PLACEMENT_3D('',#7175,#7176,#7177);
#7175 = CARTESIAN_POINT('',(10.9,0.,5.89));
#7176 = DIRECTION('',(0.,0.,1.));
#7177 = DIRECTION('',(-1.,0.,0.));
#7178 = ADVANCED_FACE('',(#7179),#7191,.T.);
#7179 = FACE_BOUND('',#7180,.T.);
#7180 = EDGE_LOOP('',(#7181,#7182,#7183,#7190));
#7181 = ORIENTED_EDGE('',*,*,#7126,.F.);
#7182 = ORIENTED_EDGE('',*,*,#2874,.T.);
#7183 = ORIENTED_EDGE('',*,*,#7184,.T.);
#7184 = EDGE_CURVE('',#2867,#7160,#7185,.T.);
#7185 = CIRCLE('',#7186,2.);
#7186 = AXIS2_PLACEMENT_3D('',#7187,#7188,#7189);
#7187 = CARTESIAN_POINT('',(8.9,-5.E-02,3.89));
#7188 = DIRECTION('',(0.,-1.,0.));
#7189 = DIRECTION('',(0.707106781187,0.,0.707106781187));
#7190 = ORIENTED_EDGE('',*,*,#7159,.T.);
#7191 = CYLINDRICAL_SURFACE('',#7192,2.);
#7192 = AXIS2_PLACEMENT_3D('',#7193,#7194,#7195);
#7193 = CARTESIAN_POINT('',(8.9,0.,3.89));
#7194 = DIRECTION('',(0.,-1.,0.));
#7195 = DIRECTION('',(0.707106781187,0.,0.707106781187));
#7196 = ADVANCED_FACE('',(#7197),#7203,.F.);
#7197 = FACE_BOUND('',#7198,.T.);
#7198 = EDGE_LOOP('',(#7199,#7200,#7201,#7202));
#7199 = ORIENTED_EDGE('',*,*,#5744,.T.);
#7200 = ORIENTED_EDGE('',*,*,#3800,.F.);
#7201 = ORIENTED_EDGE('',*,*,#5316,.F.);
#7202 = ORIENTED_EDGE('',*,*,#6481,.F.);
#7203 = PLANE('',#7204);
#7204 = AXIS2_PLACEMENT_3D('',#7205,#7206,#7207);
#7205 = CARTESIAN_POINT('',(0.,-1.85,5.055));
#7206 = DIRECTION('',(0.,0.,1.));
#7207 = DIRECTION('',(1.,0.,-0.));
#7208 = ADVANCED_FACE('',(#7209),#7220,.T.);
#7209 = FACE_BOUND('',#7210,.T.);
#7210 = EDGE_LOOP('',(#7211,#7212,#7213,#7214));
#7211 = ORIENTED_EDGE('',*,*,#5517,.F.);
#7212 = ORIENTED_EDGE('',*,*,#5398,.T.);
#7213 = ORIENTED_EDGE('',*,*,#6784,.F.);
#7214 = ORIENTED_EDGE('',*,*,#7215,.T.);
#7215 = EDGE_CURVE('',#2843,#3729,#7216,.T.);
#7216 = LINE('',#7217,#7218);
#7217 = CARTESIAN_POINT('',(8.175,-1.65,0.835));
#7218 = VECTOR('',#7219,1.);
#7219 = DIRECTION('',(-1.,0.,0.));
#7220 = PLANE('',#7221);
#7221 = AXIS2_PLACEMENT_3D('',#7222,#7223,#7224);
#7222 = CARTESIAN_POINT('',(8.175,-1.75,0.735));
#7223 = DIRECTION('',(0.,-0.707106781187,0.707106781187));
#7224 = DIRECTION('',(1.,0.,0.));
#7225 = ADVANCED_FACE('',(#7226),#7232,.F.);
#7226 = FACE_BOUND('',#7227,.T.);
#7227 = EDGE_LOOP('',(#7228,#7229,#7230,#7231));
#7228 = ORIENTED_EDGE('',*,*,#7215,.F.);
#7229 = ORIENTED_EDGE('',*,*,#2842,.F.);
#7230 = ORIENTED_EDGE('',*,*,#5802,.T.);
#7231 = ORIENTED_EDGE('',*,*,#3736,.F.);
#7232 = PLANE('',#7233);
#7233 = AXIS2_PLACEMENT_3D('',#7234,#7235,#7236);
#7234 = CARTESIAN_POINT('',(10.9,-1.85,0.835));
#7235 = DIRECTION('',(0.,0.,-1.));
#7236 = DIRECTION('',(-1.,0.,0.));
#7237 = ADVANCED_FACE('',(#7238),#7244,.F.);
#7238 = FACE_BOUND('',#7239,.T.);
#7239 = EDGE_LOOP('',(#7240,#7241,#7242,#7243));
#7240 = ORIENTED_EDGE('',*,*,#5571,.F.);
#7241 = ORIENTED_EDGE('',*,*,#5595,.F.);
#7242 = ORIENTED_EDGE('',*,*,#5785,.T.);
#7243 = ORIENTED_EDGE('',*,*,#2890,.T.);
#7244 = PLANE('',#7245);
#7245 = AXIS2_PLACEMENT_3D('',#7246,#7247,#7248);
#7246 = CARTESIAN_POINT('',(9.374999999999,-1.85,2.515));
#7247 = DIRECTION('',(0.,0.,1.));
#7248 = DIRECTION('',(1.,0.,-0.));
#7249 = ADVANCED_FACE('',(#7250),#7256,.T.);
#7250 = FACE_BOUND('',#7251,.T.);
#7251 = EDGE_LOOP('',(#7252,#7253,#7254,#7255));
#7252 = ORIENTED_EDGE('',*,*,#3315,.T.);
#7253 = ORIENTED_EDGE('',*,*,#4606,.F.);
#7254 = ORIENTED_EDGE('',*,*,#4480,.F.);
#7255 = ORIENTED_EDGE('',*,*,#4501,.F.);
#7256 = PLANE('',#7257);
#7257 = AXIS2_PLACEMENT_3D('',#7258,#7259,#7260);
#7258 = CARTESIAN_POINT('',(8.025000000001,0.,2.025));
#7259 = DIRECTION('',(-2.312964634636E-16,0.,-1.));
#7260 = DIRECTION('',(1.,0.,-2.312964634636E-16));
#7261 = ADVANCED_FACE('',(#7262),#7289,.T.);
#7262 = FACE_BOUND('',#7263,.T.);
#7263 = EDGE_LOOP('',(#7264,#7273,#7281,#7288));
#7264 = ORIENTED_EDGE('',*,*,#7265,.T.);
#7265 = EDGE_CURVE('',#7266,#7266,#7268,.T.);
#7266 = VERTEX_POINT('',#7267);
#7267 = CARTESIAN_POINT('',(10.15,-5.E-02,4.79));
#7268 = CIRCLE('',#7269,0.35);
#7269 = AXIS2_PLACEMENT_3D('',#7270,#7271,#7272);
#7270 = CARTESIAN_POINT('',(9.8,-5.E-02,4.79));
#7271 = DIRECTION('',(0.,1.,0.));
#7272 = DIRECTION('',(-1.,0.,0.));
#7273 = ORIENTED_EDGE('',*,*,#7274,.T.);
#7274 = EDGE_CURVE('',#7266,#7275,#7277,.T.);
#7275 = VERTEX_POINT('',#7276);
#7276 = CARTESIAN_POINT('',(10.05,0.,4.79));
#7277 = LINE('',#7278,#7279);
#7278 = CARTESIAN_POINT('',(10.1,-2.5E-02,4.79));
#7279 = VECTOR('',#7280,1.);
#7280 = DIRECTION('',(-0.894427191,0.4472135955,-1.095357396528E-16));
#7281 = ORIENTED_EDGE('',*,*,#7282,.F.);
#7282 = EDGE_CURVE('',#7275,#7275,#7283,.T.);
#7283 = CIRCLE('',#7284,0.25);
#7284 = AXIS2_PLACEMENT_3D('',#7285,#7286,#7287);
#7285 = CARTESIAN_POINT('',(9.8,0.,4.79));
#7286 = DIRECTION('',(0.,1.,0.));
#7287 = DIRECTION('',(-1.,0.,0.));
#7288 = ORIENTED_EDGE('',*,*,#7274,.F.);
#7289 = CONICAL_SURFACE('',#7290,0.3,1.107148717794);
#7290 = AXIS2_PLACEMENT_3D('',#7291,#7292,#7293);
#7291 = CARTESIAN_POINT('',(9.8,-2.5E-02,4.79));
#7292 = DIRECTION('',(0.,-1.,0.));
#7293 = DIRECTION('',(-1.,0.,0.));
#7294 = ADVANCED_FACE('',(#7295,#7306,#7317,#7328,#7339,#7350,#7361,
    #7372,#7383),#7386,.F.);
#7295 = FACE_BOUND('',#7296,.T.);
#7296 = EDGE_LOOP('',(#7297,#7298,#7299,#7300,#7301,#7302,#7303,#7304,
    #7305));
#7297 = ORIENTED_EDGE('',*,*,#6984,.F.);
#7298 = ORIENTED_EDGE('',*,*,#7001,.T.);
#7299 = ORIENTED_EDGE('',*,*,#7034,.F.);
#7300 = ORIENTED_EDGE('',*,*,#7051,.F.);
#7301 = ORIENTED_EDGE('',*,*,#6503,.F.);
#7302 = ORIENTED_EDGE('',*,*,#7167,.F.);
#7303 = ORIENTED_EDGE('',*,*,#7184,.F.);
#7304 = ORIENTED_EDGE('',*,*,#2866,.F.);
#7305 = ORIENTED_EDGE('',*,*,#6960,.F.);
#7306 = FACE_BOUND('',#7307,.T.);
#7307 = EDGE_LOOP('',(#7308));
#7308 = ORIENTED_EDGE('',*,*,#7309,.F.);
#7309 = EDGE_CURVE('',#7310,#7310,#7312,.T.);
#7310 = VERTEX_POINT('',#7311);
#7311 = CARTESIAN_POINT('',(6.2,-5.E-02,5.54));
#7312 = CIRCLE('',#7313,0.3);
#7313 = AXIS2_PLACEMENT_3D('',#7314,#7315,#7316);
#7314 = CARTESIAN_POINT('',(5.9,-5.E-02,5.54));
#7315 = DIRECTION('',(0.,1.,0.));
#7316 = DIRECTION('',(-1.,0.,0.));
#7317 = FACE_BOUND('',#7318,.T.);
#7318 = EDGE_LOOP('',(#7319));
#7319 = ORIENTED_EDGE('',*,*,#7320,.F.);
#7320 = EDGE_CURVE('',#7321,#7321,#7323,.T.);
#7321 = VERTEX_POINT('',#7322);
#7322 = CARTESIAN_POINT('',(0.9,-5.E-02,2.44));
#7323 = CIRCLE('',#7324,0.35);
#7324 = AXIS2_PLACEMENT_3D('',#7325,#7326,#7327);
#7325 = CARTESIAN_POINT('',(0.55,-5.E-02,2.44));
#7326 = DIRECTION('',(0.,1.,0.));
#7327 = DIRECTION('',(-1.,0.,0.));
#7328 = FACE_BOUND('',#7329,.T.);
#7329 = EDGE_LOOP('',(#7330));
#7330 = ORIENTED_EDGE('',*,*,#7331,.F.);
#7331 = EDGE_CURVE('',#7332,#7332,#7334,.T.);
#7332 = VERTEX_POINT('',#7333);
#7333 = CARTESIAN_POINT('',(4.9,-5.E-02,2.34));
#7334 = CIRCLE('',#7335,0.3);
#7335 = AXIS2_PLACEMENT_3D('',#7336,#7337,#7338);
#7336 = CARTESIAN_POINT('',(4.6,-5.E-02,2.34));
#7337 = DIRECTION('',(0.,1.,0.));
#7338 = DIRECTION('',(-1.,0.,0.));
#7339 = FACE_BOUND('',#7340,.T.);
#7340 = EDGE_LOOP('',(#7341));
#7341 = ORIENTED_EDGE('',*,*,#7342,.T.);
#7342 = EDGE_CURVE('',#7343,#7343,#7345,.T.);
#7343 = VERTEX_POINT('',#7344);
#7344 = CARTESIAN_POINT('',(7.175,-5.E-02,1.675));
#7345 = CIRCLE('',#7346,1.45);
#7346 = AXIS2_PLACEMENT_3D('',#7347,#7348,#7349);
#7347 = CARTESIAN_POINT('',(8.625,-5.E-02,1.675));
#7348 = DIRECTION('',(0.,-1.,0.));
#7349 = DIRECTION('',(1.,0.,0.));
#7350 = FACE_BOUND('',#7351,.T.);
#7351 = EDGE_LOOP('',(#7352));
#7352 = ORIENTED_EDGE('',*,*,#7353,.T.);
#7353 = EDGE_CURVE('',#7354,#7354,#7356,.T.);
#7354 = VERTEX_POINT('',#7355);
#7355 = CARTESIAN_POINT('',(0.825,-5.E-02,4.215));
#7356 = CIRCLE('',#7357,1.45);
#7357 = AXIS2_PLACEMENT_3D('',#7358,#7359,#7360);
#7358 = CARTESIAN_POINT('',(2.275,-5.E-02,4.215));
#7359 = DIRECTION('',(0.,-1.,0.));
#7360 = DIRECTION('',(1.,0.,0.));
#7361 = FACE_BOUND('',#7362,.T.);
#7362 = EDGE_LOOP('',(#7363));
#7363 = ORIENTED_EDGE('',*,*,#7364,.F.);
#7364 = EDGE_CURVE('',#7365,#7365,#7367,.T.);
#7365 = VERTEX_POINT('',#7366);
#7366 = CARTESIAN_POINT('',(10.7,-5.E-02,0.55));
#7367 = CIRCLE('',#7368,0.35);
#7368 = AXIS2_PLACEMENT_3D('',#7369,#7370,#7371);
#7369 = CARTESIAN_POINT('',(10.35,-5.E-02,0.55));
#7370 = DIRECTION('',(0.,1.,0.));
#7371 = DIRECTION('',(-1.,0.,0.));
#7372 = FACE_BOUND('',#7373,.T.);
#7373 = EDGE_LOOP('',(#7374));
#7374 = ORIENTED_EDGE('',*,*,#7375,.F.);
#7375 = EDGE_CURVE('',#7376,#7376,#7378,.T.);
#7376 = VERTEX_POINT('',#7377);
#7377 = CARTESIAN_POINT('',(0.9,-5.E-02,5.34));
#7378 = CIRCLE('',#7379,0.35);
#7379 = AXIS2_PLACEMENT_3D('',#7380,#7381,#7382);
#7380 = CARTESIAN_POINT('',(0.55,-5.E-02,5.34));
#7381 = DIRECTION('',(0.,1.,0.));
#7382 = DIRECTION('',(-1.,0.,0.));
#7383 = FACE_BOUND('',#7384,.T.);
#7384 = EDGE_LOOP('',(#7385));
#7385 = ORIENTED_EDGE('',*,*,#7265,.F.);
#7386 = PLANE('',#7387);
#7387 = AXIS2_PLACEMENT_3D('',#7388,#7389,#7390);
#7388 = CARTESIAN_POINT('',(5.45,-5.E-02,2.945));
#7389 = DIRECTION('',(0.,-1.,0.));
#7390 = DIRECTION('',(0.,0.,-1.));
#7391 = ADVANCED_FACE('',(#7392),#7411,.T.);
#7392 = FACE_BOUND('',#7393,.T.);
#7393 = EDGE_LOOP('',(#7394,#7395,#7403,#7410));
#7394 = ORIENTED_EDGE('',*,*,#7309,.T.);
#7395 = ORIENTED_EDGE('',*,*,#7396,.T.);
#7396 = EDGE_CURVE('',#7310,#7397,#7399,.T.);
#7397 = VERTEX_POINT('',#7398);
#7398 = CARTESIAN_POINT('',(6.1,0.,5.54));
#7399 = LINE('',#7400,#7401);
#7400 = CARTESIAN_POINT('',(6.15,-2.5E-02,5.54));
#7401 = VECTOR('',#7402,1.);
#7402 = DIRECTION('',(-0.894427191,0.4472135955,-1.095357396528E-16));
#7403 = ORIENTED_EDGE('',*,*,#7404,.F.);
#7404 = EDGE_CURVE('',#7397,#7397,#7405,.T.);
#7405 = CIRCLE('',#7406,0.2);
#7406 = AXIS2_PLACEMENT_3D('',#7407,#7408,#7409);
#7407 = CARTESIAN_POINT('',(5.9,0.,5.54));
#7408 = DIRECTION('',(0.,1.,0.));
#7409 = DIRECTION('',(-1.,0.,0.));
#7410 = ORIENTED_EDGE('',*,*,#7396,.F.);
#7411 = CONICAL_SURFACE('',#7412,0.25,1.107148717794);
#7412 = AXIS2_PLACEMENT_3D('',#7413,#7414,#7415);
#7413 = CARTESIAN_POINT('',(5.9,-2.5E-02,5.54));
#7414 = DIRECTION('',(0.,-1.,0.));
#7415 = DIRECTION('',(-1.,0.,0.));
#7416 = ADVANCED_FACE('',(#7417),#7436,.T.);
#7417 = FACE_BOUND('',#7418,.T.);
#7418 = EDGE_LOOP('',(#7419,#7420,#7428,#7435));
#7419 = ORIENTED_EDGE('',*,*,#7375,.T.);
#7420 = ORIENTED_EDGE('',*,*,#7421,.T.);
#7421 = EDGE_CURVE('',#7376,#7422,#7424,.T.);
#7422 = VERTEX_POINT('',#7423);
#7423 = CARTESIAN_POINT('',(0.8,0.,5.34));
#7424 = LINE('',#7425,#7426);
#7425 = CARTESIAN_POINT('',(0.85,-2.5E-02,5.34));
#7426 = VECTOR('',#7427,1.);
#7427 = DIRECTION('',(-0.894427191,0.4472135955,-1.095357396528E-16));
#7428 = ORIENTED_EDGE('',*,*,#7429,.F.);
#7429 = EDGE_CURVE('',#7422,#7422,#7430,.T.);
#7430 = CIRCLE('',#7431,0.25);
#7431 = AXIS2_PLACEMENT_3D('',#7432,#7433,#7434);
#7432 = CARTESIAN_POINT('',(0.55,0.,5.34));
#7433 = DIRECTION('',(0.,1.,0.));
#7434 = DIRECTION('',(-1.,0.,0.));
#7435 = ORIENTED_EDGE('',*,*,#7421,.F.);
#7436 = CONICAL_SURFACE('',#7437,0.3,1.107148717794);
#7437 = AXIS2_PLACEMENT_3D('',#7438,#7439,#7440);
#7438 = CARTESIAN_POINT('',(0.55,-2.5E-02,5.34));
#7439 = DIRECTION('',(0.,-1.,0.));
#7440 = DIRECTION('',(-1.,0.,0.));
#7441 = ADVANCED_FACE('',(#7442),#7461,.T.);
#7442 = FACE_BOUND('',#7443,.T.);
#7443 = EDGE_LOOP('',(#7444,#7445,#7453,#7460));
#7444 = ORIENTED_EDGE('',*,*,#7320,.T.);
#7445 = ORIENTED_EDGE('',*,*,#7446,.T.);
#7446 = EDGE_CURVE('',#7321,#7447,#7449,.T.);
#7447 = VERTEX_POINT('',#7448);
#7448 = CARTESIAN_POINT('',(0.8,0.,2.44));
#7449 = LINE('',#7450,#7451);
#7450 = CARTESIAN_POINT('',(0.85,-2.5E-02,2.44));
#7451 = VECTOR('',#7452,1.);
#7452 = DIRECTION('',(-0.894427191,0.4472135955,-1.095357396528E-16));
#7453 = ORIENTED_EDGE('',*,*,#7454,.F.);
#7454 = EDGE_CURVE('',#7447,#7447,#7455,.T.);
#7455 = CIRCLE('',#7456,0.25);
#7456 = AXIS2_PLACEMENT_3D('',#7457,#7458,#7459);
#7457 = CARTESIAN_POINT('',(0.55,0.,2.44));
#7458 = DIRECTION('',(0.,1.,0.));
#7459 = DIRECTION('',(-1.,0.,0.));
#7460 = ORIENTED_EDGE('',*,*,#7446,.F.);
#7461 = CONICAL_SURFACE('',#7462,0.3,1.107148717794);
#7462 = AXIS2_PLACEMENT_3D('',#7463,#7464,#7465);
#7463 = CARTESIAN_POINT('',(0.55,-2.5E-02,2.44));
#7464 = DIRECTION('',(0.,-1.,0.));
#7465 = DIRECTION('',(-1.,0.,0.));
#7466 = ADVANCED_FACE('',(#7467),#7486,.T.);
#7467 = FACE_BOUND('',#7468,.T.);
#7468 = EDGE_LOOP('',(#7469,#7470,#7478,#7485));
#7469 = ORIENTED_EDGE('',*,*,#7364,.T.);
#7470 = ORIENTED_EDGE('',*,*,#7471,.T.);
#7471 = EDGE_CURVE('',#7365,#7472,#7474,.T.);
#7472 = VERTEX_POINT('',#7473);
#7473 = CARTESIAN_POINT('',(10.6,0.,0.55));
#7474 = LINE('',#7475,#7476);
#7475 = CARTESIAN_POINT('',(10.65,-2.5E-02,0.55));
#7476 = VECTOR('',#7477,1.);
#7477 = DIRECTION('',(-0.894427191,0.4472135955,-1.095357396528E-16));
#7478 = ORIENTED_EDGE('',*,*,#7479,.F.);
#7479 = EDGE_CURVE('',#7472,#7472,#7480,.T.);
#7480 = CIRCLE('',#7481,0.25);
#7481 = AXIS2_PLACEMENT_3D('',#7482,#7483,#7484);
#7482 = CARTESIAN_POINT('',(10.35,0.,0.55));
#7483 = DIRECTION('',(0.,1.,0.));
#7484 = DIRECTION('',(-1.,0.,0.));
#7485 = ORIENTED_EDGE('',*,*,#7471,.F.);
#7486 = CONICAL_SURFACE('',#7487,0.3,1.107148717794);
#7487 = AXIS2_PLACEMENT_3D('',#7488,#7489,#7490);
#7488 = CARTESIAN_POINT('',(10.35,-2.5E-02,0.55));
#7489 = DIRECTION('',(0.,-1.,0.));
#7490 = DIRECTION('',(-1.,0.,0.));
#7491 = ADVANCED_FACE('',(#7492),#7511,.T.);
#7492 = FACE_BOUND('',#7493,.T.);
#7493 = EDGE_LOOP('',(#7494,#7495,#7503,#7510));
#7494 = ORIENTED_EDGE('',*,*,#7331,.T.);
#7495 = ORIENTED_EDGE('',*,*,#7496,.T.);
#7496 = EDGE_CURVE('',#7332,#7497,#7499,.T.);
#7497 = VERTEX_POINT('',#7498);
#7498 = CARTESIAN_POINT('',(4.8,0.,2.34));
#7499 = LINE('',#7500,#7501);
#7500 = CARTESIAN_POINT('',(4.85,-2.5E-02,2.34));
#7501 = VECTOR('',#7502,1.);
#7502 = DIRECTION('',(-0.894427191,0.4472135955,-1.095357396528E-16));
#7503 = ORIENTED_EDGE('',*,*,#7504,.F.);
#7504 = EDGE_CURVE('',#7497,#7497,#7505,.T.);
#7505 = CIRCLE('',#7506,0.2);
#7506 = AXIS2_PLACEMENT_3D('',#7507,#7508,#7509);
#7507 = CARTESIAN_POINT('',(4.6,0.,2.34));
#7508 = DIRECTION('',(0.,1.,0.));
#7509 = DIRECTION('',(-1.,0.,0.));
#7510 = ORIENTED_EDGE('',*,*,#7496,.F.);
#7511 = CONICAL_SURFACE('',#7512,0.25,1.107148717794);
#7512 = AXIS2_PLACEMENT_3D('',#7513,#7514,#7515);
#7513 = CARTESIAN_POINT('',(4.6,-2.5E-02,2.34));
#7514 = DIRECTION('',(0.,-1.,0.));
#7515 = DIRECTION('',(-1.,0.,0.));
#7516 = ADVANCED_FACE('',(#7517),#7520,.T.);
#7517 = FACE_BOUND('',#7518,.T.);
#7518 = EDGE_LOOP('',(#7519));
#7519 = ORIENTED_EDGE('',*,*,#7479,.T.);
#7520 = PLANE('',#7521);
#7521 = AXIS2_PLACEMENT_3D('',#7522,#7523,#7524);
#7522 = CARTESIAN_POINT('',(10.35,0.,0.55));
#7523 = DIRECTION('',(0.,1.,0.));
#7524 = DIRECTION('',(-1.,0.,0.));
#7525 = ADVANCED_FACE('',(#7526),#7529,.T.);
#7526 = FACE_BOUND('',#7527,.T.);
#7527 = EDGE_LOOP('',(#7528));
#7528 = ORIENTED_EDGE('',*,*,#7504,.T.);
#7529 = PLANE('',#7530);
#7530 = AXIS2_PLACEMENT_3D('',#7531,#7532,#7533);
#7531 = CARTESIAN_POINT('',(4.6,0.,2.34));
#7532 = DIRECTION('',(0.,1.,0.));
#7533 = DIRECTION('',(-1.,0.,0.));
#7534 = ADVANCED_FACE('',(#7535),#7538,.T.);
#7535 = FACE_BOUND('',#7536,.T.);
#7536 = EDGE_LOOP('',(#7537));
#7537 = ORIENTED_EDGE('',*,*,#7404,.T.);
#7538 = PLANE('',#7539);
#7539 = AXIS2_PLACEMENT_3D('',#7540,#7541,#7542);
#7540 = CARTESIAN_POINT('',(5.9,0.,5.54));
#7541 = DIRECTION('',(0.,1.,0.));
#7542 = DIRECTION('',(-1.,0.,0.));
#7543 = ADVANCED_FACE('',(#7544),#7547,.T.);
#7544 = FACE_BOUND('',#7545,.T.);
#7545 = EDGE_LOOP('',(#7546));
#7546 = ORIENTED_EDGE('',*,*,#7282,.T.);
#7547 = PLANE('',#7548);
#7548 = AXIS2_PLACEMENT_3D('',#7549,#7550,#7551);
#7549 = CARTESIAN_POINT('',(9.8,0.,4.79));
#7550 = DIRECTION('',(0.,1.,0.));
#7551 = DIRECTION('',(-1.,0.,0.));
#7552 = ADVANCED_FACE('',(#7553),#7556,.T.);
#7553 = FACE_BOUND('',#7554,.T.);
#7554 = EDGE_LOOP('',(#7555));
#7555 = ORIENTED_EDGE('',*,*,#7454,.T.);
#7556 = PLANE('',#7557);
#7557 = AXIS2_PLACEMENT_3D('',#7558,#7559,#7560);
#7558 = CARTESIAN_POINT('',(0.55,0.,2.44));
#7559 = DIRECTION('',(0.,1.,0.));
#7560 = DIRECTION('',(-1.,0.,0.));
#7561 = ADVANCED_FACE('',(#7562),#7565,.T.);
#7562 = FACE_BOUND('',#7563,.T.);
#7563 = EDGE_LOOP('',(#7564));
#7564 = ORIENTED_EDGE('',*,*,#7429,.T.);
#7565 = PLANE('',#7566);
#7566 = AXIS2_PLACEMENT_3D('',#7567,#7568,#7569);
#7567 = CARTESIAN_POINT('',(0.55,0.,5.34));
#7568 = DIRECTION('',(0.,1.,0.));
#7569 = DIRECTION('',(-1.,0.,0.));
#7570 = ADVANCED_FACE('',(#7571),#7590,.T.);
#7571 = FACE_BOUND('',#7572,.T.);
#7572 = EDGE_LOOP('',(#7573,#7574,#7582,#7589));
#7573 = ORIENTED_EDGE('',*,*,#4220,.T.);
#7574 = ORIENTED_EDGE('',*,*,#7575,.T.);
#7575 = EDGE_CURVE('',#4221,#7576,#7578,.T.);
#7576 = VERTEX_POINT('',#7577);
#7577 = CARTESIAN_POINT('',(0.825,0.7,4.215));
#7578 = LINE('',#7579,#7580);
#7579 = CARTESIAN_POINT('',(0.925,0.95,4.215));
#7580 = VECTOR('',#7581,1.);
#7581 = DIRECTION('',(-0.371390676354,-0.928476690885,4.548224030302E-17
    ));
#7582 = ORIENTED_EDGE('',*,*,#7583,.T.);
#7583 = EDGE_CURVE('',#7576,#7576,#7584,.T.);
#7584 = CIRCLE('',#7585,1.45);
#7585 = AXIS2_PLACEMENT_3D('',#7586,#7587,#7588);
#7586 = CARTESIAN_POINT('',(2.275,0.7,4.215));
#7587 = DIRECTION('',(-0.,1.,0.));
#7588 = DIRECTION('',(1.,0.,0.));
#7589 = ORIENTED_EDGE('',*,*,#7575,.F.);
#7590 = CONICAL_SURFACE('',#7591,1.35,0.380506377112);
#7591 = AXIS2_PLACEMENT_3D('',#7592,#7593,#7594);
#7592 = CARTESIAN_POINT('',(2.275,0.95,4.215));
#7593 = DIRECTION('',(0.,-1.,0.));
#7594 = DIRECTION('',(1.,0.,0.));
#7595 = ADVANCED_FACE('',(#7596),#7607,.T.);
#7596 = FACE_BOUND('',#7597,.T.);
#7597 = EDGE_LOOP('',(#7598,#7599,#7605,#7606));
#7598 = ORIENTED_EDGE('',*,*,#7583,.F.);
#7599 = ORIENTED_EDGE('',*,*,#7600,.T.);
#7600 = EDGE_CURVE('',#7576,#7354,#7601,.T.);
#7601 = LINE('',#7602,#7603);
#7602 = CARTESIAN_POINT('',(0.825,0.,4.215));
#7603 = VECTOR('',#7604,1.);
#7604 = DIRECTION('',(0.,-1.,0.));
#7605 = ORIENTED_EDGE('',*,*,#7353,.F.);
#7606 = ORIENTED_EDGE('',*,*,#7600,.F.);
#7607 = CYLINDRICAL_SURFACE('',#7608,1.45);
#7608 = AXIS2_PLACEMENT_3D('',#7609,#7610,#7611);
#7609 = CARTESIAN_POINT('',(2.275,0.,4.215));
#7610 = DIRECTION('',(0.,1.,0.));
#7611 = DIRECTION('',(1.,0.,0.));
#7612 = ADVANCED_FACE('',(#7613),#7632,.T.);
#7613 = FACE_BOUND('',#7614,.T.);
#7614 = EDGE_LOOP('',(#7615,#7616,#7624,#7631));
#7615 = ORIENTED_EDGE('',*,*,#4567,.T.);
#7616 = ORIENTED_EDGE('',*,*,#7617,.T.);
#7617 = EDGE_CURVE('',#4568,#7618,#7620,.T.);
#7618 = VERTEX_POINT('',#7619);
#7619 = CARTESIAN_POINT('',(7.175,0.7,1.675));
#7620 = LINE('',#7621,#7622);
#7621 = CARTESIAN_POINT('',(7.275,0.95,1.675));
#7622 = VECTOR('',#7623,1.);
#7623 = DIRECTION('',(-0.371390676354,-0.928476690885,4.548224030302E-17
    ));
#7624 = ORIENTED_EDGE('',*,*,#7625,.T.);
#7625 = EDGE_CURVE('',#7618,#7618,#7626,.T.);
#7626 = CIRCLE('',#7627,1.45);
#7627 = AXIS2_PLACEMENT_3D('',#7628,#7629,#7630);
#7628 = CARTESIAN_POINT('',(8.625,0.7,1.675));
#7629 = DIRECTION('',(-0.,1.,0.));
#7630 = DIRECTION('',(1.,0.,0.));
#7631 = ORIENTED_EDGE('',*,*,#7617,.F.);
#7632 = CONICAL_SURFACE('',#7633,1.35,0.380506377112);
#7633 = AXIS2_PLACEMENT_3D('',#7634,#7635,#7636);
#7634 = CARTESIAN_POINT('',(8.625,0.95,1.675));
#7635 = DIRECTION('',(0.,-1.,0.));
#7636 = DIRECTION('',(1.,0.,0.));
#7637 = ADVANCED_FACE('',(#7638),#7649,.T.);
#7638 = FACE_BOUND('',#7639,.T.);
#7639 = EDGE_LOOP('',(#7640,#7641,#7647,#7648));
#7640 = ORIENTED_EDGE('',*,*,#7625,.F.);
#7641 = ORIENTED_EDGE('',*,*,#7642,.T.);
#7642 = EDGE_CURVE('',#7618,#7343,#7643,.T.);
#7643 = LINE('',#7644,#7645);
#7644 = CARTESIAN_POINT('',(7.175,0.,1.675));
#7645 = VECTOR('',#7646,1.);
#7646 = DIRECTION('',(0.,-1.,0.));
#7647 = ORIENTED_EDGE('',*,*,#7342,.F.);
#7648 = ORIENTED_EDGE('',*,*,#7642,.F.);
#7649 = CYLINDRICAL_SURFACE('',#7650,1.45);
#7650 = AXIS2_PLACEMENT_3D('',#7651,#7652,#7653);
#7651 = CARTESIAN_POINT('',(8.625,0.,1.675));
#7652 = DIRECTION('',(0.,1.,0.));
#7653 = DIRECTION('',(1.,0.,0.));
#7654 = ADVANCED_FACE('',(#7655),#7665,.T.);
#7655 = FACE_BOUND('',#7656,.T.);
#7656 = EDGE_LOOP('',(#7657,#7658,#7659,#7660,#7661,#7662,#7663,#7664));
#7657 = ORIENTED_EDGE('',*,*,#5906,.T.);
#7658 = ORIENTED_EDGE('',*,*,#6621,.T.);
#7659 = ORIENTED_EDGE('',*,*,#6594,.T.);
#7660 = ORIENTED_EDGE('',*,*,#6637,.T.);
#7661 = ORIENTED_EDGE('',*,*,#3125,.F.);
#7662 = ORIENTED_EDGE('',*,*,#3182,.F.);
#7663 = ORIENTED_EDGE('',*,*,#6685,.F.);
#7664 = ORIENTED_EDGE('',*,*,#6711,.T.);
#7665 = PLANE('',#7666);
#7666 = AXIS2_PLACEMENT_3D('',#7667,#7668,#7669);
#7667 = CARTESIAN_POINT('',(12.7,0.,0.835));
#7668 = DIRECTION('',(1.,0.,0.));
#7669 = DIRECTION('',(0.,0.,1.));
#7670 = ( GEOMETRIC_REPRESENTATION_CONTEXT(3) 
GLOBAL_UNCERTAINTY_ASSIGNED_CONTEXT((#7674)) 
GLOBAL_UNIT_ASSIGNED_CONTEXT((#7671,#7672,#7673)) REPRESENTATION_CONTEXT
('Context #1','3D Context with UNIT and UNCERTAINTY') );
#7671 = ( LENGTH_UNIT() NAMED_UNIT(*) SI_UNIT(.MILLI.,.METRE.) );
#7672 = ( NAMED_UNIT(*) PLANE_ANGLE_UNIT() SI_UNIT($,.RADIAN.) );
#7673 = ( NAMED_UNIT(*) SI_UNIT($,.STERADIAN.) SOLID_ANGLE_UNIT() );
#7674 = UNCERTAINTY_MEASURE_WITH_UNIT(LENGTH_MEASURE(5.E-04),#7671,
  'distance_accuracy_value','confusion accuracy');
#7675 = CONTEXT_DEPENDENT_SHAPE_REPRESENTATION(#7676,#7678);
#7676 = ( REPRESENTATION_RELATIONSHIP('','',#199,#176) 
REPRESENTATION_RELATIONSHIP_WITH_TRANSFORMATION(#7677) 
SHAPE_REPRESENTATION_RELATIONSHIP() );
#7677 = ITEM_DEFINED_TRANSFORMATION('','',#11,#177);
#7678 = PRODUCT_DEFINITION_SHAPE('Placement','Placement of an item',
  #7679);
#7679 = NEXT_ASSEMBLY_USAGE_OCCURRENCE('1','=>[0:1:1:3]','',#171,#194,$
  );
#7680 = PRODUCT_RELATED_PRODUCT_CATEGORY('part',$,(#196));
#7681 = SHAPE_DEFINITION_REPRESENTATION(#7682,#7688);
#7682 = PRODUCT_DEFINITION_SHAPE('','',#7683);
#7683 = PRODUCT_DEFINITION('design','',#7684,#7687);
#7684 = PRODUCT_DEFINITION_FORMATION('','',#7685);
#7685 = PRODUCT('PinHeader_1x04_P2.54mm_Vertical',
  'PinHeader_1x04_P2.54mm_Vertical','',(#7686));
#7686 = PRODUCT_CONTEXT('',#2,'mechanical');
#7687 = PRODUCT_DEFINITION_CONTEXT('part definition',#2,'design');
#7688 = SHAPE_REPRESENTATION('',(#11,#7689),#7693);
#7689 = AXIS2_PLACEMENT_3D('',#7690,#7691,#7692);
#7690 = CARTESIAN_POINT('',(0.,0.,0.));
#7691 = DIRECTION('',(0.,0.,1.));
#7692 = DIRECTION('',(1.,0.,-0.));
#7693 = ( GEOMETRIC_REPRESENTATION_CONTEXT(3) 
GLOBAL_UNCERTAINTY_ASSIGNED_CONTEXT((#7697)) 
GLOBAL_UNIT_ASSIGNED_CONTEXT((#7694,#7695,#7696)) REPRESENTATION_CONTEXT
('Context #1','3D Context with UNIT and UNCERTAINTY') );
#7694 = ( LENGTH_UNIT() NAMED_UNIT(*) SI_UNIT(.MILLI.,.METRE.) );
#7695 = ( NAMED_UNIT(*) PLANE_ANGLE_UNIT() SI_UNIT($,.RADIAN.) );
#7696 = ( NAMED_UNIT(*) SI_UNIT($,.STERADIAN.) SOLID_ANGLE_UNIT() );
#7697 = UNCERTAINTY_MEASURE_WITH_UNIT(LENGTH_MEASURE(1.E-07),#7694,
  'distance_accuracy_value','confusion accuracy');
#7698 = CONTEXT_DEPENDENT_SHAPE_REPRESENTATION(#7699,#7701);
#7699 = ( REPRESENTATION_RELATIONSHIP('','',#7688,#10) 
REPRESENTATION_RELATIONSHIP_WITH_TRANSFORMATION(#7700) 
SHAPE_REPRESENTATION_RELATIONSHIP() );
#7700 = ITEM_DEFINED_TRANSFORMATION('','',#11,#19);
#7701 = PRODUCT_DEFINITION_SHAPE('Placement','Placement of an item',
  #7702);
#7702 = NEXT_ASSEMBLY_USAGE_OCCURRENCE('4','U2','',#5,#7683,$);
#7703 = PRODUCT_RELATED_PRODUCT_CATEGORY('part',$,(#7685));
#7704 = SHAPE_DEFINITION_REPRESENTATION(#7705,#7711);
#7705 = PRODUCT_DEFINITION_SHAPE('','',#7706);
#7706 = PRODUCT_DEFINITION('design','',#7707,#7710);
#7707 = PRODUCT_DEFINITION_FORMATION('','',#7708);
#7708 = PRODUCT('PinHeader_1x04_P254mm_Vertical',
  'PinHeader_1x04_P254mm_Vertical','',(#7709));
#7709 = PRODUCT_CONTEXT('',#2,'mechanical');
#7710 = PRODUCT_DEFINITION_CONTEXT('part definition',#2,'design');
#7711 = ADVANCED_BREP_SHAPE_REPRESENTATION('',(#11,#7712),#10492);
#7712 = MANIFOLD_SOLID_BREP('',#7713);
#7713 = CLOSED_SHELL('',(#7714,#7754,#7785,#7816,#8145,#8474,#8491,#8508
    ,#8525,#8542,#8559,#8576,#8593,#8610,#8627,#8644,#8661,#8678,#8695,
    #8712,#8729,#8746,#8763,#8780,#8797,#8814,#8831,#8848,#8860,#8891,
    #8915,#8939,#8956,#8987,#9011,#9035,#9052,#9083,#9107,#9131,#9148,
    #9179,#9203,#9227,#9244,#9275,#9299,#9323,#9340,#9371,#9395,#9419,
    #9436,#9467,#9491,#9515,#9532,#9563,#9587,#9611,#9628,#9659,#9683,
    #9707,#9724,#9755,#9779,#9803,#9820,#9851,#9875,#9899,#9916,#9947,
    #9971,#9995,#10012,#10043,#10067,#10091,#10108,#10139,#10163,#10187,
    #10204,#10235,#10259,#10283,#10300,#10331,#10355,#10379,#10396,
    #10408,#10420,#10432,#10444,#10456,#10468,#10480));
#7714 = ADVANCED_FACE('',(#7715),#7749,.F.);
#7715 = FACE_BOUND('',#7716,.F.);
#7716 = EDGE_LOOP('',(#7717,#7727,#7735,#7743));
#7717 = ORIENTED_EDGE('',*,*,#7718,.T.);
#7718 = EDGE_CURVE('',#7719,#7721,#7723,.T.);
#7719 = VERTEX_POINT('',#7720);
#7720 = CARTESIAN_POINT('',(-1.016,1.27,0.));
#7721 = VERTEX_POINT('',#7722);
#7722 = CARTESIAN_POINT('',(-1.016,1.27,2.54));
#7723 = LINE('',#7724,#7725);
#7724 = CARTESIAN_POINT('',(-1.016,1.27,0.));
#7725 = VECTOR('',#7726,1.);
#7726 = DIRECTION('',(0.,0.,1.));
#7727 = ORIENTED_EDGE('',*,*,#7728,.T.);
#7728 = EDGE_CURVE('',#7721,#7729,#7731,.T.);
#7729 = VERTEX_POINT('',#7730);
#7730 = CARTESIAN_POINT('',(-1.27,1.016,2.54));
#7731 = LINE('',#7732,#7733);
#7732 = CARTESIAN_POINT('',(-1.016,1.27,2.54));
#7733 = VECTOR('',#7734,1.);
#7734 = DIRECTION('',(-0.707106781187,-0.707106781187,0.));
#7735 = ORIENTED_EDGE('',*,*,#7736,.F.);
#7736 = EDGE_CURVE('',#7737,#7729,#7739,.T.);
#7737 = VERTEX_POINT('',#7738);
#7738 = CARTESIAN_POINT('',(-1.27,1.016,0.));
#7739 = LINE('',#7740,#7741);
#7740 = CARTESIAN_POINT('',(-1.27,1.016,0.));
#7741 = VECTOR('',#7742,1.);
#7742 = DIRECTION('',(0.,0.,1.));
#7743 = ORIENTED_EDGE('',*,*,#7744,.F.);
#7744 = EDGE_CURVE('',#7719,#7737,#7745,.T.);
#7745 = LINE('',#7746,#7747);
#7746 = CARTESIAN_POINT('',(-1.016,1.27,0.));
#7747 = VECTOR('',#7748,1.);
#7748 = DIRECTION('',(-0.707106781187,-0.707106781187,0.));
#7749 = PLANE('',#7750);
#7750 = AXIS2_PLACEMENT_3D('',#7751,#7752,#7753);
#7751 = CARTESIAN_POINT('',(-1.016,1.27,0.));
#7752 = DIRECTION('',(0.707106781187,-0.707106781187,0.));
#7753 = DIRECTION('',(-0.707106781187,-0.707106781187,0.));
#7754 = ADVANCED_FACE('',(#7755),#7780,.F.);
#7755 = FACE_BOUND('',#7756,.F.);
#7756 = EDGE_LOOP('',(#7757,#7767,#7773,#7774));
#7757 = ORIENTED_EDGE('',*,*,#7758,.T.);
#7758 = EDGE_CURVE('',#7759,#7761,#7763,.T.);
#7759 = VERTEX_POINT('',#7760);
#7760 = CARTESIAN_POINT('',(1.016,1.27,0.));
#7761 = VERTEX_POINT('',#7762);
#7762 = CARTESIAN_POINT('',(1.016,1.27,2.54));
#7763 = LINE('',#7764,#7765);
#7764 = CARTESIAN_POINT('',(1.016,1.27,0.));
#7765 = VECTOR('',#7766,1.);
#7766 = DIRECTION('',(0.,0.,1.));
#7767 = ORIENTED_EDGE('',*,*,#7768,.T.);
#7768 = EDGE_CURVE('',#7761,#7721,#7769,.T.);
#7769 = LINE('',#7770,#7771);
#7770 = CARTESIAN_POINT('',(1.016,1.27,2.54));
#7771 = VECTOR('',#7772,1.);
#7772 = DIRECTION('',(-1.,0.,0.));
#7773 = ORIENTED_EDGE('',*,*,#7718,.F.);
#7774 = ORIENTED_EDGE('',*,*,#7775,.F.);
#7775 = EDGE_CURVE('',#7759,#7719,#7776,.T.);
#7776 = LINE('',#7777,#7778);
#7777 = CARTESIAN_POINT('',(1.016,1.27,0.));
#7778 = VECTOR('',#7779,1.);
#7779 = DIRECTION('',(-1.,0.,0.));
#7780 = PLANE('',#7781);
#7781 = AXIS2_PLACEMENT_3D('',#7782,#7783,#7784);
#7782 = CARTESIAN_POINT('',(1.016,1.27,0.));
#7783 = DIRECTION('',(0.,-1.,0.));
#7784 = DIRECTION('',(-1.,0.,0.));
#7785 = ADVANCED_FACE('',(#7786),#7811,.F.);
#7786 = FACE_BOUND('',#7787,.F.);
#7787 = EDGE_LOOP('',(#7788,#7789,#7797,#7805));
#7788 = ORIENTED_EDGE('',*,*,#7736,.T.);
#7789 = ORIENTED_EDGE('',*,*,#7790,.T.);
#7790 = EDGE_CURVE('',#7729,#7791,#7793,.T.);
#7791 = VERTEX_POINT('',#7792);
#7792 = CARTESIAN_POINT('',(-1.27,-1.016,2.54));
#7793 = LINE('',#7794,#7795);
#7794 = CARTESIAN_POINT('',(-1.27,1.016,2.54));
#7795 = VECTOR('',#7796,1.);
#7796 = DIRECTION('',(0.,-1.,0.));
#7797 = ORIENTED_EDGE('',*,*,#7798,.F.);
#7798 = EDGE_CURVE('',#7799,#7791,#7801,.T.);
#7799 = VERTEX_POINT('',#7800);
#7800 = CARTESIAN_POINT('',(-1.27,-1.016,0.));
#7801 = LINE('',#7802,#7803);
#7802 = CARTESIAN_POINT('',(-1.27,-1.016,0.));
#7803 = VECTOR('',#7804,1.);
#7804 = DIRECTION('',(0.,0.,1.));
#7805 = ORIENTED_EDGE('',*,*,#7806,.F.);
#7806 = EDGE_CURVE('',#7737,#7799,#7807,.T.);
#7807 = LINE('',#7808,#7809);
#7808 = CARTESIAN_POINT('',(-1.27,1.016,0.));
#7809 = VECTOR('',#7810,1.);
#7810 = DIRECTION('',(0.,-1.,0.));
#7811 = PLANE('',#7812);
#7812 = AXIS2_PLACEMENT_3D('',#7813,#7814,#7815);
#7813 = CARTESIAN_POINT('',(-1.27,1.016,0.));
#7814 = DIRECTION('',(1.,0.,0.));
#7815 = DIRECTION('',(0.,-1.,0.));
#7816 = ADVANCED_FACE('',(#7817,#8004,#8038,#8072,#8106),#8140,.F.);
#7817 = FACE_BOUND('',#7818,.F.);
#7818 = EDGE_LOOP('',(#7819,#7820,#7821,#7829,#7837,#7845,#7853,#7861,
    #7869,#7877,#7885,#7893,#7901,#7909,#7917,#7925,#7933,#7941,#7949,
    #7957,#7965,#7973,#7981,#7989,#7997,#8003));
#7819 = ORIENTED_EDGE('',*,*,#7744,.T.);
#7820 = ORIENTED_EDGE('',*,*,#7806,.T.);
#7821 = ORIENTED_EDGE('',*,*,#7822,.T.);
#7822 = EDGE_CURVE('',#7799,#7823,#7825,.T.);
#7823 = VERTEX_POINT('',#7824);
#7824 = CARTESIAN_POINT('',(-1.016,-1.27,0.));
#7825 = LINE('',#7826,#7827);
#7826 = CARTESIAN_POINT('',(-1.27,-1.016,0.));
#7827 = VECTOR('',#7828,1.);
#7828 = DIRECTION('',(0.707106781187,-0.707106781187,0.));
#7829 = ORIENTED_EDGE('',*,*,#7830,.T.);
#7830 = EDGE_CURVE('',#7823,#7831,#7833,.T.);
#7831 = VERTEX_POINT('',#7832);
#7832 = CARTESIAN_POINT('',(-1.27,-1.524,0.));
#7833 = LINE('',#7834,#7835);
#7834 = CARTESIAN_POINT('',(-1.016,-1.27,0.));
#7835 = VECTOR('',#7836,1.);
#7836 = DIRECTION('',(-0.707106781187,-0.707106781187,0.));
#7837 = ORIENTED_EDGE('',*,*,#7838,.T.);
#7838 = EDGE_CURVE('',#7831,#7839,#7841,.T.);
#7839 = VERTEX_POINT('',#7840);
#7840 = CARTESIAN_POINT('',(-1.27,-3.556,0.));
#7841 = LINE('',#7842,#7843);
#7842 = CARTESIAN_POINT('',(-1.27,-1.524,0.));
#7843 = VECTOR('',#7844,1.);
#7844 = DIRECTION('',(0.,-1.,0.));
#7845 = ORIENTED_EDGE('',*,*,#7846,.T.);
#7846 = EDGE_CURVE('',#7839,#7847,#7849,.T.);
#7847 = VERTEX_POINT('',#7848);
#7848 = CARTESIAN_POINT('',(-1.016,-3.81,0.));
#7849 = LINE('',#7850,#7851);
#7850 = CARTESIAN_POINT('',(-1.27,-3.556,0.));
#7851 = VECTOR('',#7852,1.);
#7852 = DIRECTION('',(0.707106781187,-0.707106781187,0.));
#7853 = ORIENTED_EDGE('',*,*,#7854,.T.);
#7854 = EDGE_CURVE('',#7847,#7855,#7857,.T.);
#7855 = VERTEX_POINT('',#7856);
#7856 = CARTESIAN_POINT('',(-1.27,-4.064,0.));
#7857 = LINE('',#7858,#7859);
#7858 = CARTESIAN_POINT('',(-1.016,-3.81,0.));
#7859 = VECTOR('',#7860,1.);
#7860 = DIRECTION('',(-0.707106781187,-0.707106781187,0.));
#7861 = ORIENTED_EDGE('',*,*,#7862,.T.);
#7862 = EDGE_CURVE('',#7855,#7863,#7865,.T.);
#7863 = VERTEX_POINT('',#7864);
#7864 = CARTESIAN_POINT('',(-1.27,-6.096,0.));
#7865 = LINE('',#7866,#7867);
#7866 = CARTESIAN_POINT('',(-1.27,-4.064,0.));
#7867 = VECTOR('',#7868,1.);
#7868 = DIRECTION('',(0.,-1.,0.));
#7869 = ORIENTED_EDGE('',*,*,#7870,.T.);
#7870 = EDGE_CURVE('',#7863,#7871,#7873,.T.);
#7871 = VERTEX_POINT('',#7872);
#7872 = CARTESIAN_POINT('',(-1.016,-6.35,0.));
#7873 = LINE('',#7874,#7875);
#7874 = CARTESIAN_POINT('',(-1.27,-6.096,0.));
#7875 = VECTOR('',#7876,1.);
#7876 = DIRECTION('',(0.707106781187,-0.707106781187,0.));
#7877 = ORIENTED_EDGE('',*,*,#7878,.T.);
#7878 = EDGE_CURVE('',#7871,#7879,#7881,.T.);
#7879 = VERTEX_POINT('',#7880);
#7880 = CARTESIAN_POINT('',(-1.27,-6.604,0.));
#7881 = LINE('',#7882,#7883);
#7882 = CARTESIAN_POINT('',(-1.016,-6.35,0.));
#7883 = VECTOR('',#7884,1.);
#7884 = DIRECTION('',(-0.707106781187,-0.707106781187,0.));
#7885 = ORIENTED_EDGE('',*,*,#7886,.T.);
#7886 = EDGE_CURVE('',#7879,#7887,#7889,.T.);
#7887 = VERTEX_POINT('',#7888);
#7888 = CARTESIAN_POINT('',(-1.27,-8.636,0.));
#7889 = LINE('',#7890,#7891);
#7890 = CARTESIAN_POINT('',(-1.27,-6.604,0.));
#7891 = VECTOR('',#7892,1.);
#7892 = DIRECTION('',(0.,-1.,0.));
#7893 = ORIENTED_EDGE('',*,*,#7894,.T.);
#7894 = EDGE_CURVE('',#7887,#7895,#7897,.T.);
#7895 = VERTEX_POINT('',#7896);
#7896 = CARTESIAN_POINT('',(-1.016,-8.89,0.));
#7897 = LINE('',#7898,#7899);
#7898 = CARTESIAN_POINT('',(-1.27,-8.636,0.));
#7899 = VECTOR('',#7900,1.);
#7900 = DIRECTION('',(0.707106781187,-0.707106781187,0.));
#7901 = ORIENTED_EDGE('',*,*,#7902,.T.);
#7902 = EDGE_CURVE('',#7895,#7903,#7905,.T.);
#7903 = VERTEX_POINT('',#7904);
#7904 = CARTESIAN_POINT('',(1.016,-8.89,0.));
#7905 = LINE('',#7906,#7907);
#7906 = CARTESIAN_POINT('',(-1.016,-8.89,0.));
#7907 = VECTOR('',#7908,1.);
#7908 = DIRECTION('',(1.,0.,0.));
#7909 = ORIENTED_EDGE('',*,*,#7910,.T.);
#7910 = EDGE_CURVE('',#7903,#7911,#7913,.T.);
#7911 = VERTEX_POINT('',#7912);
#7912 = CARTESIAN_POINT('',(1.27,-8.636,0.));
#7913 = LINE('',#7914,#7915);
#7914 = CARTESIAN_POINT('',(1.016,-8.89,0.));
#7915 = VECTOR('',#7916,1.);
#7916 = DIRECTION('',(0.707106781187,0.707106781187,0.));
#7917 = ORIENTED_EDGE('',*,*,#7918,.T.);
#7918 = EDGE_CURVE('',#7911,#7919,#7921,.T.);
#7919 = VERTEX_POINT('',#7920);
#7920 = CARTESIAN_POINT('',(1.27,-6.604,0.));
#7921 = LINE('',#7922,#7923);
#7922 = CARTESIAN_POINT('',(1.27,-8.636,0.));
#7923 = VECTOR('',#7924,1.);
#7924 = DIRECTION('',(0.,1.,0.));
#7925 = ORIENTED_EDGE('',*,*,#7926,.T.);
#7926 = EDGE_CURVE('',#7919,#7927,#7929,.T.);
#7927 = VERTEX_POINT('',#7928);
#7928 = CARTESIAN_POINT('',(1.016,-6.35,0.));
#7929 = LINE('',#7930,#7931);
#7930 = CARTESIAN_POINT('',(1.27,-6.604,0.));
#7931 = VECTOR('',#7932,1.);
#7932 = DIRECTION('',(-0.707106781187,0.707106781187,0.));
#7933 = ORIENTED_EDGE('',*,*,#7934,.T.);
#7934 = EDGE_CURVE('',#7927,#7935,#7937,.T.);
#7935 = VERTEX_POINT('',#7936);
#7936 = CARTESIAN_POINT('',(1.27,-6.096,0.));
#7937 = LINE('',#7938,#7939);
#7938 = CARTESIAN_POINT('',(1.016,-6.35,0.));
#7939 = VECTOR('',#7940,1.);
#7940 = DIRECTION('',(0.707106781187,0.707106781187,0.));
#7941 = ORIENTED_EDGE('',*,*,#7942,.T.);
#7942 = EDGE_CURVE('',#7935,#7943,#7945,.T.);
#7943 = VERTEX_POINT('',#7944);
#7944 = CARTESIAN_POINT('',(1.27,-4.064,0.));
#7945 = LINE('',#7946,#7947);
#7946 = CARTESIAN_POINT('',(1.27,-6.096,0.));
#7947 = VECTOR('',#7948,1.);
#7948 = DIRECTION('',(0.,1.,0.));
#7949 = ORIENTED_EDGE('',*,*,#7950,.T.);
#7950 = EDGE_CURVE('',#7943,#7951,#7953,.T.);
#7951 = VERTEX_POINT('',#7952);
#7952 = CARTESIAN_POINT('',(1.016,-3.81,0.));
#7953 = LINE('',#7954,#7955);
#7954 = CARTESIAN_POINT('',(1.27,-4.064,0.));
#7955 = VECTOR('',#7956,1.);
#7956 = DIRECTION('',(-0.707106781187,0.707106781187,0.));
#7957 = ORIENTED_EDGE('',*,*,#7958,.T.);
#7958 = EDGE_CURVE('',#7951,#7959,#7961,.T.);
#7959 = VERTEX_POINT('',#7960);
#7960 = CARTESIAN_POINT('',(1.27,-3.556,0.));
#7961 = LINE('',#7962,#7963);
#7962 = CARTESIAN_POINT('',(1.016,-3.81,0.));
#7963 = VECTOR('',#7964,1.);
#7964 = DIRECTION('',(0.707106781187,0.707106781187,0.));
#7965 = ORIENTED_EDGE('',*,*,#7966,.T.);
#7966 = EDGE_CURVE('',#7959,#7967,#7969,.T.);
#7967 = VERTEX_POINT('',#7968);
#7968 = CARTESIAN_POINT('',(1.27,-1.524,0.));
#7969 = LINE('',#7970,#7971);
#7970 = CARTESIAN_POINT('',(1.27,-3.556,0.));
#7971 = VECTOR('',#7972,1.);
#7972 = DIRECTION('',(0.,1.,0.));
#7973 = ORIENTED_EDGE('',*,*,#7974,.T.);
#7974 = EDGE_CURVE('',#7967,#7975,#7977,.T.);
#7975 = VERTEX_POINT('',#7976);
#7976 = CARTESIAN_POINT('',(1.016,-1.27,0.));
#7977 = LINE('',#7978,#7979);
#7978 = CARTESIAN_POINT('',(1.27,-1.524,0.));
#7979 = VECTOR('',#7980,1.);
#7980 = DIRECTION('',(-0.707106781187,0.707106781187,0.));
#7981 = ORIENTED_EDGE('',*,*,#7982,.T.);
#7982 = EDGE_CURVE('',#7975,#7983,#7985,.T.);
#7983 = VERTEX_POINT('',#7984);
#7984 = CARTESIAN_POINT('',(1.27,-1.016,0.));
#7985 = LINE('',#7986,#7987);
#7986 = CARTESIAN_POINT('',(1.016,-1.27,0.));
#7987 = VECTOR('',#7988,1.);
#7988 = DIRECTION('',(0.707106781187,0.707106781187,0.));
#7989 = ORIENTED_EDGE('',*,*,#7990,.T.);
#7990 = EDGE_CURVE('',#7983,#7991,#7993,.T.);
#7991 = VERTEX_POINT('',#7992);
#7992 = CARTESIAN_POINT('',(1.27,1.016,0.));
#7993 = LINE('',#7994,#7995);
#7994 = CARTESIAN_POINT('',(1.27,-1.016,0.));
#7995 = VECTOR('',#7996,1.);
#7996 = DIRECTION('',(0.,1.,0.));
#7997 = ORIENTED_EDGE('',*,*,#7998,.T.);
#7998 = EDGE_CURVE('',#7991,#7759,#7999,.T.);
#7999 = LINE('',#8000,#8001);
#8000 = CARTESIAN_POINT('',(1.27,1.016,0.));
#8001 = VECTOR('',#8002,1.);
#8002 = DIRECTION('',(-0.707106781187,0.707106781187,0.));
#8003 = ORIENTED_EDGE('',*,*,#7775,.T.);
#8004 = FACE_BOUND('',#8005,.F.);
#8005 = EDGE_LOOP('',(#8006,#8016,#8024,#8032));
#8006 = ORIENTED_EDGE('',*,*,#8007,.F.);
#8007 = EDGE_CURVE('',#8008,#8010,#8012,.T.);
#8008 = VERTEX_POINT('',#8009);
#8009 = CARTESIAN_POINT('',(0.32,-4.76,0.));
#8010 = VERTEX_POINT('',#8011);
#8011 = CARTESIAN_POINT('',(-0.32,-4.76,0.));
#8012 = LINE('',#8013,#8014);
#8013 = CARTESIAN_POINT('',(-0.16,-4.76,0.));
#8014 = VECTOR('',#8015,1.);
#8015 = DIRECTION('',(-1.,0.,0.));
#8016 = ORIENTED_EDGE('',*,*,#8017,.F.);
#8017 = EDGE_CURVE('',#8018,#8008,#8020,.T.);
#8018 = VERTEX_POINT('',#8019);
#8019 = CARTESIAN_POINT('',(0.32,-5.4,0.));
#8020 = LINE('',#8021,#8022);
#8021 = CARTESIAN_POINT('',(0.32,-4.605,0.));
#8022 = VECTOR('',#8023,1.);
#8023 = DIRECTION('',(0.,1.,0.));
#8024 = ORIENTED_EDGE('',*,*,#8025,.T.);
#8025 = EDGE_CURVE('',#8018,#8026,#8028,.T.);
#8026 = VERTEX_POINT('',#8027);
#8027 = CARTESIAN_POINT('',(-0.32,-5.4,0.));
#8028 = LINE('',#8029,#8030);
#8029 = CARTESIAN_POINT('',(-0.16,-5.4,0.));
#8030 = VECTOR('',#8031,1.);
#8031 = DIRECTION('',(-1.,0.,0.));
#8032 = ORIENTED_EDGE('',*,*,#8033,.T.);
#8033 = EDGE_CURVE('',#8026,#8010,#8034,.T.);
#8034 = LINE('',#8035,#8036);
#8035 = CARTESIAN_POINT('',(-0.32,-4.605,0.));
#8036 = VECTOR('',#8037,1.);
#8037 = DIRECTION('',(0.,1.,0.));
#8038 = FACE_BOUND('',#8039,.F.);
#8039 = EDGE_LOOP('',(#8040,#8050,#8058,#8066));
#8040 = ORIENTED_EDGE('',*,*,#8041,.F.);
#8041 = EDGE_CURVE('',#8042,#8044,#8046,.T.);
#8042 = VERTEX_POINT('',#8043);
#8043 = CARTESIAN_POINT('',(0.32,-7.94,0.));
#8044 = VERTEX_POINT('',#8045);
#8045 = CARTESIAN_POINT('',(0.32,-7.3,0.));
#8046 = LINE('',#8047,#8048);
#8047 = CARTESIAN_POINT('',(0.32,-5.875,0.));
#8048 = VECTOR('',#8049,1.);
#8049 = DIRECTION('',(0.,1.,0.));
#8050 = ORIENTED_EDGE('',*,*,#8051,.T.);
#8051 = EDGE_CURVE('',#8042,#8052,#8054,.T.);
#8052 = VERTEX_POINT('',#8053);
#8053 = CARTESIAN_POINT('',(-0.32,-7.94,0.));
#8054 = LINE('',#8055,#8056);
#8055 = CARTESIAN_POINT('',(-0.16,-7.94,0.));
#8056 = VECTOR('',#8057,1.);
#8057 = DIRECTION('',(-1.,0.,0.));
#8058 = ORIENTED_EDGE('',*,*,#8059,.T.);
#8059 = EDGE_CURVE('',#8052,#8060,#8062,.T.);
#8060 = VERTEX_POINT('',#8061);
#8061 = CARTESIAN_POINT('',(-0.32,-7.3,0.));
#8062 = LINE('',#8063,#8064);
#8063 = CARTESIAN_POINT('',(-0.32,-5.875,0.));
#8064 = VECTOR('',#8065,1.);
#8065 = DIRECTION('',(0.,1.,0.));
#8066 = ORIENTED_EDGE('',*,*,#8067,.F.);
#8067 = EDGE_CURVE('',#8044,#8060,#8068,.T.);
#8068 = LINE('',#8069,#8070);
#8069 = CARTESIAN_POINT('',(-0.16,-7.3,0.));
#8070 = VECTOR('',#8071,1.);
#8071 = DIRECTION('',(-1.,0.,0.));
#8072 = FACE_BOUND('',#8073,.F.);
#8073 = EDGE_LOOP('',(#8074,#8084,#8092,#8100));
#8074 = ORIENTED_EDGE('',*,*,#8075,.F.);
#8075 = EDGE_CURVE('',#8076,#8078,#8080,.T.);
#8076 = VERTEX_POINT('',#8077);
#8077 = CARTESIAN_POINT('',(0.32,-0.32,0.));
#8078 = VERTEX_POINT('',#8079);
#8079 = CARTESIAN_POINT('',(0.32,0.32,0.));
#8080 = LINE('',#8081,#8082);
#8081 = CARTESIAN_POINT('',(0.32,-2.065,0.));
#8082 = VECTOR('',#8083,1.);
#8083 = DIRECTION('',(0.,1.,0.));
#8084 = ORIENTED_EDGE('',*,*,#8085,.T.);
#8085 = EDGE_CURVE('',#8076,#8086,#8088,.T.);
#8086 = VERTEX_POINT('',#8087);
#8087 = CARTESIAN_POINT('',(-0.32,-0.32,0.));
#8088 = LINE('',#8089,#8090);
#8089 = CARTESIAN_POINT('',(-0.16,-0.32,0.));
#8090 = VECTOR('',#8091,1.);
#8091 = DIRECTION('',(-1.,0.,0.));
#8092 = ORIENTED_EDGE('',*,*,#8093,.T.);
#8093 = EDGE_CURVE('',#8086,#8094,#8096,.T.);
#8094 = VERTEX_POINT('',#8095);
#8095 = CARTESIAN_POINT('',(-0.32,0.32,0.));
#8096 = LINE('',#8097,#8098);
#8097 = CARTESIAN_POINT('',(-0.32,-2.065,0.));
#8098 = VECTOR('',#8099,1.);
#8099 = DIRECTION('',(0.,1.,0.));
#8100 = ORIENTED_EDGE('',*,*,#8101,.F.);
#8101 = EDGE_CURVE('',#8078,#8094,#8102,.T.);
#8102 = LINE('',#8103,#8104);
#8103 = CARTESIAN_POINT('',(-0.16,0.32,0.));
#8104 = VECTOR('',#8105,1.);
#8105 = DIRECTION('',(-1.,0.,0.));
#8106 = FACE_BOUND('',#8107,.F.);
#8107 = EDGE_LOOP('',(#8108,#8118,#8126,#8134));
#8108 = ORIENTED_EDGE('',*,*,#8109,.F.);
#8109 = EDGE_CURVE('',#8110,#8112,#8114,.T.);
#8110 = VERTEX_POINT('',#8111);
#8111 = CARTESIAN_POINT('',(0.32,-2.22,0.));
#8112 = VERTEX_POINT('',#8113);
#8113 = CARTESIAN_POINT('',(-0.32,-2.22,0.));
#8114 = LINE('',#8115,#8116);
#8115 = CARTESIAN_POINT('',(-0.16,-2.22,0.));
#8116 = VECTOR('',#8117,1.);
#8117 = DIRECTION('',(-1.,0.,0.));
#8118 = ORIENTED_EDGE('',*,*,#8119,.F.);
#8119 = EDGE_CURVE('',#8120,#8110,#8122,.T.);
#8120 = VERTEX_POINT('',#8121);
#8121 = CARTESIAN_POINT('',(0.32,-2.86,0.));
#8122 = LINE('',#8123,#8124);
#8123 = CARTESIAN_POINT('',(0.32,-3.335,0.));
#8124 = VECTOR('',#8125,1.);
#8125 = DIRECTION('',(0.,1.,0.));
#8126 = ORIENTED_EDGE('',*,*,#8127,.T.);
#8127 = EDGE_CURVE('',#8120,#8128,#8130,.T.);
#8128 = VERTEX_POINT('',#8129);
#8129 = CARTESIAN_POINT('',(-0.32,-2.86,0.));
#8130 = LINE('',#8131,#8132);
#8131 = CARTESIAN_POINT('',(-0.16,-2.86,0.));
#8132 = VECTOR('',#8133,1.);
#8133 = DIRECTION('',(-1.,0.,0.));
#8134 = ORIENTED_EDGE('',*,*,#8135,.T.);
#8135 = EDGE_CURVE('',#8128,#8112,#8136,.T.);
#8136 = LINE('',#8137,#8138);
#8137 = CARTESIAN_POINT('',(-0.32,-3.335,0.));
#8138 = VECTOR('',#8139,1.);
#8139 = DIRECTION('',(0.,1.,0.));
#8140 = PLANE('',#8141);
#8141 = AXIS2_PLACEMENT_3D('',#8142,#8143,#8144);
#8142 = CARTESIAN_POINT('',(4.259053689278E-17,-3.81,0.));
#8143 = DIRECTION('',(0.,0.,1.));
#8144 = DIRECTION('',(1.,0.,-0.));
#8145 = ADVANCED_FACE('',(#8146,#8333,#8367,#8401,#8435),#8469,.T.);
#8146 = FACE_BOUND('',#8147,.T.);
#8147 = EDGE_LOOP('',(#8148,#8149,#8150,#8158,#8166,#8174,#8182,#8190,
    #8198,#8206,#8214,#8222,#8230,#8238,#8246,#8254,#8262,#8270,#8278,
    #8286,#8294,#8302,#8310,#8318,#8326,#8332));
#8148 = ORIENTED_EDGE('',*,*,#7728,.T.);
#8149 = ORIENTED_EDGE('',*,*,#7790,.T.);
#8150 = ORIENTED_EDGE('',*,*,#8151,.T.);
#8151 = EDGE_CURVE('',#7791,#8152,#8154,.T.);
#8152 = VERTEX_POINT('',#8153);
#8153 = CARTESIAN_POINT('',(-1.016,-1.27,2.54));
#8154 = LINE('',#8155,#8156);
#8155 = CARTESIAN_POINT('',(-1.27,-1.016,2.54));
#8156 = VECTOR('',#8157,1.);
#8157 = DIRECTION('',(0.707106781187,-0.707106781187,0.));
#8158 = ORIENTED_EDGE('',*,*,#8159,.T.);
#8159 = EDGE_CURVE('',#8152,#8160,#8162,.T.);
#8160 = VERTEX_POINT('',#8161);
#8161 = CARTESIAN_POINT('',(-1.27,-1.524,2.54));
#8162 = LINE('',#8163,#8164);
#8163 = CARTESIAN_POINT('',(-1.016,-1.27,2.54));
#8164 = VECTOR('',#8165,1.);
#8165 = DIRECTION('',(-0.707106781187,-0.707106781187,0.));
#8166 = ORIENTED_EDGE('',*,*,#8167,.T.);
#8167 = EDGE_CURVE('',#8160,#8168,#8170,.T.);
#8168 = VERTEX_POINT('',#8169);
#8169 = CARTESIAN_POINT('',(-1.27,-3.556,2.54));
#8170 = LINE('',#8171,#8172);
#8171 = CARTESIAN_POINT('',(-1.27,-1.524,2.54));
#8172 = VECTOR('',#8173,1.);
#8173 = DIRECTION('',(0.,-1.,0.));
#8174 = ORIENTED_EDGE('',*,*,#8175,.T.);
#8175 = EDGE_CURVE('',#8168,#8176,#8178,.T.);
#8176 = VERTEX_POINT('',#8177);
#8177 = CARTESIAN_POINT('',(-1.016,-3.81,2.54));
#8178 = LINE('',#8179,#8180);
#8179 = CARTESIAN_POINT('',(-1.27,-3.556,2.54));
#8180 = VECTOR('',#8181,1.);
#8181 = DIRECTION('',(0.707106781187,-0.707106781187,0.));
#8182 = ORIENTED_EDGE('',*,*,#8183,.T.);
#8183 = EDGE_CURVE('',#8176,#8184,#8186,.T.);
#8184 = VERTEX_POINT('',#8185);
#8185 = CARTESIAN_POINT('',(-1.27,-4.064,2.54));
#8186 = LINE('',#8187,#8188);
#8187 = CARTESIAN_POINT('',(-1.016,-3.81,2.54));
#8188 = VECTOR('',#8189,1.);
#8189 = DIRECTION('',(-0.707106781187,-0.707106781187,0.));
#8190 = ORIENTED_EDGE('',*,*,#8191,.T.);
#8191 = EDGE_CURVE('',#8184,#8192,#8194,.T.);
#8192 = VERTEX_POINT('',#8193);
#8193 = CARTESIAN_POINT('',(-1.27,-6.096,2.54));
#8194 = LINE('',#8195,#8196);
#8195 = CARTESIAN_POINT('',(-1.27,-4.064,2.54));
#8196 = VECTOR('',#8197,1.);
#8197 = DIRECTION('',(0.,-1.,0.));
#8198 = ORIENTED_EDGE('',*,*,#8199,.T.);
#8199 = EDGE_CURVE('',#8192,#8200,#8202,.T.);
#8200 = VERTEX_POINT('',#8201);
#8201 = CARTESIAN_POINT('',(-1.016,-6.35,2.54));
#8202 = LINE('',#8203,#8204);
#8203 = CARTESIAN_POINT('',(-1.27,-6.096,2.54));
#8204 = VECTOR('',#8205,1.);
#8205 = DIRECTION('',(0.707106781187,-0.707106781187,0.));
#8206 = ORIENTED_EDGE('',*,*,#8207,.T.);
#8207 = EDGE_CURVE('',#8200,#8208,#8210,.T.);
#8208 = VERTEX_POINT('',#8209);
#8209 = CARTESIAN_POINT('',(-1.27,-6.604,2.54));
#8210 = LINE('',#8211,#8212);
#8211 = CARTESIAN_POINT('',(-1.016,-6.35,2.54));
#8212 = VECTOR('',#8213,1.);
#8213 = DIRECTION('',(-0.707106781187,-0.707106781187,0.));
#8214 = ORIENTED_EDGE('',*,*,#8215,.T.);
#8215 = EDGE_CURVE('',#8208,#8216,#8218,.T.);
#8216 = VERTEX_POINT('',#8217);
#8217 = CARTESIAN_POINT('',(-1.27,-8.636,2.54));
#8218 = LINE('',#8219,#8220);
#8219 = CARTESIAN_POINT('',(-1.27,-6.604,2.54));
#8220 = VECTOR('',#8221,1.);
#8221 = DIRECTION('',(0.,-1.,0.));
#8222 = ORIENTED_EDGE('',*,*,#8223,.T.);
#8223 = EDGE_CURVE('',#8216,#8224,#8226,.T.);
#8224 = VERTEX_POINT('',#8225);
#8225 = CARTESIAN_POINT('',(-1.016,-8.89,2.54));
#8226 = LINE('',#8227,#8228);
#8227 = CARTESIAN_POINT('',(-1.27,-8.636,2.54));
#8228 = VECTOR('',#8229,1.);
#8229 = DIRECTION('',(0.707106781187,-0.707106781187,0.));
#8230 = ORIENTED_EDGE('',*,*,#8231,.T.);
#8231 = EDGE_CURVE('',#8224,#8232,#8234,.T.);
#8232 = VERTEX_POINT('',#8233);
#8233 = CARTESIAN_POINT('',(1.016,-8.89,2.54));
#8234 = LINE('',#8235,#8236);
#8235 = CARTESIAN_POINT('',(-1.016,-8.89,2.54));
#8236 = VECTOR('',#8237,1.);
#8237 = DIRECTION('',(1.,0.,0.));
#8238 = ORIENTED_EDGE('',*,*,#8239,.T.);
#8239 = EDGE_CURVE('',#8232,#8240,#8242,.T.);
#8240 = VERTEX_POINT('',#8241);
#8241 = CARTESIAN_POINT('',(1.27,-8.636,2.54));
#8242 = LINE('',#8243,#8244);
#8243 = CARTESIAN_POINT('',(1.016,-8.89,2.54));
#8244 = VECTOR('',#8245,1.);
#8245 = DIRECTION('',(0.707106781187,0.707106781187,0.));
#8246 = ORIENTED_EDGE('',*,*,#8247,.T.);
#8247 = EDGE_CURVE('',#8240,#8248,#8250,.T.);
#8248 = VERTEX_POINT('',#8249);
#8249 = CARTESIAN_POINT('',(1.27,-6.604,2.54));
#8250 = LINE('',#8251,#8252);
#8251 = CARTESIAN_POINT('',(1.27,-8.636,2.54));
#8252 = VECTOR('',#8253,1.);
#8253 = DIRECTION('',(0.,1.,0.));
#8254 = ORIENTED_EDGE('',*,*,#8255,.T.);
#8255 = EDGE_CURVE('',#8248,#8256,#8258,.T.);
#8256 = VERTEX_POINT('',#8257);
#8257 = CARTESIAN_POINT('',(1.016,-6.35,2.54));
#8258 = LINE('',#8259,#8260);
#8259 = CARTESIAN_POINT('',(1.27,-6.604,2.54));
#8260 = VECTOR('',#8261,1.);
#8261 = DIRECTION('',(-0.707106781187,0.707106781187,0.));
#8262 = ORIENTED_EDGE('',*,*,#8263,.T.);
#8263 = EDGE_CURVE('',#8256,#8264,#8266,.T.);
#8264 = VERTEX_POINT('',#8265);
#8265 = CARTESIAN_POINT('',(1.27,-6.096,2.54));
#8266 = LINE('',#8267,#8268);
#8267 = CARTESIAN_POINT('',(1.016,-6.35,2.54));
#8268 = VECTOR('',#8269,1.);
#8269 = DIRECTION('',(0.707106781187,0.707106781187,0.));
#8270 = ORIENTED_EDGE('',*,*,#8271,.T.);
#8271 = EDGE_CURVE('',#8264,#8272,#8274,.T.);
#8272 = VERTEX_POINT('',#8273);
#8273 = CARTESIAN_POINT('',(1.27,-4.064,2.54));
#8274 = LINE('',#8275,#8276);
#8275 = CARTESIAN_POINT('',(1.27,-6.096,2.54));
#8276 = VECTOR('',#8277,1.);
#8277 = DIRECTION('',(0.,1.,0.));
#8278 = ORIENTED_EDGE('',*,*,#8279,.T.);
#8279 = EDGE_CURVE('',#8272,#8280,#8282,.T.);
#8280 = VERTEX_POINT('',#8281);
#8281 = CARTESIAN_POINT('',(1.016,-3.81,2.54));
#8282 = LINE('',#8283,#8284);
#8283 = CARTESIAN_POINT('',(1.27,-4.064,2.54));
#8284 = VECTOR('',#8285,1.);
#8285 = DIRECTION('',(-0.707106781187,0.707106781187,0.));
#8286 = ORIENTED_EDGE('',*,*,#8287,.T.);
#8287 = EDGE_CURVE('',#8280,#8288,#8290,.T.);
#8288 = VERTEX_POINT('',#8289);
#8289 = CARTESIAN_POINT('',(1.27,-3.556,2.54));
#8290 = LINE('',#8291,#8292);
#8291 = CARTESIAN_POINT('',(1.016,-3.81,2.54));
#8292 = VECTOR('',#8293,1.);
#8293 = DIRECTION('',(0.707106781187,0.707106781187,0.));
#8294 = ORIENTED_EDGE('',*,*,#8295,.T.);
#8295 = EDGE_CURVE('',#8288,#8296,#8298,.T.);
#8296 = VERTEX_POINT('',#8297);
#8297 = CARTESIAN_POINT('',(1.27,-1.524,2.54));
#8298 = LINE('',#8299,#8300);
#8299 = CARTESIAN_POINT('',(1.27,-3.556,2.54));
#8300 = VECTOR('',#8301,1.);
#8301 = DIRECTION('',(0.,1.,0.));
#8302 = ORIENTED_EDGE('',*,*,#8303,.T.);
#8303 = EDGE_CURVE('',#8296,#8304,#8306,.T.);
#8304 = VERTEX_POINT('',#8305);
#8305 = CARTESIAN_POINT('',(1.016,-1.27,2.54));
#8306 = LINE('',#8307,#8308);
#8307 = CARTESIAN_POINT('',(1.27,-1.524,2.54));
#8308 = VECTOR('',#8309,1.);
#8309 = DIRECTION('',(-0.707106781187,0.707106781187,0.));
#8310 = ORIENTED_EDGE('',*,*,#8311,.T.);
#8311 = EDGE_CURVE('',#8304,#8312,#8314,.T.);
#8312 = VERTEX_POINT('',#8313);
#8313 = CARTESIAN_POINT('',(1.27,-1.016,2.54));
#8314 = LINE('',#8315,#8316);
#8315 = CARTESIAN_POINT('',(1.016,-1.27,2.54));
#8316 = VECTOR('',#8317,1.);
#8317 = DIRECTION('',(0.707106781187,0.707106781187,0.));
#8318 = ORIENTED_EDGE('',*,*,#8319,.T.);
#8319 = EDGE_CURVE('',#8312,#8320,#8322,.T.);
#8320 = VERTEX_POINT('',#8321);
#8321 = CARTESIAN_POINT('',(1.27,1.016,2.54));
#8322 = LINE('',#8323,#8324);
#8323 = CARTESIAN_POINT('',(1.27,-1.016,2.54));
#8324 = VECTOR('',#8325,1.);
#8325 = DIRECTION('',(0.,1.,0.));
#8326 = ORIENTED_EDGE('',*,*,#8327,.T.);
#8327 = EDGE_CURVE('',#8320,#7761,#8328,.T.);
#8328 = LINE('',#8329,#8330);
#8329 = CARTESIAN_POINT('',(1.27,1.016,2.54));
#8330 = VECTOR('',#8331,1.);
#8331 = DIRECTION('',(-0.707106781187,0.707106781187,0.));
#8332 = ORIENTED_EDGE('',*,*,#7768,.T.);
#8333 = FACE_BOUND('',#8334,.T.);
#8334 = EDGE_LOOP('',(#8335,#8345,#8353,#8361));
#8335 = ORIENTED_EDGE('',*,*,#8336,.F.);
#8336 = EDGE_CURVE('',#8337,#8339,#8341,.T.);
#8337 = VERTEX_POINT('',#8338);
#8338 = CARTESIAN_POINT('',(0.32,-4.76,2.54));
#8339 = VERTEX_POINT('',#8340);
#8340 = CARTESIAN_POINT('',(-0.32,-4.76,2.54));
#8341 = LINE('',#8342,#8343);
#8342 = CARTESIAN_POINT('',(-0.16,-4.76,2.54));
#8343 = VECTOR('',#8344,1.);
#8344 = DIRECTION('',(-1.,0.,0.));
#8345 = ORIENTED_EDGE('',*,*,#8346,.F.);
#8346 = EDGE_CURVE('',#8347,#8337,#8349,.T.);
#8347 = VERTEX_POINT('',#8348);
#8348 = CARTESIAN_POINT('',(0.32,-5.4,2.54));
#8349 = LINE('',#8350,#8351);
#8350 = CARTESIAN_POINT('',(0.32,-4.605,2.54));
#8351 = VECTOR('',#8352,1.);
#8352 = DIRECTION('',(0.,1.,0.));
#8353 = ORIENTED_EDGE('',*,*,#8354,.T.);
#8354 = EDGE_CURVE('',#8347,#8355,#8357,.T.);
#8355 = VERTEX_POINT('',#8356);
#8356 = CARTESIAN_POINT('',(-0.32,-5.4,2.54));
#8357 = LINE('',#8358,#8359);
#8358 = CARTESIAN_POINT('',(-0.16,-5.4,2.54));
#8359 = VECTOR('',#8360,1.);
#8360 = DIRECTION('',(-1.,0.,0.));
#8361 = ORIENTED_EDGE('',*,*,#8362,.T.);
#8362 = EDGE_CURVE('',#8355,#8339,#8363,.T.);
#8363 = LINE('',#8364,#8365);
#8364 = CARTESIAN_POINT('',(-0.32,-4.605,2.54));
#8365 = VECTOR('',#8366,1.);
#8366 = DIRECTION('',(0.,1.,0.));
#8367 = FACE_BOUND('',#8368,.T.);
#8368 = EDGE_LOOP('',(#8369,#8379,#8387,#8395));
#8369 = ORIENTED_EDGE('',*,*,#8370,.F.);
#8370 = EDGE_CURVE('',#8371,#8373,#8375,.T.);
#8371 = VERTEX_POINT('',#8372);
#8372 = CARTESIAN_POINT('',(0.32,-7.94,2.54));
#8373 = VERTEX_POINT('',#8374);
#8374 = CARTESIAN_POINT('',(0.32,-7.3,2.54));
#8375 = LINE('',#8376,#8377);
#8376 = CARTESIAN_POINT('',(0.32,-5.875,2.54));
#8377 = VECTOR('',#8378,1.);
#8378 = DIRECTION('',(0.,1.,0.));
#8379 = ORIENTED_EDGE('',*,*,#8380,.T.);
#8380 = EDGE_CURVE('',#8371,#8381,#8383,.T.);
#8381 = VERTEX_POINT('',#8382);
#8382 = CARTESIAN_POINT('',(-0.32,-7.94,2.54));
#8383 = LINE('',#8384,#8385);
#8384 = CARTESIAN_POINT('',(-0.16,-7.94,2.54));
#8385 = VECTOR('',#8386,1.);
#8386 = DIRECTION('',(-1.,0.,0.));
#8387 = ORIENTED_EDGE('',*,*,#8388,.T.);
#8388 = EDGE_CURVE('',#8381,#8389,#8391,.T.);
#8389 = VERTEX_POINT('',#8390);
#8390 = CARTESIAN_POINT('',(-0.32,-7.3,2.54));
#8391 = LINE('',#8392,#8393);
#8392 = CARTESIAN_POINT('',(-0.32,-5.875,2.54));
#8393 = VECTOR('',#8394,1.);
#8394 = DIRECTION('',(0.,1.,0.));
#8395 = ORIENTED_EDGE('',*,*,#8396,.F.);
#8396 = EDGE_CURVE('',#8373,#8389,#8397,.T.);
#8397 = LINE('',#8398,#8399);
#8398 = CARTESIAN_POINT('',(-0.16,-7.3,2.54));
#8399 = VECTOR('',#8400,1.);
#8400 = DIRECTION('',(-1.,0.,0.));
#8401 = FACE_BOUND('',#8402,.T.);
#8402 = EDGE_LOOP('',(#8403,#8413,#8421,#8429));
#8403 = ORIENTED_EDGE('',*,*,#8404,.F.);
#8404 = EDGE_CURVE('',#8405,#8407,#8409,.T.);
#8405 = VERTEX_POINT('',#8406);
#8406 = CARTESIAN_POINT('',(0.32,-0.32,2.54));
#8407 = VERTEX_POINT('',#8408);
#8408 = CARTESIAN_POINT('',(0.32,0.32,2.54));
#8409 = LINE('',#8410,#8411);
#8410 = CARTESIAN_POINT('',(0.32,-2.065,2.54));
#8411 = VECTOR('',#8412,1.);
#8412 = DIRECTION('',(0.,1.,0.));
#8413 = ORIENTED_EDGE('',*,*,#8414,.T.);
#8414 = EDGE_CURVE('',#8405,#8415,#8417,.T.);
#8415 = VERTEX_POINT('',#8416);
#8416 = CARTESIAN_POINT('',(-0.32,-0.32,2.54));
#8417 = LINE('',#8418,#8419);
#8418 = CARTESIAN_POINT('',(-0.16,-0.32,2.54));
#8419 = VECTOR('',#8420,1.);
#8420 = DIRECTION('',(-1.,0.,0.));
#8421 = ORIENTED_EDGE('',*,*,#8422,.T.);
#8422 = EDGE_CURVE('',#8415,#8423,#8425,.T.);
#8423 = VERTEX_POINT('',#8424);
#8424 = CARTESIAN_POINT('',(-0.32,0.32,2.54));
#8425 = LINE('',#8426,#8427);
#8426 = CARTESIAN_POINT('',(-0.32,-2.065,2.54));
#8427 = VECTOR('',#8428,1.);
#8428 = DIRECTION('',(0.,1.,0.));
#8429 = ORIENTED_EDGE('',*,*,#8430,.F.);
#8430 = EDGE_CURVE('',#8407,#8423,#8431,.T.);
#8431 = LINE('',#8432,#8433);
#8432 = CARTESIAN_POINT('',(-0.16,0.32,2.54));
#8433 = VECTOR('',#8434,1.);
#8434 = DIRECTION('',(-1.,0.,0.));
#8435 = FACE_BOUND('',#8436,.T.);
#8436 = EDGE_LOOP('',(#8437,#8447,#8455,#8463));
#8437 = ORIENTED_EDGE('',*,*,#8438,.F.);
#8438 = EDGE_CURVE('',#8439,#8441,#8443,.T.);
#8439 = VERTEX_POINT('',#8440);
#8440 = CARTESIAN_POINT('',(0.32,-2.22,2.54));
#8441 = VERTEX_POINT('',#8442);
#8442 = CARTESIAN_POINT('',(-0.32,-2.22,2.54));
#8443 = LINE('',#8444,#8445);
#8444 = CARTESIAN_POINT('',(-0.16,-2.22,2.54));
#8445 = VECTOR('',#8446,1.);
#8446 = DIRECTION('',(-1.,0.,0.));
#8447 = ORIENTED_EDGE('',*,*,#8448,.F.);
#8448 = EDGE_CURVE('',#8449,#8439,#8451,.T.);
#8449 = VERTEX_POINT('',#8450);
#8450 = CARTESIAN_POINT('',(0.32,-2.86,2.54));
#8451 = LINE('',#8452,#8453);
#8452 = CARTESIAN_POINT('',(0.32,-3.335,2.54));
#8453 = VECTOR('',#8454,1.);
#8454 = DIRECTION('',(0.,1.,0.));
#8455 = ORIENTED_EDGE('',*,*,#8456,.T.);
#8456 = EDGE_CURVE('',#8449,#8457,#8459,.T.);
#8457 = VERTEX_POINT('',#8458);
#8458 = CARTESIAN_POINT('',(-0.32,-2.86,2.54));
#8459 = LINE('',#8460,#8461);
#8460 = CARTESIAN_POINT('',(-0.16,-2.86,2.54));
#8461 = VECTOR('',#8462,1.);
#8462 = DIRECTION('',(-1.,0.,0.));
#8463 = ORIENTED_EDGE('',*,*,#8464,.T.);
#8464 = EDGE_CURVE('',#8457,#8441,#8465,.T.);
#8465 = LINE('',#8466,#8467);
#8466 = CARTESIAN_POINT('',(-0.32,-3.335,2.54));
#8467 = VECTOR('',#8468,1.);
#8468 = DIRECTION('',(0.,1.,0.));
#8469 = PLANE('',#8470);
#8470 = AXIS2_PLACEMENT_3D('',#8471,#8472,#8473);
#8471 = CARTESIAN_POINT('',(4.259053689278E-17,-3.81,2.54));
#8472 = DIRECTION('',(0.,0.,1.));
#8473 = DIRECTION('',(1.,0.,-0.));
#8474 = ADVANCED_FACE('',(#8475),#8486,.F.);
#8475 = FACE_BOUND('',#8476,.F.);
#8476 = EDGE_LOOP('',(#8477,#8483,#8484,#8485));
#8477 = ORIENTED_EDGE('',*,*,#8478,.T.);
#8478 = EDGE_CURVE('',#7991,#8320,#8479,.T.);
#8479 = LINE('',#8480,#8481);
#8480 = CARTESIAN_POINT('',(1.27,1.016,0.));
#8481 = VECTOR('',#8482,1.);
#8482 = DIRECTION('',(0.,0.,1.));
#8483 = ORIENTED_EDGE('',*,*,#8327,.T.);
#8484 = ORIENTED_EDGE('',*,*,#7758,.F.);
#8485 = ORIENTED_EDGE('',*,*,#7998,.F.);
#8486 = PLANE('',#8487);
#8487 = AXIS2_PLACEMENT_3D('',#8488,#8489,#8490);
#8488 = CARTESIAN_POINT('',(1.27,1.016,0.));
#8489 = DIRECTION('',(-0.707106781187,-0.707106781187,0.));
#8490 = DIRECTION('',(-0.707106781187,0.707106781187,0.));
#8491 = ADVANCED_FACE('',(#8492),#8503,.F.);
#8492 = FACE_BOUND('',#8493,.F.);
#8493 = EDGE_LOOP('',(#8494,#8495,#8496,#8502));
#8494 = ORIENTED_EDGE('',*,*,#7798,.T.);
#8495 = ORIENTED_EDGE('',*,*,#8151,.T.);
#8496 = ORIENTED_EDGE('',*,*,#8497,.F.);
#8497 = EDGE_CURVE('',#7823,#8152,#8498,.T.);
#8498 = LINE('',#8499,#8500);
#8499 = CARTESIAN_POINT('',(-1.016,-1.27,0.));
#8500 = VECTOR('',#8501,1.);
#8501 = DIRECTION('',(0.,0.,1.));
#8502 = ORIENTED_EDGE('',*,*,#7822,.F.);
#8503 = PLANE('',#8504);
#8504 = AXIS2_PLACEMENT_3D('',#8505,#8506,#8507);
#8505 = CARTESIAN_POINT('',(-1.27,-1.016,0.));
#8506 = DIRECTION('',(0.707106781187,0.707106781187,0.));
#8507 = DIRECTION('',(0.707106781187,-0.707106781187,0.));
#8508 = ADVANCED_FACE('',(#8509),#8520,.F.);
#8509 = FACE_BOUND('',#8510,.F.);
#8510 = EDGE_LOOP('',(#8511,#8517,#8518,#8519));
#8511 = ORIENTED_EDGE('',*,*,#8512,.T.);
#8512 = EDGE_CURVE('',#7983,#8312,#8513,.T.);
#8513 = LINE('',#8514,#8515);
#8514 = CARTESIAN_POINT('',(1.27,-1.016,0.));
#8515 = VECTOR('',#8516,1.);
#8516 = DIRECTION('',(0.,0.,1.));
#8517 = ORIENTED_EDGE('',*,*,#8319,.T.);
#8518 = ORIENTED_EDGE('',*,*,#8478,.F.);
#8519 = ORIENTED_EDGE('',*,*,#7990,.F.);
#8520 = PLANE('',#8521);
#8521 = AXIS2_PLACEMENT_3D('',#8522,#8523,#8524);
#8522 = CARTESIAN_POINT('',(1.27,-1.016,0.));
#8523 = DIRECTION('',(-1.,0.,0.));
#8524 = DIRECTION('',(0.,1.,0.));
#8525 = ADVANCED_FACE('',(#8526),#8537,.F.);
#8526 = FACE_BOUND('',#8527,.F.);
#8527 = EDGE_LOOP('',(#8528,#8529,#8530,#8536));
#8528 = ORIENTED_EDGE('',*,*,#8497,.T.);
#8529 = ORIENTED_EDGE('',*,*,#8159,.T.);
#8530 = ORIENTED_EDGE('',*,*,#8531,.F.);
#8531 = EDGE_CURVE('',#7831,#8160,#8532,.T.);
#8532 = LINE('',#8533,#8534);
#8533 = CARTESIAN_POINT('',(-1.27,-1.524,0.));
#8534 = VECTOR('',#8535,1.);
#8535 = DIRECTION('',(0.,0.,1.));
#8536 = ORIENTED_EDGE('',*,*,#7830,.F.);
#8537 = PLANE('',#8538);
#8538 = AXIS2_PLACEMENT_3D('',#8539,#8540,#8541);
#8539 = CARTESIAN_POINT('',(-1.016,-1.27,0.));
#8540 = DIRECTION('',(0.707106781187,-0.707106781187,0.));
#8541 = DIRECTION('',(-0.707106781187,-0.707106781187,0.));
#8542 = ADVANCED_FACE('',(#8543),#8554,.F.);
#8543 = FACE_BOUND('',#8544,.F.);
#8544 = EDGE_LOOP('',(#8545,#8551,#8552,#8553));
#8545 = ORIENTED_EDGE('',*,*,#8546,.T.);
#8546 = EDGE_CURVE('',#7975,#8304,#8547,.T.);
#8547 = LINE('',#8548,#8549);
#8548 = CARTESIAN_POINT('',(1.016,-1.27,0.));
#8549 = VECTOR('',#8550,1.);
#8550 = DIRECTION('',(0.,0.,1.));
#8551 = ORIENTED_EDGE('',*,*,#8311,.T.);
#8552 = ORIENTED_EDGE('',*,*,#8512,.F.);
#8553 = ORIENTED_EDGE('',*,*,#7982,.F.);
#8554 = PLANE('',#8555);
#8555 = AXIS2_PLACEMENT_3D('',#8556,#8557,#8558);
#8556 = CARTESIAN_POINT('',(1.016,-1.27,0.));
#8557 = DIRECTION('',(-0.707106781187,0.707106781187,0.));
#8558 = DIRECTION('',(0.707106781187,0.707106781187,0.));
#8559 = ADVANCED_FACE('',(#8560),#8571,.F.);
#8560 = FACE_BOUND('',#8561,.F.);
#8561 = EDGE_LOOP('',(#8562,#8563,#8564,#8570));
#8562 = ORIENTED_EDGE('',*,*,#8531,.T.);
#8563 = ORIENTED_EDGE('',*,*,#8167,.T.);
#8564 = ORIENTED_EDGE('',*,*,#8565,.F.);
#8565 = EDGE_CURVE('',#7839,#8168,#8566,.T.);
#8566 = LINE('',#8567,#8568);
#8567 = CARTESIAN_POINT('',(-1.27,-3.556,0.));
#8568 = VECTOR('',#8569,1.);
#8569 = DIRECTION('',(0.,0.,1.));
#8570 = ORIENTED_EDGE('',*,*,#7838,.F.);
#8571 = PLANE('',#8572);
#8572 = AXIS2_PLACEMENT_3D('',#8573,#8574,#8575);
#8573 = CARTESIAN_POINT('',(-1.27,-1.524,0.));
#8574 = DIRECTION('',(1.,0.,0.));
#8575 = DIRECTION('',(0.,-1.,0.));
#8576 = ADVANCED_FACE('',(#8577),#8588,.F.);
#8577 = FACE_BOUND('',#8578,.F.);
#8578 = EDGE_LOOP('',(#8579,#8585,#8586,#8587));
#8579 = ORIENTED_EDGE('',*,*,#8580,.T.);
#8580 = EDGE_CURVE('',#7967,#8296,#8581,.T.);
#8581 = LINE('',#8582,#8583);
#8582 = CARTESIAN_POINT('',(1.27,-1.524,0.));
#8583 = VECTOR('',#8584,1.);
#8584 = DIRECTION('',(0.,0.,1.));
#8585 = ORIENTED_EDGE('',*,*,#8303,.T.);
#8586 = ORIENTED_EDGE('',*,*,#8546,.F.);
#8587 = ORIENTED_EDGE('',*,*,#7974,.F.);
#8588 = PLANE('',#8589);
#8589 = AXIS2_PLACEMENT_3D('',#8590,#8591,#8592);
#8590 = CARTESIAN_POINT('',(1.27,-1.524,0.));
#8591 = DIRECTION('',(-0.707106781187,-0.707106781187,0.));
#8592 = DIRECTION('',(-0.707106781187,0.707106781187,0.));
#8593 = ADVANCED_FACE('',(#8594),#8605,.F.);
#8594 = FACE_BOUND('',#8595,.F.);
#8595 = EDGE_LOOP('',(#8596,#8597,#8598,#8604));
#8596 = ORIENTED_EDGE('',*,*,#8565,.T.);
#8597 = ORIENTED_EDGE('',*,*,#8175,.T.);
#8598 = ORIENTED_EDGE('',*,*,#8599,.F.);
#8599 = EDGE_CURVE('',#7847,#8176,#8600,.T.);
#8600 = LINE('',#8601,#8602);
#8601 = CARTESIAN_POINT('',(-1.016,-3.81,0.));
#8602 = VECTOR('',#8603,1.);
#8603 = DIRECTION('',(0.,0.,1.));
#8604 = ORIENTED_EDGE('',*,*,#7846,.F.);
#8605 = PLANE('',#8606);
#8606 = AXIS2_PLACEMENT_3D('',#8607,#8608,#8609);
#8607 = CARTESIAN_POINT('',(-1.27,-3.556,0.));
#8608 = DIRECTION('',(0.707106781187,0.707106781187,0.));
#8609 = DIRECTION('',(0.707106781187,-0.707106781187,0.));
#8610 = ADVANCED_FACE('',(#8611),#8622,.F.);
#8611 = FACE_BOUND('',#8612,.F.);
#8612 = EDGE_LOOP('',(#8613,#8619,#8620,#8621));
#8613 = ORIENTED_EDGE('',*,*,#8614,.T.);
#8614 = EDGE_CURVE('',#7959,#8288,#8615,.T.);
#8615 = LINE('',#8616,#8617);
#8616 = CARTESIAN_POINT('',(1.27,-3.556,0.));
#8617 = VECTOR('',#8618,1.);
#8618 = DIRECTION('',(0.,0.,1.));
#8619 = ORIENTED_EDGE('',*,*,#8295,.T.);
#8620 = ORIENTED_EDGE('',*,*,#8580,.F.);
#8621 = ORIENTED_EDGE('',*,*,#7966,.F.);
#8622 = PLANE('',#8623);
#8623 = AXIS2_PLACEMENT_3D('',#8624,#8625,#8626);
#8624 = CARTESIAN_POINT('',(1.27,-3.556,0.));
#8625 = DIRECTION('',(-1.,0.,0.));
#8626 = DIRECTION('',(0.,1.,0.));
#8627 = ADVANCED_FACE('',(#8628),#8639,.F.);
#8628 = FACE_BOUND('',#8629,.F.);
#8629 = EDGE_LOOP('',(#8630,#8631,#8632,#8638));
#8630 = ORIENTED_EDGE('',*,*,#8599,.T.);
#8631 = ORIENTED_EDGE('',*,*,#8183,.T.);
#8632 = ORIENTED_EDGE('',*,*,#8633,.F.);
#8633 = EDGE_CURVE('',#7855,#8184,#8634,.T.);
#8634 = LINE('',#8635,#8636);
#8635 = CARTESIAN_POINT('',(-1.27,-4.064,0.));
#8636 = VECTOR('',#8637,1.);
#8637 = DIRECTION('',(0.,0.,1.));
#8638 = ORIENTED_EDGE('',*,*,#7854,.F.);
#8639 = PLANE('',#8640);
#8640 = AXIS2_PLACEMENT_3D('',#8641,#8642,#8643);
#8641 = CARTESIAN_POINT('',(-1.016,-3.81,0.));
#8642 = DIRECTION('',(0.707106781187,-0.707106781187,0.));
#8643 = DIRECTION('',(-0.707106781187,-0.707106781187,0.));
#8644 = ADVANCED_FACE('',(#8645),#8656,.F.);
#8645 = FACE_BOUND('',#8646,.F.);
#8646 = EDGE_LOOP('',(#8647,#8653,#8654,#8655));
#8647 = ORIENTED_EDGE('',*,*,#8648,.T.);
#8648 = EDGE_CURVE('',#7951,#8280,#8649,.T.);
#8649 = LINE('',#8650,#8651);
#8650 = CARTESIAN_POINT('',(1.016,-3.81,0.));
#8651 = VECTOR('',#8652,1.);
#8652 = DIRECTION('',(0.,0.,1.));
#8653 = ORIENTED_EDGE('',*,*,#8287,.T.);
#8654 = ORIENTED_EDGE('',*,*,#8614,.F.);
#8655 = ORIENTED_EDGE('',*,*,#7958,.F.);
#8656 = PLANE('',#8657);
#8657 = AXIS2_PLACEMENT_3D('',#8658,#8659,#8660);
#8658 = CARTESIAN_POINT('',(1.016,-3.81,0.));
#8659 = DIRECTION('',(-0.707106781187,0.707106781187,0.));
#8660 = DIRECTION('',(0.707106781187,0.707106781187,0.));
#8661 = ADVANCED_FACE('',(#8662),#8673,.F.);
#8662 = FACE_BOUND('',#8663,.F.);
#8663 = EDGE_LOOP('',(#8664,#8665,#8666,#8672));
#8664 = ORIENTED_EDGE('',*,*,#8633,.T.);
#8665 = ORIENTED_EDGE('',*,*,#8191,.T.);
#8666 = ORIENTED_EDGE('',*,*,#8667,.F.);
#8667 = EDGE_CURVE('',#7863,#8192,#8668,.T.);
#8668 = LINE('',#8669,#8670);
#8669 = CARTESIAN_POINT('',(-1.27,-6.096,0.));
#8670 = VECTOR('',#8671,1.);
#8671 = DIRECTION('',(0.,0.,1.));
#8672 = ORIENTED_EDGE('',*,*,#7862,.F.);
#8673 = PLANE('',#8674);
#8674 = AXIS2_PLACEMENT_3D('',#8675,#8676,#8677);
#8675 = CARTESIAN_POINT('',(-1.27,-4.064,0.));
#8676 = DIRECTION('',(1.,0.,0.));
#8677 = DIRECTION('',(0.,-1.,0.));
#8678 = ADVANCED_FACE('',(#8679),#8690,.F.);
#8679 = FACE_BOUND('',#8680,.F.);
#8680 = EDGE_LOOP('',(#8681,#8687,#8688,#8689));
#8681 = ORIENTED_EDGE('',*,*,#8682,.T.);
#8682 = EDGE_CURVE('',#7943,#8272,#8683,.T.);
#8683 = LINE('',#8684,#8685);
#8684 = CARTESIAN_POINT('',(1.27,-4.064,0.));
#8685 = VECTOR('',#8686,1.);
#8686 = DIRECTION('',(0.,0.,1.));
#8687 = ORIENTED_EDGE('',*,*,#8279,.T.);
#8688 = ORIENTED_EDGE('',*,*,#8648,.F.);
#8689 = ORIENTED_EDGE('',*,*,#7950,.F.);
#8690 = PLANE('',#8691);
#8691 = AXIS2_PLACEMENT_3D('',#8692,#8693,#8694);
#8692 = CARTESIAN_POINT('',(1.27,-4.064,0.));
#8693 = DIRECTION('',(-0.707106781187,-0.707106781187,0.));
#8694 = DIRECTION('',(-0.707106781187,0.707106781187,0.));
#8695 = ADVANCED_FACE('',(#8696),#8707,.F.);
#8696 = FACE_BOUND('',#8697,.F.);
#8697 = EDGE_LOOP('',(#8698,#8699,#8700,#8706));
#8698 = ORIENTED_EDGE('',*,*,#8667,.T.);
#8699 = ORIENTED_EDGE('',*,*,#8199,.T.);
#8700 = ORIENTED_EDGE('',*,*,#8701,.F.);
#8701 = EDGE_CURVE('',#7871,#8200,#8702,.T.);
#8702 = LINE('',#8703,#8704);
#8703 = CARTESIAN_POINT('',(-1.016,-6.35,0.));
#8704 = VECTOR('',#8705,1.);
#8705 = DIRECTION('',(0.,0.,1.));
#8706 = ORIENTED_EDGE('',*,*,#7870,.F.);
#8707 = PLANE('',#8708);
#8708 = AXIS2_PLACEMENT_3D('',#8709,#8710,#8711);
#8709 = CARTESIAN_POINT('',(-1.27,-6.096,0.));
#8710 = DIRECTION('',(0.707106781187,0.707106781187,0.));
#8711 = DIRECTION('',(0.707106781187,-0.707106781187,0.));
#8712 = ADVANCED_FACE('',(#8713),#8724,.F.);
#8713 = FACE_BOUND('',#8714,.F.);
#8714 = EDGE_LOOP('',(#8715,#8721,#8722,#8723));
#8715 = ORIENTED_EDGE('',*,*,#8716,.T.);
#8716 = EDGE_CURVE('',#7935,#8264,#8717,.T.);
#8717 = LINE('',#8718,#8719);
#8718 = CARTESIAN_POINT('',(1.27,-6.096,0.));
#8719 = VECTOR('',#8720,1.);
#8720 = DIRECTION('',(0.,0.,1.));
#8721 = ORIENTED_EDGE('',*,*,#8271,.T.);
#8722 = ORIENTED_EDGE('',*,*,#8682,.F.);
#8723 = ORIENTED_EDGE('',*,*,#7942,.F.);
#8724 = PLANE('',#8725);
#8725 = AXIS2_PLACEMENT_3D('',#8726,#8727,#8728);
#8726 = CARTESIAN_POINT('',(1.27,-6.096,0.));
#8727 = DIRECTION('',(-1.,0.,0.));
#8728 = DIRECTION('',(0.,1.,0.));
#8729 = ADVANCED_FACE('',(#8730),#8741,.F.);
#8730 = FACE_BOUND('',#8731,.F.);
#8731 = EDGE_LOOP('',(#8732,#8733,#8734,#8740));
#8732 = ORIENTED_EDGE('',*,*,#8701,.T.);
#8733 = ORIENTED_EDGE('',*,*,#8207,.T.);
#8734 = ORIENTED_EDGE('',*,*,#8735,.F.);
#8735 = EDGE_CURVE('',#7879,#8208,#8736,.T.);
#8736 = LINE('',#8737,#8738);
#8737 = CARTESIAN_POINT('',(-1.27,-6.604,0.));
#8738 = VECTOR('',#8739,1.);
#8739 = DIRECTION('',(0.,0.,1.));
#8740 = ORIENTED_EDGE('',*,*,#7878,.F.);
#8741 = PLANE('',#8742);
#8742 = AXIS2_PLACEMENT_3D('',#8743,#8744,#8745);
#8743 = CARTESIAN_POINT('',(-1.016,-6.35,0.));
#8744 = DIRECTION('',(0.707106781187,-0.707106781187,0.));
#8745 = DIRECTION('',(-0.707106781187,-0.707106781187,0.));
#8746 = ADVANCED_FACE('',(#8747),#8758,.F.);
#8747 = FACE_BOUND('',#8748,.F.);
#8748 = EDGE_LOOP('',(#8749,#8755,#8756,#8757));
#8749 = ORIENTED_EDGE('',*,*,#8750,.T.);
#8750 = EDGE_CURVE('',#7927,#8256,#8751,.T.);
#8751 = LINE('',#8752,#8753);
#8752 = CARTESIAN_POINT('',(1.016,-6.35,0.));
#8753 = VECTOR('',#8754,1.);
#8754 = DIRECTION('',(0.,0.,1.));
#8755 = ORIENTED_EDGE('',*,*,#8263,.T.);
#8756 = ORIENTED_EDGE('',*,*,#8716,.F.);
#8757 = ORIENTED_EDGE('',*,*,#7934,.F.);
#8758 = PLANE('',#8759);
#8759 = AXIS2_PLACEMENT_3D('',#8760,#8761,#8762);
#8760 = CARTESIAN_POINT('',(1.016,-6.35,0.));
#8761 = DIRECTION('',(-0.707106781187,0.707106781187,0.));
#8762 = DIRECTION('',(0.707106781187,0.707106781187,0.));
#8763 = ADVANCED_FACE('',(#8764),#8775,.F.);
#8764 = FACE_BOUND('',#8765,.F.);
#8765 = EDGE_LOOP('',(#8766,#8767,#8768,#8774));
#8766 = ORIENTED_EDGE('',*,*,#8735,.T.);
#8767 = ORIENTED_EDGE('',*,*,#8215,.T.);
#8768 = ORIENTED_EDGE('',*,*,#8769,.F.);
#8769 = EDGE_CURVE('',#7887,#8216,#8770,.T.);
#8770 = LINE('',#8771,#8772);
#8771 = CARTESIAN_POINT('',(-1.27,-8.636,0.));
#8772 = VECTOR('',#8773,1.);
#8773 = DIRECTION('',(0.,0.,1.));
#8774 = ORIENTED_EDGE('',*,*,#7886,.F.);
#8775 = PLANE('',#8776);
#8776 = AXIS2_PLACEMENT_3D('',#8777,#8778,#8779);
#8777 = CARTESIAN_POINT('',(-1.27,-6.604,0.));
#8778 = DIRECTION('',(1.,0.,0.));
#8779 = DIRECTION('',(0.,-1.,0.));
#8780 = ADVANCED_FACE('',(#8781),#8792,.F.);
#8781 = FACE_BOUND('',#8782,.F.);
#8782 = EDGE_LOOP('',(#8783,#8789,#8790,#8791));
#8783 = ORIENTED_EDGE('',*,*,#8784,.T.);
#8784 = EDGE_CURVE('',#7919,#8248,#8785,.T.);
#8785 = LINE('',#8786,#8787);
#8786 = CARTESIAN_POINT('',(1.27,-6.604,0.));
#8787 = VECTOR('',#8788,1.);
#8788 = DIRECTION('',(0.,0.,1.));
#8789 = ORIENTED_EDGE('',*,*,#8255,.T.);
#8790 = ORIENTED_EDGE('',*,*,#8750,.F.);
#8791 = ORIENTED_EDGE('',*,*,#7926,.F.);
#8792 = PLANE('',#8793);
#8793 = AXIS2_PLACEMENT_3D('',#8794,#8795,#8796);
#8794 = CARTESIAN_POINT('',(1.27,-6.604,0.));
#8795 = DIRECTION('',(-0.707106781187,-0.707106781187,0.));
#8796 = DIRECTION('',(-0.707106781187,0.707106781187,0.));
#8797 = ADVANCED_FACE('',(#8798),#8809,.F.);
#8798 = FACE_BOUND('',#8799,.F.);
#8799 = EDGE_LOOP('',(#8800,#8801,#8802,#8808));
#8800 = ORIENTED_EDGE('',*,*,#8769,.T.);
#8801 = ORIENTED_EDGE('',*,*,#8223,.T.);
#8802 = ORIENTED_EDGE('',*,*,#8803,.F.);
#8803 = EDGE_CURVE('',#7895,#8224,#8804,.T.);
#8804 = LINE('',#8805,#8806);
#8805 = CARTESIAN_POINT('',(-1.016,-8.89,0.));
#8806 = VECTOR('',#8807,1.);
#8807 = DIRECTION('',(0.,0.,1.));
#8808 = ORIENTED_EDGE('',*,*,#7894,.F.);
#8809 = PLANE('',#8810);
#8810 = AXIS2_PLACEMENT_3D('',#8811,#8812,#8813);
#8811 = CARTESIAN_POINT('',(-1.27,-8.636,0.));
#8812 = DIRECTION('',(0.707106781187,0.707106781187,0.));
#8813 = DIRECTION('',(0.707106781187,-0.707106781187,0.));
#8814 = ADVANCED_FACE('',(#8815),#8826,.F.);
#8815 = FACE_BOUND('',#8816,.F.);
#8816 = EDGE_LOOP('',(#8817,#8823,#8824,#8825));
#8817 = ORIENTED_EDGE('',*,*,#8818,.T.);
#8818 = EDGE_CURVE('',#7911,#8240,#8819,.T.);
#8819 = LINE('',#8820,#8821);
#8820 = CARTESIAN_POINT('',(1.27,-8.636,0.));
#8821 = VECTOR('',#8822,1.);
#8822 = DIRECTION('',(0.,0.,1.));
#8823 = ORIENTED_EDGE('',*,*,#8247,.T.);
#8824 = ORIENTED_EDGE('',*,*,#8784,.F.);
#8825 = ORIENTED_EDGE('',*,*,#7918,.F.);
#8826 = PLANE('',#8827);
#8827 = AXIS2_PLACEMENT_3D('',#8828,#8829,#8830);
#8828 = CARTESIAN_POINT('',(1.27,-8.636,0.));
#8829 = DIRECTION('',(-1.,0.,0.));
#8830 = DIRECTION('',(0.,1.,0.));
#8831 = ADVANCED_FACE('',(#8832),#8843,.F.);
#8832 = FACE_BOUND('',#8833,.F.);
#8833 = EDGE_LOOP('',(#8834,#8835,#8836,#8842));
#8834 = ORIENTED_EDGE('',*,*,#8803,.T.);
#8835 = ORIENTED_EDGE('',*,*,#8231,.T.);
#8836 = ORIENTED_EDGE('',*,*,#8837,.F.);
#8837 = EDGE_CURVE('',#7903,#8232,#8838,.T.);
#8838 = LINE('',#8839,#8840);
#8839 = CARTESIAN_POINT('',(1.016,-8.89,0.));
#8840 = VECTOR('',#8841,1.);
#8841 = DIRECTION('',(0.,0.,1.));
#8842 = ORIENTED_EDGE('',*,*,#7902,.F.);
#8843 = PLANE('',#8844);
#8844 = AXIS2_PLACEMENT_3D('',#8845,#8846,#8847);
#8845 = CARTESIAN_POINT('',(-1.016,-8.89,0.));
#8846 = DIRECTION('',(0.,1.,0.));
#8847 = DIRECTION('',(1.,0.,0.));
#8848 = ADVANCED_FACE('',(#8849),#8855,.F.);
#8849 = FACE_BOUND('',#8850,.F.);
#8850 = EDGE_LOOP('',(#8851,#8852,#8853,#8854));
#8851 = ORIENTED_EDGE('',*,*,#8837,.T.);
#8852 = ORIENTED_EDGE('',*,*,#8239,.T.);
#8853 = ORIENTED_EDGE('',*,*,#8818,.F.);
#8854 = ORIENTED_EDGE('',*,*,#7910,.F.);
#8855 = PLANE('',#8856);
#8856 = AXIS2_PLACEMENT_3D('',#8857,#8858,#8859);
#8857 = CARTESIAN_POINT('',(1.016,-8.89,0.));
#8858 = DIRECTION('',(-0.707106781187,0.707106781187,0.));
#8859 = DIRECTION('',(0.707106781187,0.707106781187,0.));
#8860 = ADVANCED_FACE('',(#8861),#8886,.T.);
#8861 = FACE_BOUND('',#8862,.T.);
#8862 = EDGE_LOOP('',(#8863,#8871,#8879,#8885));
#8863 = ORIENTED_EDGE('',*,*,#8864,.F.);
#8864 = EDGE_CURVE('',#8865,#8008,#8867,.T.);
#8865 = VERTEX_POINT('',#8866);
#8866 = CARTESIAN_POINT('',(0.32,-4.76,-2.84));
#8867 = LINE('',#8868,#8869);
#8868 = CARTESIAN_POINT('',(0.32,-4.76,-3.));
#8869 = VECTOR('',#8870,1.);
#8870 = DIRECTION('',(0.,0.,1.));
#8871 = ORIENTED_EDGE('',*,*,#8872,.F.);
#8872 = EDGE_CURVE('',#8873,#8865,#8875,.T.);
#8873 = VERTEX_POINT('',#8874);
#8874 = CARTESIAN_POINT('',(-0.32,-4.76,-2.84));
#8875 = LINE('',#8876,#8877);
#8876 = CARTESIAN_POINT('',(-0.32,-4.76,-2.84));
#8877 = VECTOR('',#8878,1.);
#8878 = DIRECTION('',(1.,0.,0.));
#8879 = ORIENTED_EDGE('',*,*,#8880,.T.);
#8880 = EDGE_CURVE('',#8873,#8010,#8881,.T.);
#8881 = LINE('',#8882,#8883);
#8882 = CARTESIAN_POINT('',(-0.32,-4.76,-3.));
#8883 = VECTOR('',#8884,1.);
#8884 = DIRECTION('',(0.,0.,1.));
#8885 = ORIENTED_EDGE('',*,*,#8007,.F.);
#8886 = PLANE('',#8887);
#8887 = AXIS2_PLACEMENT_3D('',#8888,#8889,#8890);
#8888 = CARTESIAN_POINT('',(-0.32,-4.76,-3.));
#8889 = DIRECTION('',(0.,1.,0.));
#8890 = DIRECTION('',(0.,-0.,1.));
#8891 = ADVANCED_FACE('',(#8892),#8910,.F.);
#8892 = FACE_BOUND('',#8893,.F.);
#8893 = EDGE_LOOP('',(#8894,#8902,#8908,#8909));
#8894 = ORIENTED_EDGE('',*,*,#8895,.F.);
#8895 = EDGE_CURVE('',#8896,#8026,#8898,.T.);
#8896 = VERTEX_POINT('',#8897);
#8897 = CARTESIAN_POINT('',(-0.32,-5.4,-2.84));
#8898 = LINE('',#8899,#8900);
#8899 = CARTESIAN_POINT('',(-0.32,-5.4,-3.));
#8900 = VECTOR('',#8901,1.);
#8901 = DIRECTION('',(0.,0.,1.));
#8902 = ORIENTED_EDGE('',*,*,#8903,.T.);
#8903 = EDGE_CURVE('',#8896,#8873,#8904,.T.);
#8904 = LINE('',#8905,#8906);
#8905 = CARTESIAN_POINT('',(-0.32,-5.4,-2.84));
#8906 = VECTOR('',#8907,1.);
#8907 = DIRECTION('',(0.,1.,0.));
#8908 = ORIENTED_EDGE('',*,*,#8880,.T.);
#8909 = ORIENTED_EDGE('',*,*,#8033,.F.);
#8910 = PLANE('',#8911);
#8911 = AXIS2_PLACEMENT_3D('',#8912,#8913,#8914);
#8912 = CARTESIAN_POINT('',(-0.32,-5.4,-3.));
#8913 = DIRECTION('',(1.,0.,0.));
#8914 = DIRECTION('',(0.,0.,1.));
#8915 = ADVANCED_FACE('',(#8916),#8934,.F.);
#8916 = FACE_BOUND('',#8917,.F.);
#8917 = EDGE_LOOP('',(#8918,#8926,#8932,#8933));
#8918 = ORIENTED_EDGE('',*,*,#8919,.F.);
#8919 = EDGE_CURVE('',#8920,#8018,#8922,.T.);
#8920 = VERTEX_POINT('',#8921);
#8921 = CARTESIAN_POINT('',(0.32,-5.4,-2.84));
#8922 = LINE('',#8923,#8924);
#8923 = CARTESIAN_POINT('',(0.32,-5.4,-3.));
#8924 = VECTOR('',#8925,1.);
#8925 = DIRECTION('',(0.,0.,1.));
#8926 = ORIENTED_EDGE('',*,*,#8927,.F.);
#8927 = EDGE_CURVE('',#8896,#8920,#8928,.T.);
#8928 = LINE('',#8929,#8930);
#8929 = CARTESIAN_POINT('',(-0.32,-5.4,-2.84));
#8930 = VECTOR('',#8931,1.);
#8931 = DIRECTION('',(1.,0.,0.));
#8932 = ORIENTED_EDGE('',*,*,#8895,.T.);
#8933 = ORIENTED_EDGE('',*,*,#8025,.F.);
#8934 = PLANE('',#8935);
#8935 = AXIS2_PLACEMENT_3D('',#8936,#8937,#8938);
#8936 = CARTESIAN_POINT('',(-0.32,-5.4,-3.));
#8937 = DIRECTION('',(0.,1.,0.));
#8938 = DIRECTION('',(0.,-0.,1.));
#8939 = ADVANCED_FACE('',(#8940),#8951,.T.);
#8940 = FACE_BOUND('',#8941,.T.);
#8941 = EDGE_LOOP('',(#8942,#8943,#8949,#8950));
#8942 = ORIENTED_EDGE('',*,*,#8919,.F.);
#8943 = ORIENTED_EDGE('',*,*,#8944,.T.);
#8944 = EDGE_CURVE('',#8920,#8865,#8945,.T.);
#8945 = LINE('',#8946,#8947);
#8946 = CARTESIAN_POINT('',(0.32,-5.4,-2.84));
#8947 = VECTOR('',#8948,1.);
#8948 = DIRECTION('',(0.,1.,0.));
#8949 = ORIENTED_EDGE('',*,*,#8864,.T.);
#8950 = ORIENTED_EDGE('',*,*,#8017,.F.);
#8951 = PLANE('',#8952);
#8952 = AXIS2_PLACEMENT_3D('',#8953,#8954,#8955);
#8953 = CARTESIAN_POINT('',(0.32,-5.4,-3.));
#8954 = DIRECTION('',(1.,0.,0.));
#8955 = DIRECTION('',(0.,0.,1.));
#8956 = ADVANCED_FACE('',(#8957),#8982,.T.);
#8957 = FACE_BOUND('',#8958,.T.);
#8958 = EDGE_LOOP('',(#8959,#8967,#8975,#8981));
#8959 = ORIENTED_EDGE('',*,*,#8960,.F.);
#8960 = EDGE_CURVE('',#8961,#8042,#8963,.T.);
#8961 = VERTEX_POINT('',#8962);
#8962 = CARTESIAN_POINT('',(0.32,-7.94,-2.84));
#8963 = LINE('',#8964,#8965);
#8964 = CARTESIAN_POINT('',(0.32,-7.94,-3.));
#8965 = VECTOR('',#8966,1.);
#8966 = DIRECTION('',(0.,0.,1.));
#8967 = ORIENTED_EDGE('',*,*,#8968,.T.);
#8968 = EDGE_CURVE('',#8961,#8969,#8971,.T.);
#8969 = VERTEX_POINT('',#8970);
#8970 = CARTESIAN_POINT('',(0.32,-7.3,-2.84));
#8971 = LINE('',#8972,#8973);
#8972 = CARTESIAN_POINT('',(0.32,-7.94,-2.84));
#8973 = VECTOR('',#8974,1.);
#8974 = DIRECTION('',(0.,1.,0.));
#8975 = ORIENTED_EDGE('',*,*,#8976,.T.);
#8976 = EDGE_CURVE('',#8969,#8044,#8977,.T.);
#8977 = LINE('',#8978,#8979);
#8978 = CARTESIAN_POINT('',(0.32,-7.3,-3.));
#8979 = VECTOR('',#8980,1.);
#8980 = DIRECTION('',(0.,0.,1.));
#8981 = ORIENTED_EDGE('',*,*,#8041,.F.);
#8982 = PLANE('',#8983);
#8983 = AXIS2_PLACEMENT_3D('',#8984,#8985,#8986);
#8984 = CARTESIAN_POINT('',(0.32,-7.94,-3.));
#8985 = DIRECTION('',(1.,0.,0.));
#8986 = DIRECTION('',(0.,0.,1.));
#8987 = ADVANCED_FACE('',(#8988),#9006,.T.);
#8988 = FACE_BOUND('',#8989,.T.);
#8989 = EDGE_LOOP('',(#8990,#8991,#8999,#9005));
#8990 = ORIENTED_EDGE('',*,*,#8976,.F.);
#8991 = ORIENTED_EDGE('',*,*,#8992,.F.);
#8992 = EDGE_CURVE('',#8993,#8969,#8995,.T.);
#8993 = VERTEX_POINT('',#8994);
#8994 = CARTESIAN_POINT('',(-0.32,-7.3,-2.84));
#8995 = LINE('',#8996,#8997);
#8996 = CARTESIAN_POINT('',(-0.32,-7.3,-2.84));
#8997 = VECTOR('',#8998,1.);
#8998 = DIRECTION('',(1.,0.,0.));
#8999 = ORIENTED_EDGE('',*,*,#9000,.T.);
#9000 = EDGE_CURVE('',#8993,#8060,#9001,.T.);
#9001 = LINE('',#9002,#9003);
#9002 = CARTESIAN_POINT('',(-0.32,-7.3,-3.));
#9003 = VECTOR('',#9004,1.);
#9004 = DIRECTION('',(0.,0.,1.));
#9005 = ORIENTED_EDGE('',*,*,#8067,.F.);
#9006 = PLANE('',#9007);
#9007 = AXIS2_PLACEMENT_3D('',#9008,#9009,#9010);
#9008 = CARTESIAN_POINT('',(-0.32,-7.3,-3.));
#9009 = DIRECTION('',(0.,1.,0.));
#9010 = DIRECTION('',(0.,-0.,1.));
#9011 = ADVANCED_FACE('',(#9012),#9030,.F.);
#9012 = FACE_BOUND('',#9013,.F.);
#9013 = EDGE_LOOP('',(#9014,#9022,#9028,#9029));
#9014 = ORIENTED_EDGE('',*,*,#9015,.F.);
#9015 = EDGE_CURVE('',#9016,#8052,#9018,.T.);
#9016 = VERTEX_POINT('',#9017);
#9017 = CARTESIAN_POINT('',(-0.32,-7.94,-2.84));
#9018 = LINE('',#9019,#9020);
#9019 = CARTESIAN_POINT('',(-0.32,-7.94,-3.));
#9020 = VECTOR('',#9021,1.);
#9021 = DIRECTION('',(0.,0.,1.));
#9022 = ORIENTED_EDGE('',*,*,#9023,.T.);
#9023 = EDGE_CURVE('',#9016,#8993,#9024,.T.);
#9024 = LINE('',#9025,#9026);
#9025 = CARTESIAN_POINT('',(-0.32,-7.94,-2.84));
#9026 = VECTOR('',#9027,1.);
#9027 = DIRECTION('',(0.,1.,0.));
#9028 = ORIENTED_EDGE('',*,*,#9000,.T.);
#9029 = ORIENTED_EDGE('',*,*,#8059,.F.);
#9030 = PLANE('',#9031);
#9031 = AXIS2_PLACEMENT_3D('',#9032,#9033,#9034);
#9032 = CARTESIAN_POINT('',(-0.32,-7.94,-3.));
#9033 = DIRECTION('',(1.,0.,0.));
#9034 = DIRECTION('',(0.,0.,1.));
#9035 = ADVANCED_FACE('',(#9036),#9047,.F.);
#9036 = FACE_BOUND('',#9037,.F.);
#9037 = EDGE_LOOP('',(#9038,#9039,#9045,#9046));
#9038 = ORIENTED_EDGE('',*,*,#8960,.F.);
#9039 = ORIENTED_EDGE('',*,*,#9040,.F.);
#9040 = EDGE_CURVE('',#9016,#8961,#9041,.T.);
#9041 = LINE('',#9042,#9043);
#9042 = CARTESIAN_POINT('',(-0.32,-7.94,-2.84));
#9043 = VECTOR('',#9044,1.);
#9044 = DIRECTION('',(1.,0.,0.));
#9045 = ORIENTED_EDGE('',*,*,#9015,.T.);
#9046 = ORIENTED_EDGE('',*,*,#8051,.F.);
#9047 = PLANE('',#9048);
#9048 = AXIS2_PLACEMENT_3D('',#9049,#9050,#9051);
#9049 = CARTESIAN_POINT('',(-0.32,-7.94,-3.));
#9050 = DIRECTION('',(0.,1.,0.));
#9051 = DIRECTION('',(0.,-0.,1.));
#9052 = ADVANCED_FACE('',(#9053),#9078,.T.);
#9053 = FACE_BOUND('',#9054,.T.);
#9054 = EDGE_LOOP('',(#9055,#9063,#9071,#9077));
#9055 = ORIENTED_EDGE('',*,*,#9056,.F.);
#9056 = EDGE_CURVE('',#9057,#8076,#9059,.T.);
#9057 = VERTEX_POINT('',#9058);
#9058 = CARTESIAN_POINT('',(0.32,-0.32,-2.84));
#9059 = LINE('',#9060,#9061);
#9060 = CARTESIAN_POINT('',(0.32,-0.32,-3.));
#9061 = VECTOR('',#9062,1.);
#9062 = DIRECTION('',(0.,0.,1.));
#9063 = ORIENTED_EDGE('',*,*,#9064,.T.);
#9064 = EDGE_CURVE('',#9057,#9065,#9067,.T.);
#9065 = VERTEX_POINT('',#9066);
#9066 = CARTESIAN_POINT('',(0.32,0.32,-2.84));
#9067 = LINE('',#9068,#9069);
#9068 = CARTESIAN_POINT('',(0.32,-0.32,-2.84));
#9069 = VECTOR('',#9070,1.);
#9070 = DIRECTION('',(0.,1.,0.));
#9071 = ORIENTED_EDGE('',*,*,#9072,.T.);
#9072 = EDGE_CURVE('',#9065,#8078,#9073,.T.);
#9073 = LINE('',#9074,#9075);
#9074 = CARTESIAN_POINT('',(0.32,0.32,-3.));
#9075 = VECTOR('',#9076,1.);
#9076 = DIRECTION('',(0.,0.,1.));
#9077 = ORIENTED_EDGE('',*,*,#8075,.F.);
#9078 = PLANE('',#9079);
#9079 = AXIS2_PLACEMENT_3D('',#9080,#9081,#9082);
#9080 = CARTESIAN_POINT('',(0.32,-0.32,-3.));
#9081 = DIRECTION('',(1.,0.,0.));
#9082 = DIRECTION('',(0.,0.,1.));
#9083 = ADVANCED_FACE('',(#9084),#9102,.T.);
#9084 = FACE_BOUND('',#9085,.T.);
#9085 = EDGE_LOOP('',(#9086,#9087,#9095,#9101));
#9086 = ORIENTED_EDGE('',*,*,#9072,.F.);
#9087 = ORIENTED_EDGE('',*,*,#9088,.F.);
#9088 = EDGE_CURVE('',#9089,#9065,#9091,.T.);
#9089 = VERTEX_POINT('',#9090);
#9090 = CARTESIAN_POINT('',(-0.32,0.32,-2.84));
#9091 = LINE('',#9092,#9093);
#9092 = CARTESIAN_POINT('',(-0.32,0.32,-2.84));
#9093 = VECTOR('',#9094,1.);
#9094 = DIRECTION('',(1.,0.,0.));
#9095 = ORIENTED_EDGE('',*,*,#9096,.T.);
#9096 = EDGE_CURVE('',#9089,#8094,#9097,.T.);
#9097 = LINE('',#9098,#9099);
#9098 = CARTESIAN_POINT('',(-0.32,0.32,-3.));
#9099 = VECTOR('',#9100,1.);
#9100 = DIRECTION('',(0.,0.,1.));
#9101 = ORIENTED_EDGE('',*,*,#8101,.F.);
#9102 = PLANE('',#9103);
#9103 = AXIS2_PLACEMENT_3D('',#9104,#9105,#9106);
#9104 = CARTESIAN_POINT('',(-0.32,0.32,-3.));
#9105 = DIRECTION('',(0.,1.,0.));
#9106 = DIRECTION('',(0.,-0.,1.));
#9107 = ADVANCED_FACE('',(#9108),#9126,.F.);
#9108 = FACE_BOUND('',#9109,.F.);
#9109 = EDGE_LOOP('',(#9110,#9118,#9124,#9125));
#9110 = ORIENTED_EDGE('',*,*,#9111,.F.);
#9111 = EDGE_CURVE('',#9112,#8086,#9114,.T.);
#9112 = VERTEX_POINT('',#9113);
#9113 = CARTESIAN_POINT('',(-0.32,-0.32,-2.84));
#9114 = LINE('',#9115,#9116);
#9115 = CARTESIAN_POINT('',(-0.32,-0.32,-3.));
#9116 = VECTOR('',#9117,1.);
#9117 = DIRECTION('',(0.,0.,1.));
#9118 = ORIENTED_EDGE('',*,*,#9119,.T.);
#9119 = EDGE_CURVE('',#9112,#9089,#9120,.T.);
#9120 = LINE('',#9121,#9122);
#9121 = CARTESIAN_POINT('',(-0.32,-0.32,-2.84));
#9122 = VECTOR('',#9123,1.);
#9123 = DIRECTION('',(0.,1.,0.));
#9124 = ORIENTED_EDGE('',*,*,#9096,.T.);
#9125 = ORIENTED_EDGE('',*,*,#8093,.F.);
#9126 = PLANE('',#9127);
#9127 = AXIS2_PLACEMENT_3D('',#9128,#9129,#9130);
#9128 = CARTESIAN_POINT('',(-0.32,-0.32,-3.));
#9129 = DIRECTION('',(1.,0.,0.));
#9130 = DIRECTION('',(0.,0.,1.));
#9131 = ADVANCED_FACE('',(#9132),#9143,.F.);
#9132 = FACE_BOUND('',#9133,.F.);
#9133 = EDGE_LOOP('',(#9134,#9135,#9141,#9142));
#9134 = ORIENTED_EDGE('',*,*,#9056,.F.);
#9135 = ORIENTED_EDGE('',*,*,#9136,.F.);
#9136 = EDGE_CURVE('',#9112,#9057,#9137,.T.);
#9137 = LINE('',#9138,#9139);
#9138 = CARTESIAN_POINT('',(-0.32,-0.32,-2.84));
#9139 = VECTOR('',#9140,1.);
#9140 = DIRECTION('',(1.,0.,0.));
#9141 = ORIENTED_EDGE('',*,*,#9111,.T.);
#9142 = ORIENTED_EDGE('',*,*,#8085,.F.);
#9143 = PLANE('',#9144);
#9144 = AXIS2_PLACEMENT_3D('',#9145,#9146,#9147);
#9145 = CARTESIAN_POINT('',(-0.32,-0.32,-3.));
#9146 = DIRECTION('',(0.,1.,0.));
#9147 = DIRECTION('',(0.,-0.,1.));
#9148 = ADVANCED_FACE('',(#9149),#9174,.T.);
#9149 = FACE_BOUND('',#9150,.T.);
#9150 = EDGE_LOOP('',(#9151,#9159,#9167,#9173));
#9151 = ORIENTED_EDGE('',*,*,#9152,.F.);
#9152 = EDGE_CURVE('',#9153,#8110,#9155,.T.);
#9153 = VERTEX_POINT('',#9154);
#9154 = CARTESIAN_POINT('',(0.32,-2.22,-2.84));
#9155 = LINE('',#9156,#9157);
#9156 = CARTESIAN_POINT('',(0.32,-2.22,-3.));
#9157 = VECTOR('',#9158,1.);
#9158 = DIRECTION('',(0.,0.,1.));
#9159 = ORIENTED_EDGE('',*,*,#9160,.F.);
#9160 = EDGE_CURVE('',#9161,#9153,#9163,.T.);
#9161 = VERTEX_POINT('',#9162);
#9162 = CARTESIAN_POINT('',(-0.32,-2.22,-2.84));
#9163 = LINE('',#9164,#9165);
#9164 = CARTESIAN_POINT('',(-0.32,-2.22,-2.84));
#9165 = VECTOR('',#9166,1.);
#9166 = DIRECTION('',(1.,0.,0.));
#9167 = ORIENTED_EDGE('',*,*,#9168,.T.);
#9168 = EDGE_CURVE('',#9161,#8112,#9169,.T.);
#9169 = LINE('',#9170,#9171);
#9170 = CARTESIAN_POINT('',(-0.32,-2.22,-3.));
#9171 = VECTOR('',#9172,1.);
#9172 = DIRECTION('',(0.,0.,1.));
#9173 = ORIENTED_EDGE('',*,*,#8109,.F.);
#9174 = PLANE('',#9175);
#9175 = AXIS2_PLACEMENT_3D('',#9176,#9177,#9178);
#9176 = CARTESIAN_POINT('',(-0.32,-2.22,-3.));
#9177 = DIRECTION('',(0.,1.,0.));
#9178 = DIRECTION('',(0.,-0.,1.));
#9179 = ADVANCED_FACE('',(#9180),#9198,.F.);
#9180 = FACE_BOUND('',#9181,.F.);
#9181 = EDGE_LOOP('',(#9182,#9190,#9196,#9197));
#9182 = ORIENTED_EDGE('',*,*,#9183,.F.);
#9183 = EDGE_CURVE('',#9184,#8128,#9186,.T.);
#9184 = VERTEX_POINT('',#9185);
#9185 = CARTESIAN_POINT('',(-0.32,-2.86,-2.84));
#9186 = LINE('',#9187,#9188);
#9187 = CARTESIAN_POINT('',(-0.32,-2.86,-3.));
#9188 = VECTOR('',#9189,1.);
#9189 = DIRECTION('',(0.,0.,1.));
#9190 = ORIENTED_EDGE('',*,*,#9191,.T.);
#9191 = EDGE_CURVE('',#9184,#9161,#9192,.T.);
#9192 = LINE('',#9193,#9194);
#9193 = CARTESIAN_POINT('',(-0.32,-2.86,-2.84));
#9194 = VECTOR('',#9195,1.);
#9195 = DIRECTION('',(0.,1.,0.));
#9196 = ORIENTED_EDGE('',*,*,#9168,.T.);
#9197 = ORIENTED_EDGE('',*,*,#8135,.F.);
#9198 = PLANE('',#9199);
#9199 = AXIS2_PLACEMENT_3D('',#9200,#9201,#9202);
#9200 = CARTESIAN_POINT('',(-0.32,-2.86,-3.));
#9201 = DIRECTION('',(1.,0.,0.));
#9202 = DIRECTION('',(0.,0.,1.));
#9203 = ADVANCED_FACE('',(#9204),#9222,.F.);
#9204 = FACE_BOUND('',#9205,.F.);
#9205 = EDGE_LOOP('',(#9206,#9214,#9220,#9221));
#9206 = ORIENTED_EDGE('',*,*,#9207,.F.);
#9207 = EDGE_CURVE('',#9208,#8120,#9210,.T.);
#9208 = VERTEX_POINT('',#9209);
#9209 = CARTESIAN_POINT('',(0.32,-2.86,-2.84));
#9210 = LINE('',#9211,#9212);
#9211 = CARTESIAN_POINT('',(0.32,-2.86,-3.));
#9212 = VECTOR('',#9213,1.);
#9213 = DIRECTION('',(0.,0.,1.));
#9214 = ORIENTED_EDGE('',*,*,#9215,.F.);
#9215 = EDGE_CURVE('',#9184,#9208,#9216,.T.);
#9216 = LINE('',#9217,#9218);
#9217 = CARTESIAN_POINT('',(-0.32,-2.86,-2.84));
#9218 = VECTOR('',#9219,1.);
#9219 = DIRECTION('',(1.,0.,0.));
#9220 = ORIENTED_EDGE('',*,*,#9183,.T.);
#9221 = ORIENTED_EDGE('',*,*,#8127,.F.);
#9222 = PLANE('',#9223);
#9223 = AXIS2_PLACEMENT_3D('',#9224,#9225,#9226);
#9224 = CARTESIAN_POINT('',(-0.32,-2.86,-3.));
#9225 = DIRECTION('',(0.,1.,0.));
#9226 = DIRECTION('',(0.,-0.,1.));
#9227 = ADVANCED_FACE('',(#9228),#9239,.T.);
#9228 = FACE_BOUND('',#9229,.T.);
#9229 = EDGE_LOOP('',(#9230,#9231,#9237,#9238));
#9230 = ORIENTED_EDGE('',*,*,#9207,.F.);
#9231 = ORIENTED_EDGE('',*,*,#9232,.T.);
#9232 = EDGE_CURVE('',#9208,#9153,#9233,.T.);
#9233 = LINE('',#9234,#9235);
#9234 = CARTESIAN_POINT('',(0.32,-2.86,-2.84));
#9235 = VECTOR('',#9236,1.);
#9236 = DIRECTION('',(0.,1.,0.));
#9237 = ORIENTED_EDGE('',*,*,#9152,.T.);
#9238 = ORIENTED_EDGE('',*,*,#8119,.F.);
#9239 = PLANE('',#9240);
#9240 = AXIS2_PLACEMENT_3D('',#9241,#9242,#9243);
#9241 = CARTESIAN_POINT('',(0.32,-2.86,-3.));
#9242 = DIRECTION('',(1.,0.,0.));
#9243 = DIRECTION('',(0.,0.,1.));
#9244 = ADVANCED_FACE('',(#9245),#9270,.T.);
#9245 = FACE_BOUND('',#9246,.T.);
#9246 = EDGE_LOOP('',(#9247,#9255,#9256,#9264));
#9247 = ORIENTED_EDGE('',*,*,#9248,.F.);
#9248 = EDGE_CURVE('',#8337,#9249,#9251,.T.);
#9249 = VERTEX_POINT('',#9250);
#9250 = CARTESIAN_POINT('',(0.32,-4.76,8.38));
#9251 = LINE('',#9252,#9253);
#9252 = CARTESIAN_POINT('',(0.32,-4.76,-3.));
#9253 = VECTOR('',#9254,1.);
#9254 = DIRECTION('',(0.,0.,1.));
#9255 = ORIENTED_EDGE('',*,*,#8336,.T.);
#9256 = ORIENTED_EDGE('',*,*,#9257,.T.);
#9257 = EDGE_CURVE('',#8339,#9258,#9260,.T.);
#9258 = VERTEX_POINT('',#9259);
#9259 = CARTESIAN_POINT('',(-0.32,-4.76,8.38));
#9260 = LINE('',#9261,#9262);
#9261 = CARTESIAN_POINT('',(-0.32,-4.76,-3.));
#9262 = VECTOR('',#9263,1.);
#9263 = DIRECTION('',(0.,0.,1.));
#9264 = ORIENTED_EDGE('',*,*,#9265,.T.);
#9265 = EDGE_CURVE('',#9258,#9249,#9266,.T.);
#9266 = LINE('',#9267,#9268);
#9267 = CARTESIAN_POINT('',(-0.32,-4.76,8.38));
#9268 = VECTOR('',#9269,1.);
#9269 = DIRECTION('',(1.,0.,0.));
#9270 = PLANE('',#9271);
#9271 = AXIS2_PLACEMENT_3D('',#9272,#9273,#9274);
#9272 = CARTESIAN_POINT('',(-0.32,-4.76,-3.));
#9273 = DIRECTION('',(0.,1.,0.));
#9274 = DIRECTION('',(0.,-0.,1.));
#9275 = ADVANCED_FACE('',(#9276),#9294,.F.);
#9276 = FACE_BOUND('',#9277,.F.);
#9277 = EDGE_LOOP('',(#9278,#9286,#9287,#9288));
#9278 = ORIENTED_EDGE('',*,*,#9279,.F.);
#9279 = EDGE_CURVE('',#8355,#9280,#9282,.T.);
#9280 = VERTEX_POINT('',#9281);
#9281 = CARTESIAN_POINT('',(-0.32,-5.4,8.38));
#9282 = LINE('',#9283,#9284);
#9283 = CARTESIAN_POINT('',(-0.32,-5.4,-3.));
#9284 = VECTOR('',#9285,1.);
#9285 = DIRECTION('',(0.,0.,1.));
#9286 = ORIENTED_EDGE('',*,*,#8362,.T.);
#9287 = ORIENTED_EDGE('',*,*,#9257,.T.);
#9288 = ORIENTED_EDGE('',*,*,#9289,.F.);
#9289 = EDGE_CURVE('',#9280,#9258,#9290,.T.);
#9290 = LINE('',#9291,#9292);
#9291 = CARTESIAN_POINT('',(-0.32,-5.4,8.38));
#9292 = VECTOR('',#9293,1.);
#9293 = DIRECTION('',(0.,1.,0.));
#9294 = PLANE('',#9295);
#9295 = AXIS2_PLACEMENT_3D('',#9296,#9297,#9298);
#9296 = CARTESIAN_POINT('',(-0.32,-5.4,-3.));
#9297 = DIRECTION('',(1.,0.,0.));
#9298 = DIRECTION('',(0.,0.,1.));
#9299 = ADVANCED_FACE('',(#9300),#9318,.F.);
#9300 = FACE_BOUND('',#9301,.F.);
#9301 = EDGE_LOOP('',(#9302,#9310,#9311,#9312));
#9302 = ORIENTED_EDGE('',*,*,#9303,.F.);
#9303 = EDGE_CURVE('',#8347,#9304,#9306,.T.);
#9304 = VERTEX_POINT('',#9305);
#9305 = CARTESIAN_POINT('',(0.32,-5.4,8.38));
#9306 = LINE('',#9307,#9308);
#9307 = CARTESIAN_POINT('',(0.32,-5.4,-3.));
#9308 = VECTOR('',#9309,1.);
#9309 = DIRECTION('',(0.,0.,1.));
#9310 = ORIENTED_EDGE('',*,*,#8354,.T.);
#9311 = ORIENTED_EDGE('',*,*,#9279,.T.);
#9312 = ORIENTED_EDGE('',*,*,#9313,.T.);
#9313 = EDGE_CURVE('',#9280,#9304,#9314,.T.);
#9314 = LINE('',#9315,#9316);
#9315 = CARTESIAN_POINT('',(-0.32,-5.4,8.38));
#9316 = VECTOR('',#9317,1.);
#9317 = DIRECTION('',(1.,0.,0.));
#9318 = PLANE('',#9319);
#9319 = AXIS2_PLACEMENT_3D('',#9320,#9321,#9322);
#9320 = CARTESIAN_POINT('',(-0.32,-5.4,-3.));
#9321 = DIRECTION('',(0.,1.,0.));
#9322 = DIRECTION('',(0.,-0.,1.));
#9323 = ADVANCED_FACE('',(#9324),#9335,.T.);
#9324 = FACE_BOUND('',#9325,.T.);
#9325 = EDGE_LOOP('',(#9326,#9327,#9328,#9329));
#9326 = ORIENTED_EDGE('',*,*,#9303,.F.);
#9327 = ORIENTED_EDGE('',*,*,#8346,.T.);
#9328 = ORIENTED_EDGE('',*,*,#9248,.T.);
#9329 = ORIENTED_EDGE('',*,*,#9330,.F.);
#9330 = EDGE_CURVE('',#9304,#9249,#9331,.T.);
#9331 = LINE('',#9332,#9333);
#9332 = CARTESIAN_POINT('',(0.32,-5.4,8.38));
#9333 = VECTOR('',#9334,1.);
#9334 = DIRECTION('',(0.,1.,0.));
#9335 = PLANE('',#9336);
#9336 = AXIS2_PLACEMENT_3D('',#9337,#9338,#9339);
#9337 = CARTESIAN_POINT('',(0.32,-5.4,-3.));
#9338 = DIRECTION('',(1.,0.,0.));
#9339 = DIRECTION('',(0.,0.,1.));
#9340 = ADVANCED_FACE('',(#9341),#9366,.T.);
#9341 = FACE_BOUND('',#9342,.T.);
#9342 = EDGE_LOOP('',(#9343,#9351,#9352,#9360));
#9343 = ORIENTED_EDGE('',*,*,#9344,.F.);
#9344 = EDGE_CURVE('',#8371,#9345,#9347,.T.);
#9345 = VERTEX_POINT('',#9346);
#9346 = CARTESIAN_POINT('',(0.32,-7.94,8.38));
#9347 = LINE('',#9348,#9349);
#9348 = CARTESIAN_POINT('',(0.32,-7.94,-3.));
#9349 = VECTOR('',#9350,1.);
#9350 = DIRECTION('',(0.,0.,1.));
#9351 = ORIENTED_EDGE('',*,*,#8370,.T.);
#9352 = ORIENTED_EDGE('',*,*,#9353,.T.);
#9353 = EDGE_CURVE('',#8373,#9354,#9356,.T.);
#9354 = VERTEX_POINT('',#9355);
#9355 = CARTESIAN_POINT('',(0.32,-7.3,8.38));
#9356 = LINE('',#9357,#9358);
#9357 = CARTESIAN_POINT('',(0.32,-7.3,-3.));
#9358 = VECTOR('',#9359,1.);
#9359 = DIRECTION('',(0.,0.,1.));
#9360 = ORIENTED_EDGE('',*,*,#9361,.F.);
#9361 = EDGE_CURVE('',#9345,#9354,#9362,.T.);
#9362 = LINE('',#9363,#9364);
#9363 = CARTESIAN_POINT('',(0.32,-7.94,8.38));
#9364 = VECTOR('',#9365,1.);
#9365 = DIRECTION('',(0.,1.,0.));
#9366 = PLANE('',#9367);
#9367 = AXIS2_PLACEMENT_3D('',#9368,#9369,#9370);
#9368 = CARTESIAN_POINT('',(0.32,-7.94,-3.));
#9369 = DIRECTION('',(1.,0.,0.));
#9370 = DIRECTION('',(0.,0.,1.));
#9371 = ADVANCED_FACE('',(#9372),#9390,.T.);
#9372 = FACE_BOUND('',#9373,.T.);
#9373 = EDGE_LOOP('',(#9374,#9375,#9376,#9384));
#9374 = ORIENTED_EDGE('',*,*,#9353,.F.);
#9375 = ORIENTED_EDGE('',*,*,#8396,.T.);
#9376 = ORIENTED_EDGE('',*,*,#9377,.T.);
#9377 = EDGE_CURVE('',#8389,#9378,#9380,.T.);
#9378 = VERTEX_POINT('',#9379);
#9379 = CARTESIAN_POINT('',(-0.32,-7.3,8.38));
#9380 = LINE('',#9381,#9382);
#9381 = CARTESIAN_POINT('',(-0.32,-7.3,-3.));
#9382 = VECTOR('',#9383,1.);
#9383 = DIRECTION('',(0.,0.,1.));
#9384 = ORIENTED_EDGE('',*,*,#9385,.T.);
#9385 = EDGE_CURVE('',#9378,#9354,#9386,.T.);
#9386 = LINE('',#9387,#9388);
#9387 = CARTESIAN_POINT('',(-0.32,-7.3,8.38));
#9388 = VECTOR('',#9389,1.);
#9389 = DIRECTION('',(1.,0.,0.));
#9390 = PLANE('',#9391);
#9391 = AXIS2_PLACEMENT_3D('',#9392,#9393,#9394);
#9392 = CARTESIAN_POINT('',(-0.32,-7.3,-3.));
#9393 = DIRECTION('',(0.,1.,0.));
#9394 = DIRECTION('',(0.,-0.,1.));
#9395 = ADVANCED_FACE('',(#9396),#9414,.F.);
#9396 = FACE_BOUND('',#9397,.F.);
#9397 = EDGE_LOOP('',(#9398,#9406,#9407,#9408));
#9398 = ORIENTED_EDGE('',*,*,#9399,.F.);
#9399 = EDGE_CURVE('',#8381,#9400,#9402,.T.);
#9400 = VERTEX_POINT('',#9401);
#9401 = CARTESIAN_POINT('',(-0.32,-7.94,8.38));
#9402 = LINE('',#9403,#9404);
#9403 = CARTESIAN_POINT('',(-0.32,-7.94,-3.));
#9404 = VECTOR('',#9405,1.);
#9405 = DIRECTION('',(0.,0.,1.));
#9406 = ORIENTED_EDGE('',*,*,#8388,.T.);
#9407 = ORIENTED_EDGE('',*,*,#9377,.T.);
#9408 = ORIENTED_EDGE('',*,*,#9409,.F.);
#9409 = EDGE_CURVE('',#9400,#9378,#9410,.T.);
#9410 = LINE('',#9411,#9412);
#9411 = CARTESIAN_POINT('',(-0.32,-7.94,8.38));
#9412 = VECTOR('',#9413,1.);
#9413 = DIRECTION('',(0.,1.,0.));
#9414 = PLANE('',#9415);
#9415 = AXIS2_PLACEMENT_3D('',#9416,#9417,#9418);
#9416 = CARTESIAN_POINT('',(-0.32,-7.94,-3.));
#9417 = DIRECTION('',(1.,0.,0.));
#9418 = DIRECTION('',(0.,0.,1.));
#9419 = ADVANCED_FACE('',(#9420),#9431,.F.);
#9420 = FACE_BOUND('',#9421,.F.);
#9421 = EDGE_LOOP('',(#9422,#9423,#9424,#9425));
#9422 = ORIENTED_EDGE('',*,*,#9344,.F.);
#9423 = ORIENTED_EDGE('',*,*,#8380,.T.);
#9424 = ORIENTED_EDGE('',*,*,#9399,.T.);
#9425 = ORIENTED_EDGE('',*,*,#9426,.T.);
#9426 = EDGE_CURVE('',#9400,#9345,#9427,.T.);
#9427 = LINE('',#9428,#9429);
#9428 = CARTESIAN_POINT('',(-0.32,-7.94,8.38));
#9429 = VECTOR('',#9430,1.);
#9430 = DIRECTION('',(1.,0.,0.));
#9431 = PLANE('',#9432);
#9432 = AXIS2_PLACEMENT_3D('',#9433,#9434,#9435);
#9433 = CARTESIAN_POINT('',(-0.32,-7.94,-3.));
#9434 = DIRECTION('',(0.,1.,0.));
#9435 = DIRECTION('',(0.,-0.,1.));
#9436 = ADVANCED_FACE('',(#9437),#9462,.T.);
#9437 = FACE_BOUND('',#9438,.T.);
#9438 = EDGE_LOOP('',(#9439,#9447,#9448,#9456));
#9439 = ORIENTED_EDGE('',*,*,#9440,.F.);
#9440 = EDGE_CURVE('',#8405,#9441,#9443,.T.);
#9441 = VERTEX_POINT('',#9442);
#9442 = CARTESIAN_POINT('',(0.32,-0.32,8.38));
#9443 = LINE('',#9444,#9445);
#9444 = CARTESIAN_POINT('',(0.32,-0.32,-3.));
#9445 = VECTOR('',#9446,1.);
#9446 = DIRECTION('',(0.,0.,1.));
#9447 = ORIENTED_EDGE('',*,*,#8404,.T.);
#9448 = ORIENTED_EDGE('',*,*,#9449,.T.);
#9449 = EDGE_CURVE('',#8407,#9450,#9452,.T.);
#9450 = VERTEX_POINT('',#9451);
#9451 = CARTESIAN_POINT('',(0.32,0.32,8.38));
#9452 = LINE('',#9453,#9454);
#9453 = CARTESIAN_POINT('',(0.32,0.32,-3.));
#9454 = VECTOR('',#9455,1.);
#9455 = DIRECTION('',(0.,0.,1.));
#9456 = ORIENTED_EDGE('',*,*,#9457,.F.);
#9457 = EDGE_CURVE('',#9441,#9450,#9458,.T.);
#9458 = LINE('',#9459,#9460);
#9459 = CARTESIAN_POINT('',(0.32,-0.32,8.38));
#9460 = VECTOR('',#9461,1.);
#9461 = DIRECTION('',(0.,1.,0.));
#9462 = PLANE('',#9463);
#9463 = AXIS2_PLACEMENT_3D('',#9464,#9465,#9466);
#9464 = CARTESIAN_POINT('',(0.32,-0.32,-3.));
#9465 = DIRECTION('',(1.,0.,0.));
#9466 = DIRECTION('',(0.,0.,1.));
#9467 = ADVANCED_FACE('',(#9468),#9486,.T.);
#9468 = FACE_BOUND('',#9469,.T.);
#9469 = EDGE_LOOP('',(#9470,#9471,#9472,#9480));
#9470 = ORIENTED_EDGE('',*,*,#9449,.F.);
#9471 = ORIENTED_EDGE('',*,*,#8430,.T.);
#9472 = ORIENTED_EDGE('',*,*,#9473,.T.);
#9473 = EDGE_CURVE('',#8423,#9474,#9476,.T.);
#9474 = VERTEX_POINT('',#9475);
#9475 = CARTESIAN_POINT('',(-0.32,0.32,8.38));
#9476 = LINE('',#9477,#9478);
#9477 = CARTESIAN_POINT('',(-0.32,0.32,-3.));
#9478 = VECTOR('',#9479,1.);
#9479 = DIRECTION('',(0.,0.,1.));
#9480 = ORIENTED_EDGE('',*,*,#9481,.T.);
#9481 = EDGE_CURVE('',#9474,#9450,#9482,.T.);
#9482 = LINE('',#9483,#9484);
#9483 = CARTESIAN_POINT('',(-0.32,0.32,8.38));
#9484 = VECTOR('',#9485,1.);
#9485 = DIRECTION('',(1.,0.,0.));
#9486 = PLANE('',#9487);
#9487 = AXIS2_PLACEMENT_3D('',#9488,#9489,#9490);
#9488 = CARTESIAN_POINT('',(-0.32,0.32,-3.));
#9489 = DIRECTION('',(0.,1.,0.));
#9490 = DIRECTION('',(0.,-0.,1.));
#9491 = ADVANCED_FACE('',(#9492),#9510,.F.);
#9492 = FACE_BOUND('',#9493,.F.);
#9493 = EDGE_LOOP('',(#9494,#9502,#9503,#9504));
#9494 = ORIENTED_EDGE('',*,*,#9495,.F.);
#9495 = EDGE_CURVE('',#8415,#9496,#9498,.T.);
#9496 = VERTEX_POINT('',#9497);
#9497 = CARTESIAN_POINT('',(-0.32,-0.32,8.38));
#9498 = LINE('',#9499,#9500);
#9499 = CARTESIAN_POINT('',(-0.32,-0.32,-3.));
#9500 = VECTOR('',#9501,1.);
#9501 = DIRECTION('',(0.,0.,1.));
#9502 = ORIENTED_EDGE('',*,*,#8422,.T.);
#9503 = ORIENTED_EDGE('',*,*,#9473,.T.);
#9504 = ORIENTED_EDGE('',*,*,#9505,.F.);
#9505 = EDGE_CURVE('',#9496,#9474,#9506,.T.);
#9506 = LINE('',#9507,#9508);
#9507 = CARTESIAN_POINT('',(-0.32,-0.32,8.38));
#9508 = VECTOR('',#9509,1.);
#9509 = DIRECTION('',(0.,1.,0.));
#9510 = PLANE('',#9511);
#9511 = AXIS2_PLACEMENT_3D('',#9512,#9513,#9514);
#9512 = CARTESIAN_POINT('',(-0.32,-0.32,-3.));
#9513 = DIRECTION('',(1.,0.,0.));
#9514 = DIRECTION('',(0.,0.,1.));
#9515 = ADVANCED_FACE('',(#9516),#9527,.F.);
#9516 = FACE_BOUND('',#9517,.F.);
#9517 = EDGE_LOOP('',(#9518,#9519,#9520,#9521));
#9518 = ORIENTED_EDGE('',*,*,#9440,.F.);
#9519 = ORIENTED_EDGE('',*,*,#8414,.T.);
#9520 = ORIENTED_EDGE('',*,*,#9495,.T.);
#9521 = ORIENTED_EDGE('',*,*,#9522,.T.);
#9522 = EDGE_CURVE('',#9496,#9441,#9523,.T.);
#9523 = LINE('',#9524,#9525);
#9524 = CARTESIAN_POINT('',(-0.32,-0.32,8.38));
#9525 = VECTOR('',#9526,1.);
#9526 = DIRECTION('',(1.,0.,0.));
#9527 = PLANE('',#9528);
#9528 = AXIS2_PLACEMENT_3D('',#9529,#9530,#9531);
#9529 = CARTESIAN_POINT('',(-0.32,-0.32,-3.));
#9530 = DIRECTION('',(0.,1.,0.));
#9531 = DIRECTION('',(0.,-0.,1.));
#9532 = ADVANCED_FACE('',(#9533),#9558,.T.);
#9533 = FACE_BOUND('',#9534,.T.);
#9534 = EDGE_LOOP('',(#9535,#9543,#9544,#9552));
#9535 = ORIENTED_EDGE('',*,*,#9536,.F.);
#9536 = EDGE_CURVE('',#8439,#9537,#9539,.T.);
#9537 = VERTEX_POINT('',#9538);
#9538 = CARTESIAN_POINT('',(0.32,-2.22,8.38));
#9539 = LINE('',#9540,#9541);
#9540 = CARTESIAN_POINT('',(0.32,-2.22,-3.));
#9541 = VECTOR('',#9542,1.);
#9542 = DIRECTION('',(0.,0.,1.));
#9543 = ORIENTED_EDGE('',*,*,#8438,.T.);
#9544 = ORIENTED_EDGE('',*,*,#9545,.T.);
#9545 = EDGE_CURVE('',#8441,#9546,#9548,.T.);
#9546 = VERTEX_POINT('',#9547);
#9547 = CARTESIAN_POINT('',(-0.32,-2.22,8.38));
#9548 = LINE('',#9549,#9550);
#9549 = CARTESIAN_POINT('',(-0.32,-2.22,-3.));
#9550 = VECTOR('',#9551,1.);
#9551 = DIRECTION('',(0.,0.,1.));
#9552 = ORIENTED_EDGE('',*,*,#9553,.T.);
#9553 = EDGE_CURVE('',#9546,#9537,#9554,.T.);
#9554 = LINE('',#9555,#9556);
#9555 = CARTESIAN_POINT('',(-0.32,-2.22,8.38));
#9556 = VECTOR('',#9557,1.);
#9557 = DIRECTION('',(1.,0.,0.));
#9558 = PLANE('',#9559);
#9559 = AXIS2_PLACEMENT_3D('',#9560,#9561,#9562);
#9560 = CARTESIAN_POINT('',(-0.32,-2.22,-3.));
#9561 = DIRECTION('',(0.,1.,0.));
#9562 = DIRECTION('',(0.,-0.,1.));
#9563 = ADVANCED_FACE('',(#9564),#9582,.F.);
#9564 = FACE_BOUND('',#9565,.F.);
#9565 = EDGE_LOOP('',(#9566,#9574,#9575,#9576));
#9566 = ORIENTED_EDGE('',*,*,#9567,.F.);
#9567 = EDGE_CURVE('',#8457,#9568,#9570,.T.);
#9568 = VERTEX_POINT('',#9569);
#9569 = CARTESIAN_POINT('',(-0.32,-2.86,8.38));
#9570 = LINE('',#9571,#9572);
#9571 = CARTESIAN_POINT('',(-0.32,-2.86,-3.));
#9572 = VECTOR('',#9573,1.);
#9573 = DIRECTION('',(0.,0.,1.));
#9574 = ORIENTED_EDGE('',*,*,#8464,.T.);
#9575 = ORIENTED_EDGE('',*,*,#9545,.T.);
#9576 = ORIENTED_EDGE('',*,*,#9577,.F.);
#9577 = EDGE_CURVE('',#9568,#9546,#9578,.T.);
#9578 = LINE('',#9579,#9580);
#9579 = CARTESIAN_POINT('',(-0.32,-2.86,8.38));
#9580 = VECTOR('',#9581,1.);
#9581 = DIRECTION('',(0.,1.,0.));
#9582 = PLANE('',#9583);
#9583 = AXIS2_PLACEMENT_3D('',#9584,#9585,#9586);
#9584 = CARTESIAN_POINT('',(-0.32,-2.86,-3.));
#9585 = DIRECTION('',(1.,0.,0.));
#9586 = DIRECTION('',(0.,0.,1.));
#9587 = ADVANCED_FACE('',(#9588),#9606,.F.);
#9588 = FACE_BOUND('',#9589,.F.);
#9589 = EDGE_LOOP('',(#9590,#9598,#9599,#9600));
#9590 = ORIENTED_EDGE('',*,*,#9591,.F.);
#9591 = EDGE_CURVE('',#8449,#9592,#9594,.T.);
#9592 = VERTEX_POINT('',#9593);
#9593 = CARTESIAN_POINT('',(0.32,-2.86,8.38));
#9594 = LINE('',#9595,#9596);
#9595 = CARTESIAN_POINT('',(0.32,-2.86,-3.));
#9596 = VECTOR('',#9597,1.);
#9597 = DIRECTION('',(0.,0.,1.));
#9598 = ORIENTED_EDGE('',*,*,#8456,.T.);
#9599 = ORIENTED_EDGE('',*,*,#9567,.T.);
#9600 = ORIENTED_EDGE('',*,*,#9601,.T.);
#9601 = EDGE_CURVE('',#9568,#9592,#9602,.T.);
#9602 = LINE('',#9603,#9604);
#9603 = CARTESIAN_POINT('',(-0.32,-2.86,8.38));
#9604 = VECTOR('',#9605,1.);
#9605 = DIRECTION('',(1.,0.,0.));
#9606 = PLANE('',#9607);
#9607 = AXIS2_PLACEMENT_3D('',#9608,#9609,#9610);
#9608 = CARTESIAN_POINT('',(-0.32,-2.86,-3.));
#9609 = DIRECTION('',(0.,1.,0.));
#9610 = DIRECTION('',(0.,-0.,1.));
#9611 = ADVANCED_FACE('',(#9612),#9623,.T.);
#9612 = FACE_BOUND('',#9613,.T.);
#9613 = EDGE_LOOP('',(#9614,#9615,#9616,#9617));
#9614 = ORIENTED_EDGE('',*,*,#9591,.F.);
#9615 = ORIENTED_EDGE('',*,*,#8448,.T.);
#9616 = ORIENTED_EDGE('',*,*,#9536,.T.);
#9617 = ORIENTED_EDGE('',*,*,#9618,.F.);
#9618 = EDGE_CURVE('',#9592,#9537,#9619,.T.);
#9619 = LINE('',#9620,#9621);
#9620 = CARTESIAN_POINT('',(0.32,-2.86,8.38));
#9621 = VECTOR('',#9622,1.);
#9622 = DIRECTION('',(0.,1.,0.));
#9623 = PLANE('',#9624);
#9624 = AXIS2_PLACEMENT_3D('',#9625,#9626,#9627);
#9625 = CARTESIAN_POINT('',(0.32,-2.86,-3.));
#9626 = DIRECTION('',(1.,0.,0.));
#9627 = DIRECTION('',(0.,0.,1.));
#9628 = ADVANCED_FACE('',(#9629),#9654,.F.);
#9629 = FACE_BOUND('',#9630,.T.);
#9630 = EDGE_LOOP('',(#9631,#9639,#9640,#9648));
#9631 = ORIENTED_EDGE('',*,*,#9632,.F.);
#9632 = EDGE_CURVE('',#8873,#9633,#9635,.T.);
#9633 = VERTEX_POINT('',#9634);
#9634 = CARTESIAN_POINT('',(-0.16,-4.92,-3.));
#9635 = LINE('',#9636,#9637);
#9636 = CARTESIAN_POINT('',(-0.16,-4.92,-3.));
#9637 = VECTOR('',#9638,1.);
#9638 = DIRECTION('',(0.57735026919,-0.57735026919,-0.57735026919));
#9639 = ORIENTED_EDGE('',*,*,#8872,.T.);
#9640 = ORIENTED_EDGE('',*,*,#9641,.T.);
#9641 = EDGE_CURVE('',#8865,#9642,#9644,.T.);
#9642 = VERTEX_POINT('',#9643);
#9643 = CARTESIAN_POINT('',(0.16,-4.92,-3.));
#9644 = LINE('',#9645,#9646);
#9645 = CARTESIAN_POINT('',(5.333333333333E-02,-5.026666666667,
    -3.106666666667));
#9646 = VECTOR('',#9647,1.);
#9647 = DIRECTION('',(-0.57735026919,-0.57735026919,-0.57735026919));
#9648 = ORIENTED_EDGE('',*,*,#9649,.F.);
#9649 = EDGE_CURVE('',#9633,#9642,#9650,.T.);
#9650 = LINE('',#9651,#9652);
#9651 = CARTESIAN_POINT('',(-0.32,-4.92,-3.));
#9652 = VECTOR('',#9653,1.);
#9653 = DIRECTION('',(1.,0.,0.));
#9654 = PLANE('',#9655);
#9655 = AXIS2_PLACEMENT_3D('',#9656,#9657,#9658);
#9656 = CARTESIAN_POINT('',(-0.32,-4.84,-2.92));
#9657 = DIRECTION('',(-1.735167508357E-18,-0.707106781187,0.707106781187
    ));
#9658 = DIRECTION('',(-1.,1.226948711654E-18,-1.226948711654E-18));
#9659 = ADVANCED_FACE('',(#9660),#9678,.T.);
#9660 = FACE_BOUND('',#9661,.T.);
#9661 = EDGE_LOOP('',(#9662,#9670,#9671,#9672));
#9662 = ORIENTED_EDGE('',*,*,#9663,.F.);
#9663 = EDGE_CURVE('',#8896,#9664,#9666,.T.);
#9664 = VERTEX_POINT('',#9665);
#9665 = CARTESIAN_POINT('',(-0.16,-5.24,-3.));
#9666 = LINE('',#9667,#9668);
#9667 = CARTESIAN_POINT('',(-0.266666666667,-5.346666666667,
    -2.893333333333));
#9668 = VECTOR('',#9669,1.);
#9669 = DIRECTION('',(0.57735026919,0.57735026919,-0.57735026919));
#9670 = ORIENTED_EDGE('',*,*,#8903,.T.);
#9671 = ORIENTED_EDGE('',*,*,#9632,.T.);
#9672 = ORIENTED_EDGE('',*,*,#9673,.F.);
#9673 = EDGE_CURVE('',#9664,#9633,#9674,.T.);
#9674 = LINE('',#9675,#9676);
#9675 = CARTESIAN_POINT('',(-0.16,-5.4,-3.));
#9676 = VECTOR('',#9677,1.);
#9677 = DIRECTION('',(0.,1.,0.));
#9678 = PLANE('',#9679);
#9679 = AXIS2_PLACEMENT_3D('',#9680,#9681,#9682);
#9680 = CARTESIAN_POINT('',(-0.24,-5.4,-2.92));
#9681 = DIRECTION('',(-0.707106781187,-1.735167508357E-18,
    -0.707106781187));
#9682 = DIRECTION('',(-1.226948711654E-18,1.,-1.226948711654E-18));
#9683 = ADVANCED_FACE('',(#9684),#9702,.T.);
#9684 = FACE_BOUND('',#9685,.F.);
#9685 = EDGE_LOOP('',(#9686,#9687,#9688,#9696));
#9686 = ORIENTED_EDGE('',*,*,#9663,.F.);
#9687 = ORIENTED_EDGE('',*,*,#8927,.T.);
#9688 = ORIENTED_EDGE('',*,*,#9689,.T.);
#9689 = EDGE_CURVE('',#8920,#9690,#9692,.T.);
#9690 = VERTEX_POINT('',#9691);
#9691 = CARTESIAN_POINT('',(0.16,-5.24,-3.));
#9692 = LINE('',#9693,#9694);
#9693 = CARTESIAN_POINT('',(0.16,-5.24,-3.));
#9694 = VECTOR('',#9695,1.);
#9695 = DIRECTION('',(-0.57735026919,0.57735026919,-0.57735026919));
#9696 = ORIENTED_EDGE('',*,*,#9697,.F.);
#9697 = EDGE_CURVE('',#9664,#9690,#9698,.T.);
#9698 = LINE('',#9699,#9700);
#9699 = CARTESIAN_POINT('',(-0.32,-5.24,-3.));
#9700 = VECTOR('',#9701,1.);
#9701 = DIRECTION('',(1.,0.,0.));
#9702 = PLANE('',#9703);
#9703 = AXIS2_PLACEMENT_3D('',#9704,#9705,#9706);
#9704 = CARTESIAN_POINT('',(-0.32,-5.32,-2.92));
#9705 = DIRECTION('',(1.735167508357E-18,-0.707106781187,-0.707106781187
    ));
#9706 = DIRECTION('',(-1.,-1.226948711654E-18,-1.226948711654E-18));
#9707 = ADVANCED_FACE('',(#9708),#9719,.F.);
#9708 = FACE_BOUND('',#9709,.F.);
#9709 = EDGE_LOOP('',(#9710,#9711,#9712,#9713));
#9710 = ORIENTED_EDGE('',*,*,#9689,.F.);
#9711 = ORIENTED_EDGE('',*,*,#8944,.T.);
#9712 = ORIENTED_EDGE('',*,*,#9641,.T.);
#9713 = ORIENTED_EDGE('',*,*,#9714,.F.);
#9714 = EDGE_CURVE('',#9690,#9642,#9715,.T.);
#9715 = LINE('',#9716,#9717);
#9716 = CARTESIAN_POINT('',(0.16,-5.4,-3.));
#9717 = VECTOR('',#9718,1.);
#9718 = DIRECTION('',(0.,1.,0.));
#9719 = PLANE('',#9720);
#9720 = AXIS2_PLACEMENT_3D('',#9721,#9722,#9723);
#9721 = CARTESIAN_POINT('',(0.24,-5.4,-2.92));
#9722 = DIRECTION('',(-0.707106781187,1.735167508357E-18,0.707106781187)
  );
#9723 = DIRECTION('',(1.226948711654E-18,1.,-1.226948711654E-18));
#9724 = ADVANCED_FACE('',(#9725),#9750,.F.);
#9725 = FACE_BOUND('',#9726,.F.);
#9726 = EDGE_LOOP('',(#9727,#9735,#9736,#9744));
#9727 = ORIENTED_EDGE('',*,*,#9728,.F.);
#9728 = EDGE_CURVE('',#8961,#9729,#9731,.T.);
#9729 = VERTEX_POINT('',#9730);
#9730 = CARTESIAN_POINT('',(0.16,-7.78,-3.));
#9731 = LINE('',#9732,#9733);
#9732 = CARTESIAN_POINT('',(0.16,-7.78,-3.));
#9733 = VECTOR('',#9734,1.);
#9734 = DIRECTION('',(-0.57735026919,0.57735026919,-0.57735026919));
#9735 = ORIENTED_EDGE('',*,*,#8968,.T.);
#9736 = ORIENTED_EDGE('',*,*,#9737,.T.);
#9737 = EDGE_CURVE('',#8969,#9738,#9740,.T.);
#9738 = VERTEX_POINT('',#9739);
#9739 = CARTESIAN_POINT('',(0.16,-7.46,-3.));
#9740 = LINE('',#9741,#9742);
#9741 = CARTESIAN_POINT('',(5.333333333333E-02,-7.566666666667,
    -3.106666666667));
#9742 = VECTOR('',#9743,1.);
#9743 = DIRECTION('',(-0.57735026919,-0.57735026919,-0.57735026919));
#9744 = ORIENTED_EDGE('',*,*,#9745,.F.);
#9745 = EDGE_CURVE('',#9729,#9738,#9746,.T.);
#9746 = LINE('',#9747,#9748);
#9747 = CARTESIAN_POINT('',(0.16,-7.94,-3.));
#9748 = VECTOR('',#9749,1.);
#9749 = DIRECTION('',(0.,1.,0.));
#9750 = PLANE('',#9751);
#9751 = AXIS2_PLACEMENT_3D('',#9752,#9753,#9754);
#9752 = CARTESIAN_POINT('',(0.24,-7.94,-2.92));
#9753 = DIRECTION('',(-0.707106781187,1.735167508357E-18,0.707106781187)
  );
#9754 = DIRECTION('',(1.226948711654E-18,1.,-1.226948711654E-18));
#9755 = ADVANCED_FACE('',(#9756),#9774,.F.);
#9756 = FACE_BOUND('',#9757,.T.);
#9757 = EDGE_LOOP('',(#9758,#9766,#9767,#9768));
#9758 = ORIENTED_EDGE('',*,*,#9759,.F.);
#9759 = EDGE_CURVE('',#8993,#9760,#9762,.T.);
#9760 = VERTEX_POINT('',#9761);
#9761 = CARTESIAN_POINT('',(-0.16,-7.46,-3.));
#9762 = LINE('',#9763,#9764);
#9763 = CARTESIAN_POINT('',(-0.16,-7.46,-3.));
#9764 = VECTOR('',#9765,1.);
#9765 = DIRECTION('',(0.57735026919,-0.57735026919,-0.57735026919));
#9766 = ORIENTED_EDGE('',*,*,#8992,.T.);
#9767 = ORIENTED_EDGE('',*,*,#9737,.T.);
#9768 = ORIENTED_EDGE('',*,*,#9769,.F.);
#9769 = EDGE_CURVE('',#9760,#9738,#9770,.T.);
#9770 = LINE('',#9771,#9772);
#9771 = CARTESIAN_POINT('',(-0.32,-7.46,-3.));
#9772 = VECTOR('',#9773,1.);
#9773 = DIRECTION('',(1.,0.,0.));
#9774 = PLANE('',#9775);
#9775 = AXIS2_PLACEMENT_3D('',#9776,#9777,#9778);
#9776 = CARTESIAN_POINT('',(-0.32,-7.38,-2.92));
#9777 = DIRECTION('',(-1.735167508357E-18,-0.707106781187,0.707106781187
    ));
#9778 = DIRECTION('',(-1.,1.226948711654E-18,-1.226948711654E-18));
#9779 = ADVANCED_FACE('',(#9780),#9798,.T.);
#9780 = FACE_BOUND('',#9781,.T.);
#9781 = EDGE_LOOP('',(#9782,#9790,#9791,#9792));
#9782 = ORIENTED_EDGE('',*,*,#9783,.F.);
#9783 = EDGE_CURVE('',#9016,#9784,#9786,.T.);
#9784 = VERTEX_POINT('',#9785);
#9785 = CARTESIAN_POINT('',(-0.16,-7.78,-3.));
#9786 = LINE('',#9787,#9788);
#9787 = CARTESIAN_POINT('',(-0.266666666667,-7.886666666667,
    -2.893333333333));
#9788 = VECTOR('',#9789,1.);
#9789 = DIRECTION('',(0.57735026919,0.57735026919,-0.57735026919));
#9790 = ORIENTED_EDGE('',*,*,#9023,.T.);
#9791 = ORIENTED_EDGE('',*,*,#9759,.T.);
#9792 = ORIENTED_EDGE('',*,*,#9793,.F.);
#9793 = EDGE_CURVE('',#9784,#9760,#9794,.T.);
#9794 = LINE('',#9795,#9796);
#9795 = CARTESIAN_POINT('',(-0.16,-7.94,-3.));
#9796 = VECTOR('',#9797,1.);
#9797 = DIRECTION('',(0.,1.,0.));
#9798 = PLANE('',#9799);
#9799 = AXIS2_PLACEMENT_3D('',#9800,#9801,#9802);
#9800 = CARTESIAN_POINT('',(-0.24,-7.94,-2.92));
#9801 = DIRECTION('',(-0.707106781187,-1.735167508357E-18,
    -0.707106781187));
#9802 = DIRECTION('',(-1.226948711654E-18,1.,-1.226948711654E-18));
#9803 = ADVANCED_FACE('',(#9804),#9815,.T.);
#9804 = FACE_BOUND('',#9805,.F.);
#9805 = EDGE_LOOP('',(#9806,#9807,#9808,#9809));
#9806 = ORIENTED_EDGE('',*,*,#9783,.F.);
#9807 = ORIENTED_EDGE('',*,*,#9040,.T.);
#9808 = ORIENTED_EDGE('',*,*,#9728,.T.);
#9809 = ORIENTED_EDGE('',*,*,#9810,.F.);
#9810 = EDGE_CURVE('',#9784,#9729,#9811,.T.);
#9811 = LINE('',#9812,#9813);
#9812 = CARTESIAN_POINT('',(-0.32,-7.78,-3.));
#9813 = VECTOR('',#9814,1.);
#9814 = DIRECTION('',(1.,0.,0.));
#9815 = PLANE('',#9816);
#9816 = AXIS2_PLACEMENT_3D('',#9817,#9818,#9819);
#9817 = CARTESIAN_POINT('',(-0.32,-7.86,-2.92));
#9818 = DIRECTION('',(1.735167508357E-18,-0.707106781187,-0.707106781187
    ));
#9819 = DIRECTION('',(-1.,-1.226948711654E-18,-1.226948711654E-18));
#9820 = ADVANCED_FACE('',(#9821),#9846,.F.);
#9821 = FACE_BOUND('',#9822,.F.);
#9822 = EDGE_LOOP('',(#9823,#9831,#9832,#9840));
#9823 = ORIENTED_EDGE('',*,*,#9824,.F.);
#9824 = EDGE_CURVE('',#9057,#9825,#9827,.T.);
#9825 = VERTEX_POINT('',#9826);
#9826 = CARTESIAN_POINT('',(0.16,-0.16,-3.));
#9827 = LINE('',#9828,#9829);
#9828 = CARTESIAN_POINT('',(0.16,-0.16,-3.));
#9829 = VECTOR('',#9830,1.);
#9830 = DIRECTION('',(-0.57735026919,0.57735026919,-0.57735026919));
#9831 = ORIENTED_EDGE('',*,*,#9064,.T.);
#9832 = ORIENTED_EDGE('',*,*,#9833,.T.);
#9833 = EDGE_CURVE('',#9065,#9834,#9836,.T.);
#9834 = VERTEX_POINT('',#9835);
#9835 = CARTESIAN_POINT('',(0.16,0.16,-3.));
#9836 = LINE('',#9837,#9838);
#9837 = CARTESIAN_POINT('',(5.333333333333E-02,5.333333333333E-02,
    -3.106666666667));
#9838 = VECTOR('',#9839,1.);
#9839 = DIRECTION('',(-0.57735026919,-0.57735026919,-0.57735026919));
#9840 = ORIENTED_EDGE('',*,*,#9841,.F.);
#9841 = EDGE_CURVE('',#9825,#9834,#9842,.T.);
#9842 = LINE('',#9843,#9844);
#9843 = CARTESIAN_POINT('',(0.16,-0.32,-3.));
#9844 = VECTOR('',#9845,1.);
#9845 = DIRECTION('',(0.,1.,0.));
#9846 = PLANE('',#9847);
#9847 = AXIS2_PLACEMENT_3D('',#9848,#9849,#9850);
#9848 = CARTESIAN_POINT('',(0.24,-0.32,-2.92));
#9849 = DIRECTION('',(-0.707106781187,1.735167508357E-18,0.707106781187)
  );
#9850 = DIRECTION('',(1.226948711654E-18,1.,-1.226948711654E-18));
#9851 = ADVANCED_FACE('',(#9852),#9870,.F.);
#9852 = FACE_BOUND('',#9853,.T.);
#9853 = EDGE_LOOP('',(#9854,#9862,#9863,#9864));
#9854 = ORIENTED_EDGE('',*,*,#9855,.F.);
#9855 = EDGE_CURVE('',#9089,#9856,#9858,.T.);
#9856 = VERTEX_POINT('',#9857);
#9857 = CARTESIAN_POINT('',(-0.16,0.16,-3.));
#9858 = LINE('',#9859,#9860);
#9859 = CARTESIAN_POINT('',(-0.16,0.16,-3.));
#9860 = VECTOR('',#9861,1.);
#9861 = DIRECTION('',(0.57735026919,-0.57735026919,-0.57735026919));
#9862 = ORIENTED_EDGE('',*,*,#9088,.T.);
#9863 = ORIENTED_EDGE('',*,*,#9833,.T.);
#9864 = ORIENTED_EDGE('',*,*,#9865,.F.);
#9865 = EDGE_CURVE('',#9856,#9834,#9866,.T.);
#9866 = LINE('',#9867,#9868);
#9867 = CARTESIAN_POINT('',(-0.32,0.16,-3.));
#9868 = VECTOR('',#9869,1.);
#9869 = DIRECTION('',(1.,0.,0.));
#9870 = PLANE('',#9871);
#9871 = AXIS2_PLACEMENT_3D('',#9872,#9873,#9874);
#9872 = CARTESIAN_POINT('',(-0.32,0.24,-2.92));
#9873 = DIRECTION('',(-1.735167508357E-18,-0.707106781187,0.707106781187
    ));
#9874 = DIRECTION('',(-1.,1.226948711654E-18,-1.226948711654E-18));
#9875 = ADVANCED_FACE('',(#9876),#9894,.T.);
#9876 = FACE_BOUND('',#9877,.T.);
#9877 = EDGE_LOOP('',(#9878,#9886,#9887,#9888));
#9878 = ORIENTED_EDGE('',*,*,#9879,.F.);
#9879 = EDGE_CURVE('',#9112,#9880,#9882,.T.);
#9880 = VERTEX_POINT('',#9881);
#9881 = CARTESIAN_POINT('',(-0.16,-0.16,-3.));
#9882 = LINE('',#9883,#9884);
#9883 = CARTESIAN_POINT('',(-0.266666666667,-0.266666666667,
    -2.893333333333));
#9884 = VECTOR('',#9885,1.);
#9885 = DIRECTION('',(0.57735026919,0.57735026919,-0.57735026919));
#9886 = ORIENTED_EDGE('',*,*,#9119,.T.);
#9887 = ORIENTED_EDGE('',*,*,#9855,.T.);
#9888 = ORIENTED_EDGE('',*,*,#9889,.F.);
#9889 = EDGE_CURVE('',#9880,#9856,#9890,.T.);
#9890 = LINE('',#9891,#9892);
#9891 = CARTESIAN_POINT('',(-0.16,-0.32,-3.));
#9892 = VECTOR('',#9893,1.);
#9893 = DIRECTION('',(0.,1.,0.));
#9894 = PLANE('',#9895);
#9895 = AXIS2_PLACEMENT_3D('',#9896,#9897,#9898);
#9896 = CARTESIAN_POINT('',(-0.24,-0.32,-2.92));
#9897 = DIRECTION('',(-0.707106781187,-1.735167508357E-18,
    -0.707106781187));
#9898 = DIRECTION('',(-1.226948711654E-18,1.,-1.226948711654E-18));
#9899 = ADVANCED_FACE('',(#9900),#9911,.T.);
#9900 = FACE_BOUND('',#9901,.F.);
#9901 = EDGE_LOOP('',(#9902,#9903,#9904,#9905));
#9902 = ORIENTED_EDGE('',*,*,#9879,.F.);
#9903 = ORIENTED_EDGE('',*,*,#9136,.T.);
#9904 = ORIENTED_EDGE('',*,*,#9824,.T.);
#9905 = ORIENTED_EDGE('',*,*,#9906,.F.);
#9906 = EDGE_CURVE('',#9880,#9825,#9907,.T.);
#9907 = LINE('',#9908,#9909);
#9908 = CARTESIAN_POINT('',(-0.32,-0.16,-3.));
#9909 = VECTOR('',#9910,1.);
#9910 = DIRECTION('',(1.,0.,0.));
#9911 = PLANE('',#9912);
#9912 = AXIS2_PLACEMENT_3D('',#9913,#9914,#9915);
#9913 = CARTESIAN_POINT('',(-0.32,-0.24,-2.92));
#9914 = DIRECTION('',(1.735167508357E-18,-0.707106781187,-0.707106781187
    ));
#9915 = DIRECTION('',(-1.,-1.226948711654E-18,-1.226948711654E-18));
#9916 = ADVANCED_FACE('',(#9917),#9942,.F.);
#9917 = FACE_BOUND('',#9918,.T.);
#9918 = EDGE_LOOP('',(#9919,#9927,#9928,#9936));
#9919 = ORIENTED_EDGE('',*,*,#9920,.F.);
#9920 = EDGE_CURVE('',#9161,#9921,#9923,.T.);
#9921 = VERTEX_POINT('',#9922);
#9922 = CARTESIAN_POINT('',(-0.16,-2.38,-3.));
#9923 = LINE('',#9924,#9925);
#9924 = CARTESIAN_POINT('',(-0.16,-2.38,-3.));
#9925 = VECTOR('',#9926,1.);
#9926 = DIRECTION('',(0.57735026919,-0.57735026919,-0.57735026919));
#9927 = ORIENTED_EDGE('',*,*,#9160,.T.);
#9928 = ORIENTED_EDGE('',*,*,#9929,.T.);
#9929 = EDGE_CURVE('',#9153,#9930,#9932,.T.);
#9930 = VERTEX_POINT('',#9931);
#9931 = CARTESIAN_POINT('',(0.16,-2.38,-3.));
#9932 = LINE('',#9933,#9934);
#9933 = CARTESIAN_POINT('',(5.333333333333E-02,-2.486666666667,
    -3.106666666667));
#9934 = VECTOR('',#9935,1.);
#9935 = DIRECTION('',(-0.57735026919,-0.57735026919,-0.57735026919));
#9936 = ORIENTED_EDGE('',*,*,#9937,.F.);
#9937 = EDGE_CURVE('',#9921,#9930,#9938,.T.);
#9938 = LINE('',#9939,#9940);
#9939 = CARTESIAN_POINT('',(-0.32,-2.38,-3.));
#9940 = VECTOR('',#9941,1.);
#9941 = DIRECTION('',(1.,0.,0.));
#9942 = PLANE('',#9943);
#9943 = AXIS2_PLACEMENT_3D('',#9944,#9945,#9946);
#9944 = CARTESIAN_POINT('',(-0.32,-2.3,-2.92));
#9945 = DIRECTION('',(-1.735167508357E-18,-0.707106781187,0.707106781187
    ));
#9946 = DIRECTION('',(-1.,1.226948711654E-18,-1.226948711654E-18));
#9947 = ADVANCED_FACE('',(#9948),#9966,.T.);
#9948 = FACE_BOUND('',#9949,.T.);
#9949 = EDGE_LOOP('',(#9950,#9958,#9959,#9960));
#9950 = ORIENTED_EDGE('',*,*,#9951,.F.);
#9951 = EDGE_CURVE('',#9184,#9952,#9954,.T.);
#9952 = VERTEX_POINT('',#9953);
#9953 = CARTESIAN_POINT('',(-0.16,-2.7,-3.));
#9954 = LINE('',#9955,#9956);
#9955 = CARTESIAN_POINT('',(-0.266666666667,-2.806666666667,
    -2.893333333333));
#9956 = VECTOR('',#9957,1.);
#9957 = DIRECTION('',(0.57735026919,0.57735026919,-0.57735026919));
#9958 = ORIENTED_EDGE('',*,*,#9191,.T.);
#9959 = ORIENTED_EDGE('',*,*,#9920,.T.);
#9960 = ORIENTED_EDGE('',*,*,#9961,.F.);
#9961 = EDGE_CURVE('',#9952,#9921,#9962,.T.);
#9962 = LINE('',#9963,#9964);
#9963 = CARTESIAN_POINT('',(-0.16,-2.86,-3.));
#9964 = VECTOR('',#9965,1.);
#9965 = DIRECTION('',(0.,1.,0.));
#9966 = PLANE('',#9967);
#9967 = AXIS2_PLACEMENT_3D('',#9968,#9969,#9970);
#9968 = CARTESIAN_POINT('',(-0.24,-2.86,-2.92));
#9969 = DIRECTION('',(-0.707106781187,-1.735167508357E-18,
    -0.707106781187));
#9970 = DIRECTION('',(-1.226948711654E-18,1.,-1.226948711654E-18));
#9971 = ADVANCED_FACE('',(#9972),#9990,.T.);
#9972 = FACE_BOUND('',#9973,.F.);
#9973 = EDGE_LOOP('',(#9974,#9975,#9976,#9984));
#9974 = ORIENTED_EDGE('',*,*,#9951,.F.);
#9975 = ORIENTED_EDGE('',*,*,#9215,.T.);
#9976 = ORIENTED_EDGE('',*,*,#9977,.T.);
#9977 = EDGE_CURVE('',#9208,#9978,#9980,.T.);
#9978 = VERTEX_POINT('',#9979);
#9979 = CARTESIAN_POINT('',(0.16,-2.7,-3.));
#9980 = LINE('',#9981,#9982);
#9981 = CARTESIAN_POINT('',(0.16,-2.7,-3.));
#9982 = VECTOR('',#9983,1.);
#9983 = DIRECTION('',(-0.57735026919,0.57735026919,-0.57735026919));
#9984 = ORIENTED_EDGE('',*,*,#9985,.F.);
#9985 = EDGE_CURVE('',#9952,#9978,#9986,.T.);
#9986 = LINE('',#9987,#9988);
#9987 = CARTESIAN_POINT('',(-0.32,-2.7,-3.));
#9988 = VECTOR('',#9989,1.);
#9989 = DIRECTION('',(1.,0.,0.));
#9990 = PLANE('',#9991);
#9991 = AXIS2_PLACEMENT_3D('',#9992,#9993,#9994);
#9992 = CARTESIAN_POINT('',(-0.32,-2.78,-2.92));
#9993 = DIRECTION('',(1.735167508357E-18,-0.707106781187,-0.707106781187
    ));
#9994 = DIRECTION('',(-1.,-1.226948711654E-18,-1.226948711654E-18));
#9995 = ADVANCED_FACE('',(#9996),#10007,.F.);
#9996 = FACE_BOUND('',#9997,.F.);
#9997 = EDGE_LOOP('',(#9998,#9999,#10000,#10001));
#9998 = ORIENTED_EDGE('',*,*,#9977,.F.);
#9999 = ORIENTED_EDGE('',*,*,#9232,.T.);
#10000 = ORIENTED_EDGE('',*,*,#9929,.T.);
#10001 = ORIENTED_EDGE('',*,*,#10002,.F.);
#10002 = EDGE_CURVE('',#9978,#9930,#10003,.T.);
#10003 = LINE('',#10004,#10005);
#10004 = CARTESIAN_POINT('',(0.16,-2.86,-3.));
#10005 = VECTOR('',#10006,1.);
#10006 = DIRECTION('',(0.,1.,0.));
#10007 = PLANE('',#10008);
#10008 = AXIS2_PLACEMENT_3D('',#10009,#10010,#10011);
#10009 = CARTESIAN_POINT('',(0.24,-2.86,-2.92));
#10010 = DIRECTION('',(-0.707106781187,1.735167508357E-18,0.707106781187
    ));
#10011 = DIRECTION('',(1.226948711654E-18,1.,-1.226948711654E-18));
#10012 = ADVANCED_FACE('',(#10013),#10038,.T.);
#10013 = FACE_BOUND('',#10014,.F.);
#10014 = EDGE_LOOP('',(#10015,#10023,#10024,#10032));
#10015 = ORIENTED_EDGE('',*,*,#10016,.F.);
#10016 = EDGE_CURVE('',#9258,#10017,#10019,.T.);
#10017 = VERTEX_POINT('',#10018);
#10018 = CARTESIAN_POINT('',(-0.16,-4.92,8.54));
#10019 = LINE('',#10020,#10021);
#10020 = CARTESIAN_POINT('',(-0.16,-4.92,8.54));
#10021 = VECTOR('',#10022,1.);
#10022 = DIRECTION('',(0.57735026919,-0.57735026919,0.57735026919));
#10023 = ORIENTED_EDGE('',*,*,#9265,.T.);
#10024 = ORIENTED_EDGE('',*,*,#10025,.T.);
#10025 = EDGE_CURVE('',#9249,#10026,#10028,.T.);
#10026 = VERTEX_POINT('',#10027);
#10027 = CARTESIAN_POINT('',(0.16,-4.92,8.54));
#10028 = LINE('',#10029,#10030);
#10029 = CARTESIAN_POINT('',(5.333333333333E-02,-5.026666666667,
    8.646666666667));
#10030 = VECTOR('',#10031,1.);
#10031 = DIRECTION('',(-0.57735026919,-0.57735026919,0.57735026919));
#10032 = ORIENTED_EDGE('',*,*,#10033,.F.);
#10033 = EDGE_CURVE('',#10017,#10026,#10034,.T.);
#10034 = LINE('',#10035,#10036);
#10035 = CARTESIAN_POINT('',(-0.32,-4.92,8.54));
#10036 = VECTOR('',#10037,1.);
#10037 = DIRECTION('',(1.,0.,0.));
#10038 = PLANE('',#10039);
#10039 = AXIS2_PLACEMENT_3D('',#10040,#10041,#10042);
#10040 = CARTESIAN_POINT('',(-0.32,-4.84,8.46));
#10041 = DIRECTION('',(1.735167508357E-18,0.707106781187,0.707106781187)
  );
#10042 = DIRECTION('',(-1.,1.226948711654E-18,1.226948711654E-18));
#10043 = ADVANCED_FACE('',(#10044),#10062,.F.);
#10044 = FACE_BOUND('',#10045,.F.);
#10045 = EDGE_LOOP('',(#10046,#10054,#10055,#10056));
#10046 = ORIENTED_EDGE('',*,*,#10047,.F.);
#10047 = EDGE_CURVE('',#9280,#10048,#10050,.T.);
#10048 = VERTEX_POINT('',#10049);
#10049 = CARTESIAN_POINT('',(-0.16,-5.24,8.54));
#10050 = LINE('',#10051,#10052);
#10051 = CARTESIAN_POINT('',(-0.266666666667,-5.346666666667,
    8.433333333333));
#10052 = VECTOR('',#10053,1.);
#10053 = DIRECTION('',(0.57735026919,0.57735026919,0.57735026919));
#10054 = ORIENTED_EDGE('',*,*,#9289,.T.);
#10055 = ORIENTED_EDGE('',*,*,#10016,.T.);
#10056 = ORIENTED_EDGE('',*,*,#10057,.F.);
#10057 = EDGE_CURVE('',#10048,#10017,#10058,.T.);
#10058 = LINE('',#10059,#10060);
#10059 = CARTESIAN_POINT('',(-0.16,-5.4,8.54));
#10060 = VECTOR('',#10061,1.);
#10061 = DIRECTION('',(0.,1.,0.));
#10062 = PLANE('',#10063);
#10063 = AXIS2_PLACEMENT_3D('',#10064,#10065,#10066);
#10064 = CARTESIAN_POINT('',(-0.24,-5.4,8.46));
#10065 = DIRECTION('',(0.707106781187,1.735167508357E-18,-0.707106781187
    ));
#10066 = DIRECTION('',(-1.226948711654E-18,1.,1.226948711654E-18));
#10067 = ADVANCED_FACE('',(#10068),#10086,.F.);
#10068 = FACE_BOUND('',#10069,.T.);
#10069 = EDGE_LOOP('',(#10070,#10071,#10072,#10080));
#10070 = ORIENTED_EDGE('',*,*,#10047,.F.);
#10071 = ORIENTED_EDGE('',*,*,#9313,.T.);
#10072 = ORIENTED_EDGE('',*,*,#10073,.T.);
#10073 = EDGE_CURVE('',#9304,#10074,#10076,.T.);
#10074 = VERTEX_POINT('',#10075);
#10075 = CARTESIAN_POINT('',(0.16,-5.24,8.54));
#10076 = LINE('',#10077,#10078);
#10077 = CARTESIAN_POINT('',(0.16,-5.24,8.54));
#10078 = VECTOR('',#10079,1.);
#10079 = DIRECTION('',(-0.57735026919,0.57735026919,0.57735026919));
#10080 = ORIENTED_EDGE('',*,*,#10081,.F.);
#10081 = EDGE_CURVE('',#10048,#10074,#10082,.T.);
#10082 = LINE('',#10083,#10084);
#10083 = CARTESIAN_POINT('',(-0.32,-5.24,8.54));
#10084 = VECTOR('',#10085,1.);
#10085 = DIRECTION('',(1.,0.,0.));
#10086 = PLANE('',#10087);
#10087 = AXIS2_PLACEMENT_3D('',#10088,#10089,#10090);
#10088 = CARTESIAN_POINT('',(-0.32,-5.32,8.46));
#10089 = DIRECTION('',(-1.735167508357E-18,0.707106781187,
    -0.707106781187));
#10090 = DIRECTION('',(-1.,-1.226948711654E-18,1.226948711654E-18));
#10091 = ADVANCED_FACE('',(#10092),#10103,.T.);
#10092 = FACE_BOUND('',#10093,.T.);
#10093 = EDGE_LOOP('',(#10094,#10095,#10096,#10097));
#10094 = ORIENTED_EDGE('',*,*,#10073,.F.);
#10095 = ORIENTED_EDGE('',*,*,#9330,.T.);
#10096 = ORIENTED_EDGE('',*,*,#10025,.T.);
#10097 = ORIENTED_EDGE('',*,*,#10098,.F.);
#10098 = EDGE_CURVE('',#10074,#10026,#10099,.T.);
#10099 = LINE('',#10100,#10101);
#10100 = CARTESIAN_POINT('',(0.16,-5.4,8.54));
#10101 = VECTOR('',#10102,1.);
#10102 = DIRECTION('',(0.,1.,0.));
#10103 = PLANE('',#10104);
#10104 = AXIS2_PLACEMENT_3D('',#10105,#10106,#10107);
#10105 = CARTESIAN_POINT('',(0.24,-5.4,8.46));
#10106 = DIRECTION('',(0.707106781187,-1.735167508357E-18,0.707106781187
    ));
#10107 = DIRECTION('',(1.226948711654E-18,1.,1.226948711654E-18));
#10108 = ADVANCED_FACE('',(#10109),#10134,.T.);
#10109 = FACE_BOUND('',#10110,.T.);
#10110 = EDGE_LOOP('',(#10111,#10119,#10120,#10128));
#10111 = ORIENTED_EDGE('',*,*,#10112,.F.);
#10112 = EDGE_CURVE('',#9345,#10113,#10115,.T.);
#10113 = VERTEX_POINT('',#10114);
#10114 = CARTESIAN_POINT('',(0.16,-7.78,8.54));
#10115 = LINE('',#10116,#10117);
#10116 = CARTESIAN_POINT('',(0.16,-7.78,8.54));
#10117 = VECTOR('',#10118,1.);
#10118 = DIRECTION('',(-0.57735026919,0.57735026919,0.57735026919));
#10119 = ORIENTED_EDGE('',*,*,#9361,.T.);
#10120 = ORIENTED_EDGE('',*,*,#10121,.T.);
#10121 = EDGE_CURVE('',#9354,#10122,#10124,.T.);
#10122 = VERTEX_POINT('',#10123);
#10123 = CARTESIAN_POINT('',(0.16,-7.46,8.54));
#10124 = LINE('',#10125,#10126);
#10125 = CARTESIAN_POINT('',(5.333333333333E-02,-7.566666666667,
    8.646666666667));
#10126 = VECTOR('',#10127,1.);
#10127 = DIRECTION('',(-0.57735026919,-0.57735026919,0.57735026919));
#10128 = ORIENTED_EDGE('',*,*,#10129,.F.);
#10129 = EDGE_CURVE('',#10113,#10122,#10130,.T.);
#10130 = LINE('',#10131,#10132);
#10131 = CARTESIAN_POINT('',(0.16,-7.94,8.54));
#10132 = VECTOR('',#10133,1.);
#10133 = DIRECTION('',(0.,1.,0.));
#10134 = PLANE('',#10135);
#10135 = AXIS2_PLACEMENT_3D('',#10136,#10137,#10138);
#10136 = CARTESIAN_POINT('',(0.24,-7.94,8.46));
#10137 = DIRECTION('',(0.707106781187,-1.735167508357E-18,0.707106781187
    ));
#10138 = DIRECTION('',(1.226948711654E-18,1.,1.226948711654E-18));
#10139 = ADVANCED_FACE('',(#10140),#10158,.T.);
#10140 = FACE_BOUND('',#10141,.F.);
#10141 = EDGE_LOOP('',(#10142,#10150,#10151,#10152));
#10142 = ORIENTED_EDGE('',*,*,#10143,.F.);
#10143 = EDGE_CURVE('',#9378,#10144,#10146,.T.);
#10144 = VERTEX_POINT('',#10145);
#10145 = CARTESIAN_POINT('',(-0.16,-7.46,8.54));
#10146 = LINE('',#10147,#10148);
#10147 = CARTESIAN_POINT('',(-0.16,-7.46,8.54));
#10148 = VECTOR('',#10149,1.);
#10149 = DIRECTION('',(0.57735026919,-0.57735026919,0.57735026919));
#10150 = ORIENTED_EDGE('',*,*,#9385,.T.);
#10151 = ORIENTED_EDGE('',*,*,#10121,.T.);
#10152 = ORIENTED_EDGE('',*,*,#10153,.F.);
#10153 = EDGE_CURVE('',#10144,#10122,#10154,.T.);
#10154 = LINE('',#10155,#10156);
#10155 = CARTESIAN_POINT('',(-0.32,-7.46,8.54));
#10156 = VECTOR('',#10157,1.);
#10157 = DIRECTION('',(1.,0.,0.));
#10158 = PLANE('',#10159);
#10159 = AXIS2_PLACEMENT_3D('',#10160,#10161,#10162);
#10160 = CARTESIAN_POINT('',(-0.32,-7.38,8.46));
#10161 = DIRECTION('',(1.735167508357E-18,0.707106781187,0.707106781187)
  );
#10162 = DIRECTION('',(-1.,1.226948711654E-18,1.226948711654E-18));
#10163 = ADVANCED_FACE('',(#10164),#10182,.F.);
#10164 = FACE_BOUND('',#10165,.F.);
#10165 = EDGE_LOOP('',(#10166,#10174,#10175,#10176));
#10166 = ORIENTED_EDGE('',*,*,#10167,.F.);
#10167 = EDGE_CURVE('',#9400,#10168,#10170,.T.);
#10168 = VERTEX_POINT('',#10169);
#10169 = CARTESIAN_POINT('',(-0.16,-7.78,8.54));
#10170 = LINE('',#10171,#10172);
#10171 = CARTESIAN_POINT('',(-0.266666666667,-7.886666666667,
    8.433333333333));
#10172 = VECTOR('',#10173,1.);
#10173 = DIRECTION('',(0.57735026919,0.57735026919,0.57735026919));
#10174 = ORIENTED_EDGE('',*,*,#9409,.T.);
#10175 = ORIENTED_EDGE('',*,*,#10143,.T.);
#10176 = ORIENTED_EDGE('',*,*,#10177,.F.);
#10177 = EDGE_CURVE('',#10168,#10144,#10178,.T.);
#10178 = LINE('',#10179,#10180);
#10179 = CARTESIAN_POINT('',(-0.16,-7.94,8.54));
#10180 = VECTOR('',#10181,1.);
#10181 = DIRECTION('',(0.,1.,0.));
#10182 = PLANE('',#10183);
#10183 = AXIS2_PLACEMENT_3D('',#10184,#10185,#10186);
#10184 = CARTESIAN_POINT('',(-0.24,-7.94,8.46));
#10185 = DIRECTION('',(0.707106781187,1.735167508357E-18,-0.707106781187
    ));
#10186 = DIRECTION('',(-1.226948711654E-18,1.,1.226948711654E-18));
#10187 = ADVANCED_FACE('',(#10188),#10199,.F.);
#10188 = FACE_BOUND('',#10189,.T.);
#10189 = EDGE_LOOP('',(#10190,#10191,#10192,#10193));
#10190 = ORIENTED_EDGE('',*,*,#10167,.F.);
#10191 = ORIENTED_EDGE('',*,*,#9426,.T.);
#10192 = ORIENTED_EDGE('',*,*,#10112,.T.);
#10193 = ORIENTED_EDGE('',*,*,#10194,.F.);
#10194 = EDGE_CURVE('',#10168,#10113,#10195,.T.);
#10195 = LINE('',#10196,#10197);
#10196 = CARTESIAN_POINT('',(-0.32,-7.78,8.54));
#10197 = VECTOR('',#10198,1.);
#10198 = DIRECTION('',(1.,0.,0.));
#10199 = PLANE('',#10200);
#10200 = AXIS2_PLACEMENT_3D('',#10201,#10202,#10203);
#10201 = CARTESIAN_POINT('',(-0.32,-7.86,8.46));
#10202 = DIRECTION('',(-1.735167508357E-18,0.707106781187,
    -0.707106781187));
#10203 = DIRECTION('',(-1.,-1.226948711654E-18,1.226948711654E-18));
#10204 = ADVANCED_FACE('',(#10205),#10230,.T.);
#10205 = FACE_BOUND('',#10206,.T.);
#10206 = EDGE_LOOP('',(#10207,#10215,#10216,#10224));
#10207 = ORIENTED_EDGE('',*,*,#10208,.F.);
#10208 = EDGE_CURVE('',#9441,#10209,#10211,.T.);
#10209 = VERTEX_POINT('',#10210);
#10210 = CARTESIAN_POINT('',(0.16,-0.16,8.54));
#10211 = LINE('',#10212,#10213);
#10212 = CARTESIAN_POINT('',(0.16,-0.16,8.54));
#10213 = VECTOR('',#10214,1.);
#10214 = DIRECTION('',(-0.57735026919,0.57735026919,0.57735026919));
#10215 = ORIENTED_EDGE('',*,*,#9457,.T.);
#10216 = ORIENTED_EDGE('',*,*,#10217,.T.);
#10217 = EDGE_CURVE('',#9450,#10218,#10220,.T.);
#10218 = VERTEX_POINT('',#10219);
#10219 = CARTESIAN_POINT('',(0.16,0.16,8.54));
#10220 = LINE('',#10221,#10222);
#10221 = CARTESIAN_POINT('',(5.333333333333E-02,5.333333333333E-02,
    8.646666666667));
#10222 = VECTOR('',#10223,1.);
#10223 = DIRECTION('',(-0.57735026919,-0.57735026919,0.57735026919));
#10224 = ORIENTED_EDGE('',*,*,#10225,.F.);
#10225 = EDGE_CURVE('',#10209,#10218,#10226,.T.);
#10226 = LINE('',#10227,#10228);
#10227 = CARTESIAN_POINT('',(0.16,-0.32,8.54));
#10228 = VECTOR('',#10229,1.);
#10229 = DIRECTION('',(0.,1.,0.));
#10230 = PLANE('',#10231);
#10231 = AXIS2_PLACEMENT_3D('',#10232,#10233,#10234);
#10232 = CARTESIAN_POINT('',(0.24,-0.32,8.46));
#10233 = DIRECTION('',(0.707106781187,-1.735167508357E-18,0.707106781187
    ));
#10234 = DIRECTION('',(1.226948711654E-18,1.,1.226948711654E-18));
#10235 = ADVANCED_FACE('',(#10236),#10254,.T.);
#10236 = FACE_BOUND('',#10237,.F.);
#10237 = EDGE_LOOP('',(#10238,#10246,#10247,#10248));
#10238 = ORIENTED_EDGE('',*,*,#10239,.F.);
#10239 = EDGE_CURVE('',#9474,#10240,#10242,.T.);
#10240 = VERTEX_POINT('',#10241);
#10241 = CARTESIAN_POINT('',(-0.16,0.16,8.54));
#10242 = LINE('',#10243,#10244);
#10243 = CARTESIAN_POINT('',(-0.16,0.16,8.54));
#10244 = VECTOR('',#10245,1.);
#10245 = DIRECTION('',(0.57735026919,-0.57735026919,0.57735026919));
#10246 = ORIENTED_EDGE('',*,*,#9481,.T.);
#10247 = ORIENTED_EDGE('',*,*,#10217,.T.);
#10248 = ORIENTED_EDGE('',*,*,#10249,.F.);
#10249 = EDGE_CURVE('',#10240,#10218,#10250,.T.);
#10250 = LINE('',#10251,#10252);
#10251 = CARTESIAN_POINT('',(-0.32,0.16,8.54));
#10252 = VECTOR('',#10253,1.);
#10253 = DIRECTION('',(1.,0.,0.));
#10254 = PLANE('',#10255);
#10255 = AXIS2_PLACEMENT_3D('',#10256,#10257,#10258);
#10256 = CARTESIAN_POINT('',(-0.32,0.24,8.46));
#10257 = DIRECTION('',(1.735167508357E-18,0.707106781187,0.707106781187)
  );
#10258 = DIRECTION('',(-1.,1.226948711654E-18,1.226948711654E-18));
#10259 = ADVANCED_FACE('',(#10260),#10278,.F.);
#10260 = FACE_BOUND('',#10261,.F.);
#10261 = EDGE_LOOP('',(#10262,#10270,#10271,#10272));
#10262 = ORIENTED_EDGE('',*,*,#10263,.F.);
#10263 = EDGE_CURVE('',#9496,#10264,#10266,.T.);
#10264 = VERTEX_POINT('',#10265);
#10265 = CARTESIAN_POINT('',(-0.16,-0.16,8.54));
#10266 = LINE('',#10267,#10268);
#10267 = CARTESIAN_POINT('',(-0.266666666667,-0.266666666667,
    8.433333333333));
#10268 = VECTOR('',#10269,1.);
#10269 = DIRECTION('',(0.57735026919,0.57735026919,0.57735026919));
#10270 = ORIENTED_EDGE('',*,*,#9505,.T.);
#10271 = ORIENTED_EDGE('',*,*,#10239,.T.);
#10272 = ORIENTED_EDGE('',*,*,#10273,.F.);
#10273 = EDGE_CURVE('',#10264,#10240,#10274,.T.);
#10274 = LINE('',#10275,#10276);
#10275 = CARTESIAN_POINT('',(-0.16,-0.32,8.54));
#10276 = VECTOR('',#10277,1.);
#10277 = DIRECTION('',(0.,1.,0.));
#10278 = PLANE('',#10279);
#10279 = AXIS2_PLACEMENT_3D('',#10280,#10281,#10282);
#10280 = CARTESIAN_POINT('',(-0.24,-0.32,8.46));
#10281 = DIRECTION('',(0.707106781187,1.735167508357E-18,-0.707106781187
    ));
#10282 = DIRECTION('',(-1.226948711654E-18,1.,1.226948711654E-18));
#10283 = ADVANCED_FACE('',(#10284),#10295,.F.);
#10284 = FACE_BOUND('',#10285,.T.);
#10285 = EDGE_LOOP('',(#10286,#10287,#10288,#10289));
#10286 = ORIENTED_EDGE('',*,*,#10263,.F.);
#10287 = ORIENTED_EDGE('',*,*,#9522,.T.);
#10288 = ORIENTED_EDGE('',*,*,#10208,.T.);
#10289 = ORIENTED_EDGE('',*,*,#10290,.F.);
#10290 = EDGE_CURVE('',#10264,#10209,#10291,.T.);
#10291 = LINE('',#10292,#10293);
#10292 = CARTESIAN_POINT('',(-0.32,-0.16,8.54));
#10293 = VECTOR('',#10294,1.);
#10294 = DIRECTION('',(1.,0.,0.));
#10295 = PLANE('',#10296);
#10296 = AXIS2_PLACEMENT_3D('',#10297,#10298,#10299);
#10297 = CARTESIAN_POINT('',(-0.32,-0.24,8.46));
#10298 = DIRECTION('',(-1.735167508357E-18,0.707106781187,
    -0.707106781187));
#10299 = DIRECTION('',(-1.,-1.226948711654E-18,1.226948711654E-18));
#10300 = ADVANCED_FACE('',(#10301),#10326,.T.);
#10301 = FACE_BOUND('',#10302,.F.);
#10302 = EDGE_LOOP('',(#10303,#10311,#10312,#10320));
#10303 = ORIENTED_EDGE('',*,*,#10304,.F.);
#10304 = EDGE_CURVE('',#9546,#10305,#10307,.T.);
#10305 = VERTEX_POINT('',#10306);
#10306 = CARTESIAN_POINT('',(-0.16,-2.38,8.54));
#10307 = LINE('',#10308,#10309);
#10308 = CARTESIAN_POINT('',(-0.16,-2.38,8.54));
#10309 = VECTOR('',#10310,1.);
#10310 = DIRECTION('',(0.57735026919,-0.57735026919,0.57735026919));
#10311 = ORIENTED_EDGE('',*,*,#9553,.T.);
#10312 = ORIENTED_EDGE('',*,*,#10313,.T.);
#10313 = EDGE_CURVE('',#9537,#10314,#10316,.T.);
#10314 = VERTEX_POINT('',#10315);
#10315 = CARTESIAN_POINT('',(0.16,-2.38,8.54));
#10316 = LINE('',#10317,#10318);
#10317 = CARTESIAN_POINT('',(5.333333333333E-02,-2.486666666667,
    8.646666666667));
#10318 = VECTOR('',#10319,1.);
#10319 = DIRECTION('',(-0.57735026919,-0.57735026919,0.57735026919));
#10320 = ORIENTED_EDGE('',*,*,#10321,.F.);
#10321 = EDGE_CURVE('',#10305,#10314,#10322,.T.);
#10322 = LINE('',#10323,#10324);
#10323 = CARTESIAN_POINT('',(-0.32,-2.38,8.54));
#10324 = VECTOR('',#10325,1.);
#10325 = DIRECTION('',(1.,0.,0.));
#10326 = PLANE('',#10327);
#10327 = AXIS2_PLACEMENT_3D('',#10328,#10329,#10330);
#10328 = CARTESIAN_POINT('',(-0.32,-2.3,8.46));
#10329 = DIRECTION('',(1.735167508357E-18,0.707106781187,0.707106781187)
  );
#10330 = DIRECTION('',(-1.,1.226948711654E-18,1.226948711654E-18));
#10331 = ADVANCED_FACE('',(#10332),#10350,.F.);
#10332 = FACE_BOUND('',#10333,.F.);
#10333 = EDGE_LOOP('',(#10334,#10342,#10343,#10344));
#10334 = ORIENTED_EDGE('',*,*,#10335,.F.);
#10335 = EDGE_CURVE('',#9568,#10336,#10338,.T.);
#10336 = VERTEX_POINT('',#10337);
#10337 = CARTESIAN_POINT('',(-0.16,-2.7,8.54));
#10338 = LINE('',#10339,#10340);
#10339 = CARTESIAN_POINT('',(-0.266666666667,-2.806666666667,
    8.433333333333));
#10340 = VECTOR('',#10341,1.);
#10341 = DIRECTION('',(0.57735026919,0.57735026919,0.57735026919));
#10342 = ORIENTED_EDGE('',*,*,#9577,.T.);
#10343 = ORIENTED_EDGE('',*,*,#10304,.T.);
#10344 = ORIENTED_EDGE('',*,*,#10345,.F.);
#10345 = EDGE_CURVE('',#10336,#10305,#10346,.T.);
#10346 = LINE('',#10347,#10348);
#10347 = CARTESIAN_POINT('',(-0.16,-2.86,8.54));
#10348 = VECTOR('',#10349,1.);
#10349 = DIRECTION('',(0.,1.,0.));
#10350 = PLANE('',#10351);
#10351 = AXIS2_PLACEMENT_3D('',#10352,#10353,#10354);
#10352 = CARTESIAN_POINT('',(-0.24,-2.86,8.46));
#10353 = DIRECTION('',(0.707106781187,1.735167508357E-18,-0.707106781187
    ));
#10354 = DIRECTION('',(-1.226948711654E-18,1.,1.226948711654E-18));
#10355 = ADVANCED_FACE('',(#10356),#10374,.F.);
#10356 = FACE_BOUND('',#10357,.T.);
#10357 = EDGE_LOOP('',(#10358,#10359,#10360,#10368));
#10358 = ORIENTED_EDGE('',*,*,#10335,.F.);
#10359 = ORIENTED_EDGE('',*,*,#9601,.T.);
#10360 = ORIENTED_EDGE('',*,*,#10361,.T.);
#10361 = EDGE_CURVE('',#9592,#10362,#10364,.T.);
#10362 = VERTEX_POINT('',#10363);
#10363 = CARTESIAN_POINT('',(0.16,-2.7,8.54));
#10364 = LINE('',#10365,#10366);
#10365 = CARTESIAN_POINT('',(0.16,-2.7,8.54));
#10366 = VECTOR('',#10367,1.);
#10367 = DIRECTION('',(-0.57735026919,0.57735026919,0.57735026919));
#10368 = ORIENTED_EDGE('',*,*,#10369,.F.);
#10369 = EDGE_CURVE('',#10336,#10362,#10370,.T.);
#10370 = LINE('',#10371,#10372);
#10371 = CARTESIAN_POINT('',(-0.32,-2.7,8.54));
#10372 = VECTOR('',#10373,1.);
#10373 = DIRECTION('',(1.,0.,0.));
#10374 = PLANE('',#10375);
#10375 = AXIS2_PLACEMENT_3D('',#10376,#10377,#10378);
#10376 = CARTESIAN_POINT('',(-0.32,-2.78,8.46));
#10377 = DIRECTION('',(-1.735167508357E-18,0.707106781187,
    -0.707106781187));
#10378 = DIRECTION('',(-1.,-1.226948711654E-18,1.226948711654E-18));
#10379 = ADVANCED_FACE('',(#10380),#10391,.T.);
#10380 = FACE_BOUND('',#10381,.T.);
#10381 = EDGE_LOOP('',(#10382,#10383,#10384,#10385));
#10382 = ORIENTED_EDGE('',*,*,#10361,.F.);
#10383 = ORIENTED_EDGE('',*,*,#9618,.T.);
#10384 = ORIENTED_EDGE('',*,*,#10313,.T.);
#10385 = ORIENTED_EDGE('',*,*,#10386,.F.);
#10386 = EDGE_CURVE('',#10362,#10314,#10387,.T.);
#10387 = LINE('',#10388,#10389);
#10388 = CARTESIAN_POINT('',(0.16,-2.86,8.54));
#10389 = VECTOR('',#10390,1.);
#10390 = DIRECTION('',(0.,1.,0.));
#10391 = PLANE('',#10392);
#10392 = AXIS2_PLACEMENT_3D('',#10393,#10394,#10395);
#10393 = CARTESIAN_POINT('',(0.24,-2.86,8.46));
#10394 = DIRECTION('',(0.707106781187,-1.735167508357E-18,0.707106781187
    ));
#10395 = DIRECTION('',(1.226948711654E-18,1.,1.226948711654E-18));
#10396 = ADVANCED_FACE('',(#10397),#10403,.F.);
#10397 = FACE_BOUND('',#10398,.F.);
#10398 = EDGE_LOOP('',(#10399,#10400,#10401,#10402));
#10399 = ORIENTED_EDGE('',*,*,#9714,.T.);
#10400 = ORIENTED_EDGE('',*,*,#9649,.F.);
#10401 = ORIENTED_EDGE('',*,*,#9673,.F.);
#10402 = ORIENTED_EDGE('',*,*,#9697,.T.);
#10403 = PLANE('',#10404);
#10404 = AXIS2_PLACEMENT_3D('',#10405,#10406,#10407);
#10405 = CARTESIAN_POINT('',(-0.32,-5.4,-3.));
#10406 = DIRECTION('',(0.,0.,1.));
#10407 = DIRECTION('',(1.,0.,-0.));
#10408 = ADVANCED_FACE('',(#10409),#10415,.F.);
#10409 = FACE_BOUND('',#10410,.F.);
#10410 = EDGE_LOOP('',(#10411,#10412,#10413,#10414));
#10411 = ORIENTED_EDGE('',*,*,#9745,.T.);
#10412 = ORIENTED_EDGE('',*,*,#9769,.F.);
#10413 = ORIENTED_EDGE('',*,*,#9793,.F.);
#10414 = ORIENTED_EDGE('',*,*,#9810,.T.);
#10415 = PLANE('',#10416);
#10416 = AXIS2_PLACEMENT_3D('',#10417,#10418,#10419);
#10417 = CARTESIAN_POINT('',(-0.32,-7.94,-3.));
#10418 = DIRECTION('',(0.,0.,1.));
#10419 = DIRECTION('',(1.,0.,-0.));
#10420 = ADVANCED_FACE('',(#10421),#10427,.F.);
#10421 = FACE_BOUND('',#10422,.F.);
#10422 = EDGE_LOOP('',(#10423,#10424,#10425,#10426));
#10423 = ORIENTED_EDGE('',*,*,#9841,.T.);
#10424 = ORIENTED_EDGE('',*,*,#9865,.F.);
#10425 = ORIENTED_EDGE('',*,*,#9889,.F.);
#10426 = ORIENTED_EDGE('',*,*,#9906,.T.);
#10427 = PLANE('',#10428);
#10428 = AXIS2_PLACEMENT_3D('',#10429,#10430,#10431);
#10429 = CARTESIAN_POINT('',(-0.32,-0.32,-3.));
#10430 = DIRECTION('',(0.,0.,1.));
#10431 = DIRECTION('',(1.,0.,-0.));
#10432 = ADVANCED_FACE('',(#10433),#10439,.F.);
#10433 = FACE_BOUND('',#10434,.F.);
#10434 = EDGE_LOOP('',(#10435,#10436,#10437,#10438));
#10435 = ORIENTED_EDGE('',*,*,#10002,.T.);
#10436 = ORIENTED_EDGE('',*,*,#9937,.F.);
#10437 = ORIENTED_EDGE('',*,*,#9961,.F.);
#10438 = ORIENTED_EDGE('',*,*,#9985,.T.);
#10439 = PLANE('',#10440);
#10440 = AXIS2_PLACEMENT_3D('',#10441,#10442,#10443);
#10441 = CARTESIAN_POINT('',(-0.32,-2.86,-3.));
#10442 = DIRECTION('',(0.,0.,1.));
#10443 = DIRECTION('',(1.,0.,-0.));
#10444 = ADVANCED_FACE('',(#10445),#10451,.T.);
#10445 = FACE_BOUND('',#10446,.T.);
#10446 = EDGE_LOOP('',(#10447,#10448,#10449,#10450));
#10447 = ORIENTED_EDGE('',*,*,#10098,.T.);
#10448 = ORIENTED_EDGE('',*,*,#10033,.F.);
#10449 = ORIENTED_EDGE('',*,*,#10057,.F.);
#10450 = ORIENTED_EDGE('',*,*,#10081,.T.);
#10451 = PLANE('',#10452);
#10452 = AXIS2_PLACEMENT_3D('',#10453,#10454,#10455);
#10453 = CARTESIAN_POINT('',(-0.32,-5.4,8.54));
#10454 = DIRECTION('',(0.,0.,1.));
#10455 = DIRECTION('',(1.,0.,-0.));
#10456 = ADVANCED_FACE('',(#10457),#10463,.T.);
#10457 = FACE_BOUND('',#10458,.T.);
#10458 = EDGE_LOOP('',(#10459,#10460,#10461,#10462));
#10459 = ORIENTED_EDGE('',*,*,#10129,.T.);
#10460 = ORIENTED_EDGE('',*,*,#10153,.F.);
#10461 = ORIENTED_EDGE('',*,*,#10177,.F.);
#10462 = ORIENTED_EDGE('',*,*,#10194,.T.);
#10463 = PLANE('',#10464);
#10464 = AXIS2_PLACEMENT_3D('',#10465,#10466,#10467);
#10465 = CARTESIAN_POINT('',(-0.32,-7.94,8.54));
#10466 = DIRECTION('',(0.,0.,1.));
#10467 = DIRECTION('',(1.,0.,-0.));
#10468 = ADVANCED_FACE('',(#10469),#10475,.T.);
#10469 = FACE_BOUND('',#10470,.T.);
#10470 = EDGE_LOOP('',(#10471,#10472,#10473,#10474));
#10471 = ORIENTED_EDGE('',*,*,#10225,.T.);
#10472 = ORIENTED_EDGE('',*,*,#10249,.F.);
#10473 = ORIENTED_EDGE('',*,*,#10273,.F.);
#10474 = ORIENTED_EDGE('',*,*,#10290,.T.);
#10475 = PLANE('',#10476);
#10476 = AXIS2_PLACEMENT_3D('',#10477,#10478,#10479);
#10477 = CARTESIAN_POINT('',(-0.32,-0.32,8.54));
#10478 = DIRECTION('',(0.,0.,1.));
#10479 = DIRECTION('',(1.,0.,-0.));
#10480 = ADVANCED_FACE('',(#10481),#10487,.T.);
#10481 = FACE_BOUND('',#10482,.T.);
#10482 = EDGE_LOOP('',(#10483,#10484,#10485,#10486));
#10483 = ORIENTED_EDGE('',*,*,#10386,.T.);
#10484 = ORIENTED_EDGE('',*,*,#10321,.F.);
#10485 = ORIENTED_EDGE('',*,*,#10345,.F.);
#10486 = ORIENTED_EDGE('',*,*,#10369,.T.);
#10487 = PLANE('',#10488);
#10488 = AXIS2_PLACEMENT_3D('',#10489,#10490,#10491);
#10489 = CARTESIAN_POINT('',(-0.32,-2.86,8.54));
#10490 = DIRECTION('',(0.,0.,1.));
#10491 = DIRECTION('',(1.,0.,-0.));
#10492 = ( GEOMETRIC_REPRESENTATION_CONTEXT(3) 
GLOBAL_UNCERTAINTY_ASSIGNED_CONTEXT((#10496)) 
GLOBAL_UNIT_ASSIGNED_CONTEXT((#10493,#10494,#10495)) 
REPRESENTATION_CONTEXT('Context #1',
  '3D Context with UNIT and UNCERTAINTY') );
#10493 = ( LENGTH_UNIT() NAMED_UNIT(*) SI_UNIT(.MILLI.,.METRE.) );
#10494 = ( NAMED_UNIT(*) PLANE_ANGLE_UNIT() SI_UNIT($,.RADIAN.) );
#10495 = ( NAMED_UNIT(*) SI_UNIT($,.STERADIAN.) SOLID_ANGLE_UNIT() );
#10496 = UNCERTAINTY_MEASURE_WITH_UNIT(LENGTH_MEASURE(1.E-07),#10493,
  'distance_accuracy_value','confusion accuracy');
#10497 = CONTEXT_DEPENDENT_SHAPE_REPRESENTATION(#10498,#10500);
#10498 = ( REPRESENTATION_RELATIONSHIP('','',#7711,#7688) 
REPRESENTATION_RELATIONSHIP_WITH_TRANSFORMATION(#10499) 
SHAPE_REPRESENTATION_RELATIONSHIP() );
#10499 = ITEM_DEFINED_TRANSFORMATION('','',#11,#7689);
#10500 = PRODUCT_DEFINITION_SHAPE('Placement','Placement of an item',
  #10501);
#10501 = NEXT_ASSEMBLY_USAGE_OCCURRENCE('3','=>[0:1:1:5]','',#7683,#7706
  ,$);
#10502 = PRODUCT_RELATED_PRODUCT_CATEGORY('part',$,(#7708));
#10503 = SHAPE_DEFINITION_REPRESENTATION(#10504,#10510);
#10504 = PRODUCT_DEFINITION_SHAPE('','',#10505);
#10505 = PRODUCT_DEFINITION('design','',#10506,#10509);
#10506 = PRODUCT_DEFINITION_FORMATION('','',#10507);
#10507 = PRODUCT('D_DO-35_SOD27_P7.62mm_Horizontal',
  'D_DO-35_SOD27_P7.62mm_Horizontal','',(#10508));
#10508 = PRODUCT_CONTEXT('',#2,'mechanical');
#10509 = PRODUCT_DEFINITION_CONTEXT('part definition',#2,'design');
#10510 = SHAPE_REPRESENTATION('',(#11,#10511),#10515);
#10511 = AXIS2_PLACEMENT_3D('',#10512,#10513,#10514);
#10512 = CARTESIAN_POINT('',(0.,0.,0.));
#10513 = DIRECTION('',(0.,0.,1.));
#10514 = DIRECTION('',(1.,0.,-0.));
#10515 = ( GEOMETRIC_REPRESENTATION_CONTEXT(3) 
GLOBAL_UNCERTAINTY_ASSIGNED_CONTEXT((#10519)) 
GLOBAL_UNIT_ASSIGNED_CONTEXT((#10516,#10517,#10518)) 
REPRESENTATION_CONTEXT('Context #1',
  '3D Context with UNIT and UNCERTAINTY') );
#10516 = ( LENGTH_UNIT() NAMED_UNIT(*) SI_UNIT(.MILLI.,.METRE.) );
#10517 = ( NAMED_UNIT(*) PLANE_ANGLE_UNIT() SI_UNIT($,.RADIAN.) );
#10518 = ( NAMED_UNIT(*) SI_UNIT($,.STERADIAN.) SOLID_ANGLE_UNIT() );
#10519 = UNCERTAINTY_MEASURE_WITH_UNIT(LENGTH_MEASURE(1.E-07),#10516,
  'distance_accuracy_value','confusion accuracy');
#10520 = CONTEXT_DEPENDENT_SHAPE_REPRESENTATION(#10521,#10523);
#10521 = ( REPRESENTATION_RELATIONSHIP('','',#10510,#10) 
REPRESENTATION_RELATIONSHIP_WITH_TRANSFORMATION(#10522) 
SHAPE_REPRESENTATION_RELATIONSHIP() );
#10522 = ITEM_DEFINED_TRANSFORMATION('','',#11,#23);
#10523 = PRODUCT_DEFINITION_SHAPE('Placement','Placement of an item',
  #10524);
#10524 = NEXT_ASSEMBLY_USAGE_OCCURRENCE('6','D7','',#5,#10505,$);
#10525 = PRODUCT_RELATED_PRODUCT_CATEGORY('part',$,(#10507));
#10526 = SHAPE_DEFINITION_REPRESENTATION(#10527,#10533);
#10527 = PRODUCT_DEFINITION_SHAPE('','',#10528);
#10528 = PRODUCT_DEFINITION('design','',#10529,#10532);
#10529 = PRODUCT_DEFINITION_FORMATION('','',#10530);
#10530 = PRODUCT('D_DO-35_SOD27_P7.62mm_Horizontal',
  'D_DO-35_SOD27_P7.62mm_Horizontal','',(#10531));
#10531 = PRODUCT_CONTEXT('',#2,'mechanical');
#10532 = PRODUCT_DEFINITION_CONTEXT('part definition',#2,'design');
#10533 = SHAPE_REPRESENTATION('',(#11,#10534,#10689),#10884);
#10534 = MANIFOLD_SOLID_BREP('',#10535);
#10535 = CLOSED_SHELL('',(#10536,#10569,#10595,#10620,#10646,#10671,
    #10680));
#10536 = ADVANCED_FACE('',(#10537),#10564,.T.);
#10537 = FACE_BOUND('',#10538,.T.);
#10538 = EDGE_LOOP('',(#10539,#10549,#10556,#10557));
#10539 = ORIENTED_EDGE('',*,*,#10540,.T.);
#10540 = EDGE_CURVE('',#10541,#10543,#10545,.T.);
#10541 = VERTEX_POINT('',#10542);
#10542 = CARTESIAN_POINT('',(0.25,0.,-2.5));
#10543 = VERTEX_POINT('',#10544);
#10544 = CARTESIAN_POINT('',(0.25,1.E-15,1.));
#10545 = LINE('',#10546,#10547);
#10546 = CARTESIAN_POINT('',(0.25,6.7E-16,1.));
#10547 = VECTOR('',#10548,1.);
#10548 = DIRECTION('',(0.,2.2E-16,1.));
#10549 = ORIENTED_EDGE('',*,*,#10550,.F.);
#10550 = EDGE_CURVE('',#10543,#10543,#10551,.T.);
#10551 = CIRCLE('',#10552,0.25);
#10552 = AXIS2_PLACEMENT_3D('',#10553,#10554,#10555);
#10553 = CARTESIAN_POINT('',(0.,6.7E-16,1.));
#10554 = DIRECTION('',(-0.,2.2E-16,1.));
#10555 = DIRECTION('',(1.,0.,0.));
#10556 = ORIENTED_EDGE('',*,*,#10540,.F.);
#10557 = ORIENTED_EDGE('',*,*,#10558,.T.);
#10558 = EDGE_CURVE('',#10541,#10541,#10559,.T.);
#10559 = CIRCLE('',#10560,0.25);
#10560 = AXIS2_PLACEMENT_3D('',#10561,#10562,#10563);
#10561 = CARTESIAN_POINT('',(0.,-1.1E-16,-2.5));
#10562 = DIRECTION('',(-0.,2.2E-16,1.));
#10563 = DIRECTION('',(1.,0.,0.));
#10564 = CYLINDRICAL_SURFACE('',#10565,0.25);
#10565 = AXIS2_PLACEMENT_3D('',#10566,#10567,#10568);
#10566 = CARTESIAN_POINT('',(0.,6.7E-16,1.));
#10567 = DIRECTION('',(0.,2.2E-16,1.));
#10568 = DIRECTION('',(1.,0.,-0.));
#10569 = ADVANCED_FACE('',(#10570),#10590,.T.);
#10570 = FACE_BOUND('',#10571,.T.);
#10571 = EDGE_LOOP('',(#10572,#10581,#10588,#10589));
#10572 = ORIENTED_EDGE('',*,*,#10573,.T.);
#10573 = EDGE_CURVE('',#10543,#10574,#10576,.T.);
#10574 = VERTEX_POINT('',#10575);
#10575 = CARTESIAN_POINT('',(0.5,1.E-15,1.25));
#10576 = CIRCLE('',#10577,0.25);
#10577 = AXIS2_PLACEMENT_3D('',#10578,#10579,#10580);
#10578 = CARTESIAN_POINT('',(0.5,7.6E-16,1.));
#10579 = DIRECTION('',(0.,1.,-2.2E-16));
#10580 = DIRECTION('',(1.,0.,0.));
#10581 = ORIENTED_EDGE('',*,*,#10582,.T.);
#10582 = EDGE_CURVE('',#10574,#10574,#10583,.T.);
#10583 = CIRCLE('',#10584,0.25);
#10584 = AXIS2_PLACEMENT_3D('',#10585,#10586,#10587);
#10585 = CARTESIAN_POINT('',(0.5,7.8E-16,1.5));
#10586 = DIRECTION('',(-1.,0.,-1.8E-16));
#10587 = DIRECTION('',(-1.8E-16,2.2E-16,1.));
#10588 = ORIENTED_EDGE('',*,*,#10573,.F.);
#10589 = ORIENTED_EDGE('',*,*,#10550,.T.);
#10590 = TOROIDAL_SURFACE('',#10591,0.5,0.25);
#10591 = AXIS2_PLACEMENT_3D('',#10592,#10593,#10594);
#10592 = CARTESIAN_POINT('',(0.5,6.7E-16,1.));
#10593 = DIRECTION('',(0.,1.,-2.2E-16));
#10594 = DIRECTION('',(1.,0.,0.));
#10595 = ADVANCED_FACE('',(#10596),#10615,.T.);
#10596 = FACE_BOUND('',#10597,.T.);
#10597 = EDGE_LOOP('',(#10598,#10606,#10613,#10614));
#10598 = ORIENTED_EDGE('',*,*,#10599,.T.);
#10599 = EDGE_CURVE('',#10574,#10600,#10602,.T.);
#10600 = VERTEX_POINT('',#10601);
#10601 = CARTESIAN_POINT('',(7.12,1.E-15,1.25));
#10602 = LINE('',#10603,#10604);
#10603 = CARTESIAN_POINT('',(0.5,7.2E-16,1.25));
#10604 = VECTOR('',#10605,1.);
#10605 = DIRECTION('',(1.,0.,0.));
#10606 = ORIENTED_EDGE('',*,*,#10607,.F.);
#10607 = EDGE_CURVE('',#10600,#10600,#10608,.T.);
#10608 = CIRCLE('',#10609,0.25);
#10609 = AXIS2_PLACEMENT_3D('',#10610,#10611,#10612);
#10610 = CARTESIAN_POINT('',(7.12,7.8E-16,1.5));
#10611 = DIRECTION('',(1.,0.,0.));
#10612 = DIRECTION('',(0.,-2.2E-16,-1.));
#10613 = ORIENTED_EDGE('',*,*,#10599,.F.);
#10614 = ORIENTED_EDGE('',*,*,#10582,.F.);
#10615 = CYLINDRICAL_SURFACE('',#10616,0.25);
#10616 = AXIS2_PLACEMENT_3D('',#10617,#10618,#10619);
#10617 = CARTESIAN_POINT('',(0.5,7.8E-16,1.5));
#10618 = DIRECTION('',(1.,0.,0.));
#10619 = DIRECTION('',(0.,-2.2E-16,-1.));
#10620 = ADVANCED_FACE('',(#10621),#10641,.T.);
#10621 = FACE_BOUND('',#10622,.T.);
#10622 = EDGE_LOOP('',(#10623,#10632,#10639,#10640));
#10623 = ORIENTED_EDGE('',*,*,#10624,.T.);
#10624 = EDGE_CURVE('',#10600,#10625,#10627,.T.);
#10625 = VERTEX_POINT('',#10626);
#10626 = CARTESIAN_POINT('',(7.37,1.E-15,1.));
#10627 = CIRCLE('',#10628,0.25);
#10628 = AXIS2_PLACEMENT_3D('',#10629,#10630,#10631);
#10629 = CARTESIAN_POINT('',(7.12,7.6E-16,1.));
#10630 = DIRECTION('',(0.,1.,-2.2E-16));
#10631 = DIRECTION('',(1.,0.,0.));
#10632 = ORIENTED_EDGE('',*,*,#10633,.T.);
#10633 = EDGE_CURVE('',#10625,#10625,#10634,.T.);
#10634 = CIRCLE('',#10635,0.25);
#10635 = AXIS2_PLACEMENT_3D('',#10636,#10637,#10638);
#10636 = CARTESIAN_POINT('',(7.62,6.7E-16,1.));
#10637 = DIRECTION('',(-2.4E-16,2.2E-16,1.));
#10638 = DIRECTION('',(1.,0.,2.4E-16));
#10639 = ORIENTED_EDGE('',*,*,#10624,.F.);
#10640 = ORIENTED_EDGE('',*,*,#10607,.T.);
#10641 = TOROIDAL_SURFACE('',#10642,0.5,0.25);
#10642 = AXIS2_PLACEMENT_3D('',#10643,#10644,#10645);
#10643 = CARTESIAN_POINT('',(7.12,6.7E-16,1.));
#10644 = DIRECTION('',(0.,1.,-2.2E-16));
#10645 = DIRECTION('',(1.,0.,0.));
#10646 = ADVANCED_FACE('',(#10647),#10666,.T.);
#10647 = FACE_BOUND('',#10648,.T.);
#10648 = EDGE_LOOP('',(#10649,#10657,#10664,#10665));
#10649 = ORIENTED_EDGE('',*,*,#10650,.T.);
#10650 = EDGE_CURVE('',#10625,#10651,#10653,.T.);
#10651 = VERTEX_POINT('',#10652);
#10652 = CARTESIAN_POINT('',(7.37,0.,-2.5));
#10653 = LINE('',#10654,#10655);
#10654 = CARTESIAN_POINT('',(7.37,6.7E-16,1.));
#10655 = VECTOR('',#10656,1.);
#10656 = DIRECTION('',(0.,-2.2E-16,-1.));
#10657 = ORIENTED_EDGE('',*,*,#10658,.F.);
#10658 = EDGE_CURVE('',#10651,#10651,#10659,.T.);
#10659 = CIRCLE('',#10660,0.25);
#10660 = AXIS2_PLACEMENT_3D('',#10661,#10662,#10663);
#10661 = CARTESIAN_POINT('',(7.62,-1.1E-16,-2.5));
#10662 = DIRECTION('',(-0.,-2.2E-16,-1.));
#10663 = DIRECTION('',(-1.,0.,0.));
#10664 = ORIENTED_EDGE('',*,*,#10650,.F.);
#10665 = ORIENTED_EDGE('',*,*,#10633,.F.);
#10666 = CYLINDRICAL_SURFACE('',#10667,0.25);
#10667 = AXIS2_PLACEMENT_3D('',#10668,#10669,#10670);
#10668 = CARTESIAN_POINT('',(7.62,6.7E-16,1.));
#10669 = DIRECTION('',(0.,-2.2E-16,-1.));
#10670 = DIRECTION('',(-1.,-0.,0.));
#10671 = ADVANCED_FACE('',(#10672),#10675,.T.);
#10672 = FACE_BOUND('',#10673,.F.);
#10673 = EDGE_LOOP('',(#10674));
#10674 = ORIENTED_EDGE('',*,*,#10558,.T.);
#10675 = PLANE('',#10676);
#10676 = AXIS2_PLACEMENT_3D('',#10677,#10678,#10679);
#10677 = CARTESIAN_POINT('',(0.25,-1.1E-16,-2.5));
#10678 = DIRECTION('',(0.,0.,-1.));
#10679 = DIRECTION('',(-1.,0.,0.));
#10680 = ADVANCED_FACE('',(#10681),#10684,.F.);
#10681 = FACE_BOUND('',#10682,.T.);
#10682 = EDGE_LOOP('',(#10683));
#10683 = ORIENTED_EDGE('',*,*,#10658,.T.);
#10684 = PLANE('',#10685);
#10685 = AXIS2_PLACEMENT_3D('',#10686,#10687,#10688);
#10686 = CARTESIAN_POINT('',(7.37,-1.1E-16,-2.5));
#10687 = DIRECTION('',(0.,0.,1.));
#10688 = DIRECTION('',(1.,0.,-0.));
#10689 = MANIFOLD_SOLID_BREP('',#10690);
#10690 = CLOSED_SHELL('',(#10691,#10724,#10744,#10764,#10789,#10814,
    #10840,#10866,#10875));
#10691 = ADVANCED_FACE('',(#10692),#10719,.T.);
#10692 = FACE_BOUND('',#10693,.T.);
#10693 = EDGE_LOOP('',(#10694,#10703,#10711,#10718));
#10694 = ORIENTED_EDGE('',*,*,#10695,.T.);
#10695 = EDGE_CURVE('',#10696,#10696,#10698,.T.);
#10696 = VERTEX_POINT('',#10697);
#10697 = CARTESIAN_POINT('',(2.41,3.557331958362E-15,2.51));
#10698 = CIRCLE('',#10699,1.01);
#10699 = AXIS2_PLACEMENT_3D('',#10700,#10701,#10702);
#10700 = CARTESIAN_POINT('',(2.41,6.630669073875E-16,1.5));
#10701 = DIRECTION('',(1.,0.,-0.));
#10702 = DIRECTION('',(0.,9.92044604925E-16,1.));
#10703 = ORIENTED_EDGE('',*,*,#10704,.T.);
#10704 = EDGE_CURVE('',#10696,#10705,#10707,.T.);
#10705 = VERTEX_POINT('',#10706);
#10706 = CARTESIAN_POINT('',(3.41,3.557331958362E-15,2.51));
#10707 = LINE('',#10708,#10709);
#10708 = CARTESIAN_POINT('',(2.41,5.573319583618E-16,2.51));
#10709 = VECTOR('',#10710,1.);
#10710 = DIRECTION('',(1.,0.,0.));
#10711 = ORIENTED_EDGE('',*,*,#10712,.F.);
#10712 = EDGE_CURVE('',#10705,#10705,#10713,.T.);
#10713 = CIRCLE('',#10714,1.01);
#10714 = AXIS2_PLACEMENT_3D('',#10715,#10716,#10717);
#10715 = CARTESIAN_POINT('',(3.41,6.630669073875E-16,1.5));
#10716 = DIRECTION('',(1.,0.,-0.));
#10717 = DIRECTION('',(0.,9.92044604925E-16,1.));
#10718 = ORIENTED_EDGE('',*,*,#10704,.F.);
#10719 = CYLINDRICAL_SURFACE('',#10720,1.01);
#10720 = AXIS2_PLACEMENT_3D('',#10721,#10722,#10723);
#10721 = CARTESIAN_POINT('',(2.41,6.630669073875E-16,1.5));
#10722 = DIRECTION('',(1.,0.,0.));
#10723 = DIRECTION('',(-0.,9.92044604925E-16,1.));
#10724 = ADVANCED_FACE('',(#10725,#10728),#10739,.F.);
#10725 = FACE_BOUND('',#10726,.T.);
#10726 = EDGE_LOOP('',(#10727));
#10727 = ORIENTED_EDGE('',*,*,#10695,.F.);
#10728 = FACE_BOUND('',#10729,.T.);
#10729 = EDGE_LOOP('',(#10730));
#10730 = ORIENTED_EDGE('',*,*,#10731,.T.);
#10731 = EDGE_CURVE('',#10732,#10732,#10734,.T.);
#10732 = VERTEX_POINT('',#10733);
#10733 = CARTESIAN_POINT('',(2.41,5.551115123126E-16,2.5));
#10734 = CIRCLE('',#10735,1.);
#10735 = AXIS2_PLACEMENT_3D('',#10736,#10737,#10738);
#10736 = CARTESIAN_POINT('',(2.41,6.630669073875E-16,1.5));
#10737 = DIRECTION('',(1.,0.,-0.));
#10738 = DIRECTION('',(0.,1.002044604925E-15,1.));
#10739 = PLANE('',#10740);
#10740 = AXIS2_PLACEMENT_3D('',#10741,#10742,#10743);
#10741 = CARTESIAN_POINT('',(2.41,6.630669073875E-16,1.5));
#10742 = DIRECTION('',(1.,0.,0.));
#10743 = DIRECTION('',(-0.,1.002044604925E-15,1.));
#10744 = ADVANCED_FACE('',(#10745,#10748),#10759,.T.);
#10745 = FACE_BOUND('',#10746,.T.);
#10746 = EDGE_LOOP('',(#10747));
#10747 = ORIENTED_EDGE('',*,*,#10712,.T.);
#10748 = FACE_BOUND('',#10749,.T.);
#10749 = EDGE_LOOP('',(#10750));
#10750 = ORIENTED_EDGE('',*,*,#10751,.F.);
#10751 = EDGE_CURVE('',#10752,#10752,#10754,.T.);
#10752 = VERTEX_POINT('',#10753);
#10753 = CARTESIAN_POINT('',(3.41,5.551115123126E-16,2.5));
#10754 = CIRCLE('',#10755,1.);
#10755 = AXIS2_PLACEMENT_3D('',#10756,#10757,#10758);
#10756 = CARTESIAN_POINT('',(3.41,6.630669073875E-16,1.5));
#10757 = DIRECTION('',(1.,0.,-0.));
#10758 = DIRECTION('',(0.,1.002044604925E-15,1.));
#10759 = PLANE('',#10760);
#10760 = AXIS2_PLACEMENT_3D('',#10761,#10762,#10763);
#10761 = CARTESIAN_POINT('',(3.41,6.630669073875E-16,1.5));
#10762 = DIRECTION('',(1.,0.,0.));
#10763 = DIRECTION('',(-0.,9.92044604925E-16,1.));
#10764 = ADVANCED_FACE('',(#10765),#10784,.T.);
#10765 = FACE_BOUND('',#10766,.T.);
#10766 = EDGE_LOOP('',(#10767,#10776,#10782,#10783));
#10767 = ORIENTED_EDGE('',*,*,#10768,.T.);
#10768 = EDGE_CURVE('',#10769,#10769,#10771,.T.);
#10769 = VERTEX_POINT('',#10770);
#10770 = CARTESIAN_POINT('',(2.21,3.555111512313E-15,2.5));
#10771 = CIRCLE('',#10772,1.);
#10772 = AXIS2_PLACEMENT_3D('',#10773,#10774,#10775);
#10773 = CARTESIAN_POINT('',(2.21,6.630669073875E-16,1.5));
#10774 = DIRECTION('',(1.,0.,-0.));
#10775 = DIRECTION('',(0.,1.002044604925E-15,1.));
#10776 = ORIENTED_EDGE('',*,*,#10777,.T.);
#10777 = EDGE_CURVE('',#10769,#10732,#10778,.T.);
#10778 = LINE('',#10779,#10780);
#10779 = CARTESIAN_POINT('',(1.81,5.551115123126E-16,2.5));
#10780 = VECTOR('',#10781,1.);
#10781 = DIRECTION('',(1.,0.,0.));
#10782 = ORIENTED_EDGE('',*,*,#10731,.F.);
#10783 = ORIENTED_EDGE('',*,*,#10777,.F.);
#10784 = CYLINDRICAL_SURFACE('',#10785,1.);
#10785 = AXIS2_PLACEMENT_3D('',#10786,#10787,#10788);
#10786 = CARTESIAN_POINT('',(1.81,6.630669073875E-16,1.5));
#10787 = DIRECTION('',(1.,0.,0.));
#10788 = DIRECTION('',(-0.,1.002044604925E-15,1.));
#10789 = ADVANCED_FACE('',(#10790),#10809,.T.);
#10790 = FACE_BOUND('',#10791,.T.);
#10791 = EDGE_LOOP('',(#10792,#10793,#10801,#10808));
#10792 = ORIENTED_EDGE('',*,*,#10751,.T.);
#10793 = ORIENTED_EDGE('',*,*,#10794,.T.);
#10794 = EDGE_CURVE('',#10752,#10795,#10797,.T.);
#10795 = VERTEX_POINT('',#10796);
#10796 = CARTESIAN_POINT('',(5.41,3.555111512313E-15,2.5));
#10797 = LINE('',#10798,#10799);
#10798 = CARTESIAN_POINT('',(1.81,5.551115123126E-16,2.5));
#10799 = VECTOR('',#10800,1.);
#10800 = DIRECTION('',(1.,0.,0.));
#10801 = ORIENTED_EDGE('',*,*,#10802,.F.);
#10802 = EDGE_CURVE('',#10795,#10795,#10803,.T.);
#10803 = CIRCLE('',#10804,1.);
#10804 = AXIS2_PLACEMENT_3D('',#10805,#10806,#10807);
#10805 = CARTESIAN_POINT('',(5.41,6.630669073875E-16,1.5));
#10806 = DIRECTION('',(1.,0.,-0.));
#10807 = DIRECTION('',(0.,1.002044604925E-15,1.));
#10808 = ORIENTED_EDGE('',*,*,#10794,.F.);
#10809 = CYLINDRICAL_SURFACE('',#10810,1.);
#10810 = AXIS2_PLACEMENT_3D('',#10811,#10812,#10813);
#10811 = CARTESIAN_POINT('',(1.81,6.630669073875E-16,1.5));
#10812 = DIRECTION('',(1.,0.,0.));
#10813 = DIRECTION('',(-0.,1.002044604925E-15,1.));
#10814 = ADVANCED_FACE('',(#10815),#10835,.T.);
#10815 = FACE_BOUND('',#10816,.T.);
#10816 = EDGE_LOOP('',(#10817,#10826,#10833,#10834));
#10817 = ORIENTED_EDGE('',*,*,#10818,.T.);
#10818 = EDGE_CURVE('',#10819,#10819,#10821,.T.);
#10819 = VERTEX_POINT('',#10820);
#10820 = CARTESIAN_POINT('',(1.81,1.466293670343E-15,2.1));
#10821 = CIRCLE('',#10822,0.6);
#10822 = AXIS2_PLACEMENT_3D('',#10823,#10824,#10825);
#10823 = CARTESIAN_POINT('',(1.81,6.630669073875E-16,1.5));
#10824 = DIRECTION('',(1.,0.,-0.));
#10825 = DIRECTION('',(0.,1.002044604925E-15,1.));
#10826 = ORIENTED_EDGE('',*,*,#10827,.F.);
#10827 = EDGE_CURVE('',#10769,#10819,#10828,.T.);
#10828 = CIRCLE('',#10829,0.4);
#10829 = AXIS2_PLACEMENT_3D('',#10830,#10831,#10832);
#10830 = CARTESIAN_POINT('',(2.21,1.266293670343E-15,2.1));
#10831 = DIRECTION('',(0.,-1.,1.002044604925E-15));
#10832 = DIRECTION('',(0.,1.002044604925E-15,1.));
#10833 = ORIENTED_EDGE('',*,*,#10768,.F.);
#10834 = ORIENTED_EDGE('',*,*,#10827,.T.);
#10835 = TOROIDAL_SURFACE('',#10836,0.6,0.4);
#10836 = AXIS2_PLACEMENT_3D('',#10837,#10838,#10839);
#10837 = CARTESIAN_POINT('',(2.21,6.630669073875E-16,1.5));
#10838 = DIRECTION('',(-1.,0.,0.));
#10839 = DIRECTION('',(0.,1.002044604925E-15,1.));
#10840 = ADVANCED_FACE('',(#10841),#10861,.T.);
#10841 = FACE_BOUND('',#10842,.T.);
#10842 = EDGE_LOOP('',(#10843,#10844,#10853,#10860));
#10843 = ORIENTED_EDGE('',*,*,#10802,.T.);
#10844 = ORIENTED_EDGE('',*,*,#10845,.F.);
#10845 = EDGE_CURVE('',#10846,#10795,#10848,.T.);
#10846 = VERTEX_POINT('',#10847);
#10847 = CARTESIAN_POINT('',(5.81,1.466293670343E-15,2.1));
#10848 = CIRCLE('',#10849,0.4);
#10849 = AXIS2_PLACEMENT_3D('',#10850,#10851,#10852);
#10850 = CARTESIAN_POINT('',(5.41,1.266293670343E-15,2.1));
#10851 = DIRECTION('',(0.,-1.,1.002044604925E-15));
#10852 = DIRECTION('',(0.,1.002044604925E-15,1.));
#10853 = ORIENTED_EDGE('',*,*,#10854,.F.);
#10854 = EDGE_CURVE('',#10846,#10846,#10855,.T.);
#10855 = CIRCLE('',#10856,0.6);
#10856 = AXIS2_PLACEMENT_3D('',#10857,#10858,#10859);
#10857 = CARTESIAN_POINT('',(5.81,6.630669073875E-16,1.5));
#10858 = DIRECTION('',(1.,0.,-0.));
#10859 = DIRECTION('',(0.,1.002044604925E-15,1.));
#10860 = ORIENTED_EDGE('',*,*,#10845,.T.);
#10861 = TOROIDAL_SURFACE('',#10862,0.6,0.4);
#10862 = AXIS2_PLACEMENT_3D('',#10863,#10864,#10865);
#10863 = CARTESIAN_POINT('',(5.41,6.630669073875E-16,1.5));
#10864 = DIRECTION('',(-1.,0.,0.));
#10865 = DIRECTION('',(0.,1.002044604925E-15,1.));
#10866 = ADVANCED_FACE('',(#10867),#10870,.F.);
#10867 = FACE_BOUND('',#10868,.T.);
#10868 = EDGE_LOOP('',(#10869));
#10869 = ORIENTED_EDGE('',*,*,#10818,.F.);
#10870 = PLANE('',#10871);
#10871 = AXIS2_PLACEMENT_3D('',#10872,#10873,#10874);
#10872 = CARTESIAN_POINT('',(1.81,6.630669073875E-16,1.5));
#10873 = DIRECTION('',(1.,0.,0.));
#10874 = DIRECTION('',(-0.,1.002044604925E-15,1.));
#10875 = ADVANCED_FACE('',(#10876),#10879,.T.);
#10876 = FACE_BOUND('',#10877,.F.);
#10877 = EDGE_LOOP('',(#10878));
#10878 = ORIENTED_EDGE('',*,*,#10854,.F.);
#10879 = PLANE('',#10880);
#10880 = AXIS2_PLACEMENT_3D('',#10881,#10882,#10883);
#10881 = CARTESIAN_POINT('',(5.81,6.630669073875E-16,1.5));
#10882 = DIRECTION('',(1.,0.,0.));
#10883 = DIRECTION('',(-0.,1.002044604925E-15,1.));
#10884 = ( GEOMETRIC_REPRESENTATION_CONTEXT(3) 
GLOBAL_UNCERTAINTY_ASSIGNED_CONTEXT((#10888)) 
GLOBAL_UNIT_ASSIGNED_CONTEXT((#10885,#10886,#10887)) 
REPRESENTATION_CONTEXT('Context #1',
  '3D Context with UNIT and UNCERTAINTY') );
#10885 = ( LENGTH_UNIT() NAMED_UNIT(*) SI_UNIT(.MILLI.,.METRE.) );
#10886 = ( NAMED_UNIT(*) PLANE_ANGLE_UNIT() SI_UNIT($,.RADIAN.) );
#10887 = ( NAMED_UNIT(*) SI_UNIT($,.STERADIAN.) SOLID_ANGLE_UNIT() );
#10888 = UNCERTAINTY_MEASURE_WITH_UNIT(LENGTH_MEASURE(1.E-07),#10885,
  'distance_accuracy_value','confusion accuracy');
#10889 = CONTEXT_DEPENDENT_SHAPE_REPRESENTATION(#10890,#10892);
#10890 = ( REPRESENTATION_RELATIONSHIP('','',#10533,#10510) 
REPRESENTATION_RELATIONSHIP_WITH_TRANSFORMATION(#10891) 
SHAPE_REPRESENTATION_RELATIONSHIP() );
#10891 = ITEM_DEFINED_TRANSFORMATION('','',#11,#10511);
#10892 = PRODUCT_DEFINITION_SHAPE('Placement','Placement of an item',
  #10893);
#10893 = NEXT_ASSEMBLY_USAGE_OCCURRENCE('5','=>[0:1:1:7]','',#10505,
  #10528,$);
#10894 = PRODUCT_RELATED_PRODUCT_CATEGORY('part',$,(#10530));
#10895 = CONTEXT_DEPENDENT_SHAPE_REPRESENTATION(#10896,#10898);
#10896 = ( REPRESENTATION_RELATIONSHIP('','',#176,#10) 
REPRESENTATION_RELATIONSHIP_WITH_TRANSFORMATION(#10897) 
SHAPE_REPRESENTATION_RELATIONSHIP() );
#10897 = ITEM_DEFINED_TRANSFORMATION('','',#11,#27);
#10898 = PRODUCT_DEFINITION_SHAPE('Placement','Placement of an item',
  #10899);
#10899 = NEXT_ASSEMBLY_USAGE_OCCURRENCE('7','SW14','',#5,#171,$);
#10900 = CONTEXT_DEPENDENT_SHAPE_REPRESENTATION(#10901,#10903);
#10901 = ( REPRESENTATION_RELATIONSHIP('','',#176,#10) 
REPRESENTATION_RELATIONSHIP_WITH_TRANSFORMATION(#10902) 
SHAPE_REPRESENTATION_RELATIONSHIP() );
#10902 = ITEM_DEFINED_TRANSFORMATION('','',#11,#31);
#10903 = PRODUCT_DEFINITION_SHAPE('Placement','Placement of an item',
  #10904);
#10904 = NEXT_ASSEMBLY_USAGE_OCCURRENCE('8','SW1','',#5,#171,$);
#10905 = CONTEXT_DEPENDENT_SHAPE_REPRESENTATION(#10906,#10908);
#10906 = ( REPRESENTATION_RELATIONSHIP('','',#176,#10) 
REPRESENTATION_RELATIONSHIP_WITH_TRANSFORMATION(#10907) 
SHAPE_REPRESENTATION_RELATIONSHIP() );
#10907 = ITEM_DEFINED_TRANSFORMATION('','',#11,#35);
#10908 = PRODUCT_DEFINITION_SHAPE('Placement','Placement of an item',
  #10909);
#10909 = NEXT_ASSEMBLY_USAGE_OCCURRENCE('9','SW7','',#5,#171,$);
#10910 = CONTEXT_DEPENDENT_SHAPE_REPRESENTATION(#10911,#10913);
#10911 = ( REPRESENTATION_RELATIONSHIP('','',#176,#10) 
REPRESENTATION_RELATIONSHIP_WITH_TRANSFORMATION(#10912) 
SHAPE_REPRESENTATION_RELATIONSHIP() );
#10912 = ITEM_DEFINED_TRANSFORMATION('','',#11,#39);
#10913 = PRODUCT_DEFINITION_SHAPE('Placement','Placement of an item',
  #10914);
#10914 = NEXT_ASSEMBLY_USAGE_OCCURRENCE('10','SW8','',#5,#171,$);
#10915 = CONTEXT_DEPENDENT_SHAPE_REPRESENTATION(#10916,#10918);
#10916 = ( REPRESENTATION_RELATIONSHIP('','',#176,#10) 
REPRESENTATION_RELATIONSHIP_WITH_TRANSFORMATION(#10917) 
SHAPE_REPRESENTATION_RELATIONSHIP() );
#10917 = ITEM_DEFINED_TRANSFORMATION('','',#11,#43);
#10918 = PRODUCT_DEFINITION_SHAPE('Placement','Placement of an item',
  #10919);
#10919 = NEXT_ASSEMBLY_USAGE_OCCURRENCE('11','SW12','',#5,#171,$);
#10920 = CONTEXT_DEPENDENT_SHAPE_REPRESENTATION(#10921,#10923);
#10921 = ( REPRESENTATION_RELATIONSHIP('','',#10510,#10) 
REPRESENTATION_RELATIONSHIP_WITH_TRANSFORMATION(#10922) 
SHAPE_REPRESENTATION_RELATIONSHIP() );
#10922 = ITEM_DEFINED_TRANSFORMATION('','',#11,#47);
#10923 = PRODUCT_DEFINITION_SHAPE('Placement','Placement of an item',
  #10924);
#10924 = NEXT_ASSEMBLY_USAGE_OCCURRENCE('12','D16','',#5,#10505,$);
#10925 = CONTEXT_DEPENDENT_SHAPE_REPRESENTATION(#10926,#10928);
#10926 = ( REPRESENTATION_RELATIONSHIP('','',#10510,#10) 
REPRESENTATION_RELATIONSHIP_WITH_TRANSFORMATION(#10927) 
SHAPE_REPRESENTATION_RELATIONSHIP() );
#10927 = ITEM_DEFINED_TRANSFORMATION('','',#11,#51);
#10928 = PRODUCT_DEFINITION_SHAPE('Placement','Placement of an item',
  #10929);
#10929 = NEXT_ASSEMBLY_USAGE_OCCURRENCE('13','D8','',#5,#10505,$);
#10930 = CONTEXT_DEPENDENT_SHAPE_REPRESENTATION(#10931,#10933);
#10931 = ( REPRESENTATION_RELATIONSHIP('','',#10510,#10) 
REPRESENTATION_RELATIONSHIP_WITH_TRANSFORMATION(#10932) 
SHAPE_REPRESENTATION_RELATIONSHIP() );
#10932 = ITEM_DEFINED_TRANSFORMATION('','',#11,#55);
#10933 = PRODUCT_DEFINITION_SHAPE('Placement','Placement of an item',
  #10934);
#10934 = NEXT_ASSEMBLY_USAGE_OCCURRENCE('14','D1','',#5,#10505,$);
#10935 = CONTEXT_DEPENDENT_SHAPE_REPRESENTATION(#10936,#10938);
#10936 = ( REPRESENTATION_RELATIONSHIP('','',#10510,#10) 
REPRESENTATION_RELATIONSHIP_WITH_TRANSFORMATION(#10937) 
SHAPE_REPRESENTATION_RELATIONSHIP() );
#10937 = ITEM_DEFINED_TRANSFORMATION('','',#11,#59);
#10938 = PRODUCT_DEFINITION_SHAPE('Placement','Placement of an item',
  #10939);
#10939 = NEXT_ASSEMBLY_USAGE_OCCURRENCE('15','D13','',#5,#10505,$);
#10940 = SHAPE_DEFINITION_REPRESENTATION(#10941,#10947);
#10941 = PRODUCT_DEFINITION_SHAPE('','',#10942);
#10942 = PRODUCT_DEFINITION('design','',#10943,#10946);
#10943 = PRODUCT_DEFINITION_FORMATION('','',#10944);
#10944 = PRODUCT('PinHeader_1x03_P2.54mm_Vertical',
  'PinHeader_1x03_P2.54mm_Vertical','',(#10945));
#10945 = PRODUCT_CONTEXT('',#2,'mechanical');
#10946 = PRODUCT_DEFINITION_CONTEXT('part definition',#2,'design');
#10947 = SHAPE_REPRESENTATION('',(#11,#10948),#10952);
#10948 = AXIS2_PLACEMENT_3D('',#10949,#10950,#10951);
#10949 = CARTESIAN_POINT('',(0.,0.,0.));
#10950 = DIRECTION('',(0.,0.,1.));
#10951 = DIRECTION('',(1.,0.,-0.));
#10952 = ( GEOMETRIC_REPRESENTATION_CONTEXT(3) 
GLOBAL_UNCERTAINTY_ASSIGNED_CONTEXT((#10956)) 
GLOBAL_UNIT_ASSIGNED_CONTEXT((#10953,#10954,#10955)) 
REPRESENTATION_CONTEXT('Context #1',
  '3D Context with UNIT and UNCERTAINTY') );
#10953 = ( LENGTH_UNIT() NAMED_UNIT(*) SI_UNIT(.MILLI.,.METRE.) );
#10954 = ( NAMED_UNIT(*) PLANE_ANGLE_UNIT() SI_UNIT($,.RADIAN.) );
#10955 = ( NAMED_UNIT(*) SI_UNIT($,.STERADIAN.) SOLID_ANGLE_UNIT() );
#10956 = UNCERTAINTY_MEASURE_WITH_UNIT(LENGTH_MEASURE(1.E-07),#10953,
  'distance_accuracy_value','confusion accuracy');
#10957 = CONTEXT_DEPENDENT_SHAPE_REPRESENTATION(#10958,#10960);
#10958 = ( REPRESENTATION_RELATIONSHIP('','',#10947,#10) 
REPRESENTATION_RELATIONSHIP_WITH_TRANSFORMATION(#10959) 
SHAPE_REPRESENTATION_RELATIONSHIP() );
#10959 = ITEM_DEFINED_TRANSFORMATION('','',#11,#63);
#10960 = PRODUCT_DEFINITION_SHAPE('Placement','Placement of an item',
  #10961);
#10961 = NEXT_ASSEMBLY_USAGE_OCCURRENCE('17','J1','',#5,#10942,$);
#10962 = PRODUCT_RELATED_PRODUCT_CATEGORY('part',$,(#10944));
#10963 = SHAPE_DEFINITION_REPRESENTATION(#10964,#10970);
#10964 = PRODUCT_DEFINITION_SHAPE('','',#10965);
#10965 = PRODUCT_DEFINITION('design','',#10966,#10969);
#10966 = PRODUCT_DEFINITION_FORMATION('','',#10967);
#10967 = PRODUCT('PinHeader_1x03_P254mm_Vertical',
  'PinHeader_1x03_P254mm_Vertical','',(#10968));
#10968 = PRODUCT_CONTEXT('',#2,'mechanical');
#10969 = PRODUCT_DEFINITION_CONTEXT('part definition',#2,'design');
#10970 = ADVANCED_BREP_SHAPE_REPRESENTATION('',(#11,#10971),#13077);
#10971 = MANIFOLD_SOLID_BREP('',#10972);
#10972 = CLOSED_SHELL('',(#10973,#11013,#11044,#11075,#11322,#11569,
    #11586,#11603,#11620,#11637,#11654,#11671,#11688,#11705,#11722,
    #11739,#11756,#11773,#11790,#11807,#11824,#11841,#11853,#11884,
    #11908,#11932,#11949,#11980,#12004,#12028,#12045,#12076,#12100,
    #12124,#12141,#12172,#12196,#12220,#12237,#12268,#12292,#12316,
    #12333,#12364,#12388,#12412,#12429,#12460,#12484,#12508,#12525,
    #12556,#12580,#12604,#12621,#12652,#12676,#12700,#12717,#12748,
    #12772,#12796,#12813,#12844,#12868,#12892,#12909,#12940,#12964,
    #12988,#13005,#13017,#13029,#13041,#13053,#13065));
#10973 = ADVANCED_FACE('',(#10974),#11008,.F.);
#10974 = FACE_BOUND('',#10975,.F.);
#10975 = EDGE_LOOP('',(#10976,#10986,#10994,#11002));
#10976 = ORIENTED_EDGE('',*,*,#10977,.T.);
#10977 = EDGE_CURVE('',#10978,#10980,#10982,.T.);
#10978 = VERTEX_POINT('',#10979);
#10979 = CARTESIAN_POINT('',(-1.016,1.27,0.));
#10980 = VERTEX_POINT('',#10981);
#10981 = CARTESIAN_POINT('',(-1.016,1.27,2.54));
#10982 = LINE('',#10983,#10984);
#10983 = CARTESIAN_POINT('',(-1.016,1.27,0.));
#10984 = VECTOR('',#10985,1.);
#10985 = DIRECTION('',(0.,0.,1.));
#10986 = ORIENTED_EDGE('',*,*,#10987,.T.);
#10987 = EDGE_CURVE('',#10980,#10988,#10990,.T.);
#10988 = VERTEX_POINT('',#10989);
#10989 = CARTESIAN_POINT('',(-1.27,1.016,2.54));
#10990 = LINE('',#10991,#10992);
#10991 = CARTESIAN_POINT('',(-1.016,1.27,2.54));
#10992 = VECTOR('',#10993,1.);
#10993 = DIRECTION('',(-0.707106781187,-0.707106781187,0.));
#10994 = ORIENTED_EDGE('',*,*,#10995,.F.);
#10995 = EDGE_CURVE('',#10996,#10988,#10998,.T.);
#10996 = VERTEX_POINT('',#10997);
#10997 = CARTESIAN_POINT('',(-1.27,1.016,0.));
#10998 = LINE('',#10999,#11000);
#10999 = CARTESIAN_POINT('',(-1.27,1.016,0.));
#11000 = VECTOR('',#11001,1.);
#11001 = DIRECTION('',(0.,0.,1.));
#11002 = ORIENTED_EDGE('',*,*,#11003,.F.);
#11003 = EDGE_CURVE('',#10978,#10996,#11004,.T.);
#11004 = LINE('',#11005,#11006);
#11005 = CARTESIAN_POINT('',(-1.016,1.27,0.));
#11006 = VECTOR('',#11007,1.);
#11007 = DIRECTION('',(-0.707106781187,-0.707106781187,0.));
#11008 = PLANE('',#11009);
#11009 = AXIS2_PLACEMENT_3D('',#11010,#11011,#11012);
#11010 = CARTESIAN_POINT('',(-1.016,1.27,0.));
#11011 = DIRECTION('',(0.707106781187,-0.707106781187,0.));
#11012 = DIRECTION('',(-0.707106781187,-0.707106781187,0.));
#11013 = ADVANCED_FACE('',(#11014),#11039,.F.);
#11014 = FACE_BOUND('',#11015,.F.);
#11015 = EDGE_LOOP('',(#11016,#11026,#11032,#11033));
#11016 = ORIENTED_EDGE('',*,*,#11017,.T.);
#11017 = EDGE_CURVE('',#11018,#11020,#11022,.T.);
#11018 = VERTEX_POINT('',#11019);
#11019 = CARTESIAN_POINT('',(1.016,1.27,0.));
#11020 = VERTEX_POINT('',#11021);
#11021 = CARTESIAN_POINT('',(1.016,1.27,2.54));
#11022 = LINE('',#11023,#11024);
#11023 = CARTESIAN_POINT('',(1.016,1.27,0.));
#11024 = VECTOR('',#11025,1.);
#11025 = DIRECTION('',(0.,0.,1.));
#11026 = ORIENTED_EDGE('',*,*,#11027,.T.);
#11027 = EDGE_CURVE('',#11020,#10980,#11028,.T.);
#11028 = LINE('',#11029,#11030);
#11029 = CARTESIAN_POINT('',(1.016,1.27,2.54));
#11030 = VECTOR('',#11031,1.);
#11031 = DIRECTION('',(-1.,0.,0.));
#11032 = ORIENTED_EDGE('',*,*,#10977,.F.);
#11033 = ORIENTED_EDGE('',*,*,#11034,.F.);
#11034 = EDGE_CURVE('',#11018,#10978,#11035,.T.);
#11035 = LINE('',#11036,#11037);
#11036 = CARTESIAN_POINT('',(1.016,1.27,0.));
#11037 = VECTOR('',#11038,1.);
#11038 = DIRECTION('',(-1.,0.,0.));
#11039 = PLANE('',#11040);
#11040 = AXIS2_PLACEMENT_3D('',#11041,#11042,#11043);
#11041 = CARTESIAN_POINT('',(1.016,1.27,0.));
#11042 = DIRECTION('',(0.,-1.,0.));
#11043 = DIRECTION('',(-1.,0.,0.));
#11044 = ADVANCED_FACE('',(#11045),#11070,.F.);
#11045 = FACE_BOUND('',#11046,.F.);
#11046 = EDGE_LOOP('',(#11047,#11048,#11056,#11064));
#11047 = ORIENTED_EDGE('',*,*,#10995,.T.);
#11048 = ORIENTED_EDGE('',*,*,#11049,.T.);
#11049 = EDGE_CURVE('',#10988,#11050,#11052,.T.);
#11050 = VERTEX_POINT('',#11051);
#11051 = CARTESIAN_POINT('',(-1.27,-1.016,2.54));
#11052 = LINE('',#11053,#11054);
#11053 = CARTESIAN_POINT('',(-1.27,1.016,2.54));
#11054 = VECTOR('',#11055,1.);
#11055 = DIRECTION('',(0.,-1.,0.));
#11056 = ORIENTED_EDGE('',*,*,#11057,.F.);
#11057 = EDGE_CURVE('',#11058,#11050,#11060,.T.);
#11058 = VERTEX_POINT('',#11059);
#11059 = CARTESIAN_POINT('',(-1.27,-1.016,0.));
#11060 = LINE('',#11061,#11062);
#11061 = CARTESIAN_POINT('',(-1.27,-1.016,0.));
#11062 = VECTOR('',#11063,1.);
#11063 = DIRECTION('',(0.,0.,1.));
#11064 = ORIENTED_EDGE('',*,*,#11065,.F.);
#11065 = EDGE_CURVE('',#10996,#11058,#11066,.T.);
#11066 = LINE('',#11067,#11068);
#11067 = CARTESIAN_POINT('',(-1.27,1.016,0.));
#11068 = VECTOR('',#11069,1.);
#11069 = DIRECTION('',(0.,-1.,0.));
#11070 = PLANE('',#11071);
#11071 = AXIS2_PLACEMENT_3D('',#11072,#11073,#11074);
#11072 = CARTESIAN_POINT('',(-1.27,1.016,0.));
#11073 = DIRECTION('',(1.,0.,0.));
#11074 = DIRECTION('',(0.,-1.,0.));
#11075 = ADVANCED_FACE('',(#11076,#11215,#11249,#11283),#11317,.F.);
#11076 = FACE_BOUND('',#11077,.F.);
#11077 = EDGE_LOOP('',(#11078,#11079,#11080,#11088,#11096,#11104,#11112,
    #11120,#11128,#11136,#11144,#11152,#11160,#11168,#11176,#11184,
    #11192,#11200,#11208,#11214));
#11078 = ORIENTED_EDGE('',*,*,#11003,.T.);
#11079 = ORIENTED_EDGE('',*,*,#11065,.T.);
#11080 = ORIENTED_EDGE('',*,*,#11081,.T.);
#11081 = EDGE_CURVE('',#11058,#11082,#11084,.T.);
#11082 = VERTEX_POINT('',#11083);
#11083 = CARTESIAN_POINT('',(-1.016,-1.27,0.));
#11084 = LINE('',#11085,#11086);
#11085 = CARTESIAN_POINT('',(-1.27,-1.016,0.));
#11086 = VECTOR('',#11087,1.);
#11087 = DIRECTION('',(0.707106781187,-0.707106781187,0.));
#11088 = ORIENTED_EDGE('',*,*,#11089,.T.);
#11089 = EDGE_CURVE('',#11082,#11090,#11092,.T.);
#11090 = VERTEX_POINT('',#11091);
#11091 = CARTESIAN_POINT('',(-1.27,-1.524,0.));
#11092 = LINE('',#11093,#11094);
#11093 = CARTESIAN_POINT('',(-1.016,-1.27,0.));
#11094 = VECTOR('',#11095,1.);
#11095 = DIRECTION('',(-0.707106781187,-0.707106781187,0.));
#11096 = ORIENTED_EDGE('',*,*,#11097,.T.);
#11097 = EDGE_CURVE('',#11090,#11098,#11100,.T.);
#11098 = VERTEX_POINT('',#11099);
#11099 = CARTESIAN_POINT('',(-1.27,-3.556,0.));
#11100 = LINE('',#11101,#11102);
#11101 = CARTESIAN_POINT('',(-1.27,-1.524,0.));
#11102 = VECTOR('',#11103,1.);
#11103 = DIRECTION('',(0.,-1.,0.));
#11104 = ORIENTED_EDGE('',*,*,#11105,.T.);
#11105 = EDGE_CURVE('',#11098,#11106,#11108,.T.);
#11106 = VERTEX_POINT('',#11107);
#11107 = CARTESIAN_POINT('',(-1.016,-3.81,0.));
#11108 = LINE('',#11109,#11110);
#11109 = CARTESIAN_POINT('',(-1.27,-3.556,0.));
#11110 = VECTOR('',#11111,1.);
#11111 = DIRECTION('',(0.707106781187,-0.707106781187,0.));
#11112 = ORIENTED_EDGE('',*,*,#11113,.T.);
#11113 = EDGE_CURVE('',#11106,#11114,#11116,.T.);
#11114 = VERTEX_POINT('',#11115);
#11115 = CARTESIAN_POINT('',(-1.27,-4.064,0.));
#11116 = LINE('',#11117,#11118);
#11117 = CARTESIAN_POINT('',(-1.016,-3.81,0.));
#11118 = VECTOR('',#11119,1.);
#11119 = DIRECTION('',(-0.707106781187,-0.707106781187,0.));
#11120 = ORIENTED_EDGE('',*,*,#11121,.T.);
#11121 = EDGE_CURVE('',#11114,#11122,#11124,.T.);
#11122 = VERTEX_POINT('',#11123);
#11123 = CARTESIAN_POINT('',(-1.27,-6.096,0.));
#11124 = LINE('',#11125,#11126);
#11125 = CARTESIAN_POINT('',(-1.27,-4.064,0.));
#11126 = VECTOR('',#11127,1.);
#11127 = DIRECTION('',(0.,-1.,0.));
#11128 = ORIENTED_EDGE('',*,*,#11129,.T.);
#11129 = EDGE_CURVE('',#11122,#11130,#11132,.T.);
#11130 = VERTEX_POINT('',#11131);
#11131 = CARTESIAN_POINT('',(-1.016,-6.35,0.));
#11132 = LINE('',#11133,#11134);
#11133 = CARTESIAN_POINT('',(-1.27,-6.096,0.));
#11134 = VECTOR('',#11135,1.);
#11135 = DIRECTION('',(0.707106781187,-0.707106781187,0.));
#11136 = ORIENTED_EDGE('',*,*,#11137,.T.);
#11137 = EDGE_CURVE('',#11130,#11138,#11140,.T.);
#11138 = VERTEX_POINT('',#11139);
#11139 = CARTESIAN_POINT('',(1.016,-6.35,0.));
#11140 = LINE('',#11141,#11142);
#11141 = CARTESIAN_POINT('',(-1.016,-6.35,0.));
#11142 = VECTOR('',#11143,1.);
#11143 = DIRECTION('',(1.,0.,0.));
#11144 = ORIENTED_EDGE('',*,*,#11145,.T.);
#11145 = EDGE_CURVE('',#11138,#11146,#11148,.T.);
#11146 = VERTEX_POINT('',#11147);
#11147 = CARTESIAN_POINT('',(1.27,-6.096,0.));
#11148 = LINE('',#11149,#11150);
#11149 = CARTESIAN_POINT('',(1.016,-6.35,0.));
#11150 = VECTOR('',#11151,1.);
#11151 = DIRECTION('',(0.707106781187,0.707106781187,0.));
#11152 = ORIENTED_EDGE('',*,*,#11153,.T.);
#11153 = EDGE_CURVE('',#11146,#11154,#11156,.T.);
#11154 = VERTEX_POINT('',#11155);
#11155 = CARTESIAN_POINT('',(1.27,-4.064,0.));
#11156 = LINE('',#11157,#11158);
#11157 = CARTESIAN_POINT('',(1.27,-6.096,0.));
#11158 = VECTOR('',#11159,1.);
#11159 = DIRECTION('',(0.,1.,0.));
#11160 = ORIENTED_EDGE('',*,*,#11161,.T.);
#11161 = EDGE_CURVE('',#11154,#11162,#11164,.T.);
#11162 = VERTEX_POINT('',#11163);
#11163 = CARTESIAN_POINT('',(1.016,-3.81,0.));
#11164 = LINE('',#11165,#11166);
#11165 = CARTESIAN_POINT('',(1.27,-4.064,0.));
#11166 = VECTOR('',#11167,1.);
#11167 = DIRECTION('',(-0.707106781187,0.707106781187,0.));
#11168 = ORIENTED_EDGE('',*,*,#11169,.T.);
#11169 = EDGE_CURVE('',#11162,#11170,#11172,.T.);
#11170 = VERTEX_POINT('',#11171);
#11171 = CARTESIAN_POINT('',(1.27,-3.556,0.));
#11172 = LINE('',#11173,#11174);
#11173 = CARTESIAN_POINT('',(1.016,-3.81,0.));
#11174 = VECTOR('',#11175,1.);
#11175 = DIRECTION('',(0.707106781187,0.707106781187,0.));
#11176 = ORIENTED_EDGE('',*,*,#11177,.T.);
#11177 = EDGE_CURVE('',#11170,#11178,#11180,.T.);
#11178 = VERTEX_POINT('',#11179);
#11179 = CARTESIAN_POINT('',(1.27,-1.524,0.));
#11180 = LINE('',#11181,#11182);
#11181 = CARTESIAN_POINT('',(1.27,-3.556,0.));
#11182 = VECTOR('',#11183,1.);
#11183 = DIRECTION('',(0.,1.,0.));
#11184 = ORIENTED_EDGE('',*,*,#11185,.T.);
#11185 = EDGE_CURVE('',#11178,#11186,#11188,.T.);
#11186 = VERTEX_POINT('',#11187);
#11187 = CARTESIAN_POINT('',(1.016,-1.27,0.));
#11188 = LINE('',#11189,#11190);
#11189 = CARTESIAN_POINT('',(1.27,-1.524,0.));
#11190 = VECTOR('',#11191,1.);
#11191 = DIRECTION('',(-0.707106781187,0.707106781187,0.));
#11192 = ORIENTED_EDGE('',*,*,#11193,.T.);
#11193 = EDGE_CURVE('',#11186,#11194,#11196,.T.);
#11194 = VERTEX_POINT('',#11195);
#11195 = CARTESIAN_POINT('',(1.27,-1.016,0.));
#11196 = LINE('',#11197,#11198);
#11197 = CARTESIAN_POINT('',(1.016,-1.27,0.));
#11198 = VECTOR('',#11199,1.);
#11199 = DIRECTION('',(0.707106781187,0.707106781187,0.));
#11200 = ORIENTED_EDGE('',*,*,#11201,.T.);
#11201 = EDGE_CURVE('',#11194,#11202,#11204,.T.);
#11202 = VERTEX_POINT('',#11203);
#11203 = CARTESIAN_POINT('',(1.27,1.016,0.));
#11204 = LINE('',#11205,#11206);
#11205 = CARTESIAN_POINT('',(1.27,-1.016,0.));
#11206 = VECTOR('',#11207,1.);
#11207 = DIRECTION('',(0.,1.,0.));
#11208 = ORIENTED_EDGE('',*,*,#11209,.T.);
#11209 = EDGE_CURVE('',#11202,#11018,#11210,.T.);
#11210 = LINE('',#11211,#11212);
#11211 = CARTESIAN_POINT('',(1.27,1.016,0.));
#11212 = VECTOR('',#11213,1.);
#11213 = DIRECTION('',(-0.707106781187,0.707106781187,0.));
#11214 = ORIENTED_EDGE('',*,*,#11034,.T.);
#11215 = FACE_BOUND('',#11216,.F.);
#11216 = EDGE_LOOP('',(#11217,#11227,#11235,#11243));
#11217 = ORIENTED_EDGE('',*,*,#11218,.F.);
#11218 = EDGE_CURVE('',#11219,#11221,#11223,.T.);
#11219 = VERTEX_POINT('',#11220);
#11220 = CARTESIAN_POINT('',(0.32,-0.32,0.));
#11221 = VERTEX_POINT('',#11222);
#11222 = CARTESIAN_POINT('',(0.32,0.32,0.));
#11223 = LINE('',#11224,#11225);
#11224 = CARTESIAN_POINT('',(0.32,-1.43,0.));
#11225 = VECTOR('',#11226,1.);
#11226 = DIRECTION('',(0.,1.,0.));
#11227 = ORIENTED_EDGE('',*,*,#11228,.T.);
#11228 = EDGE_CURVE('',#11219,#11229,#11231,.T.);
#11229 = VERTEX_POINT('',#11230);
#11230 = CARTESIAN_POINT('',(-0.32,-0.32,0.));
#11231 = LINE('',#11232,#11233);
#11232 = CARTESIAN_POINT('',(-0.16,-0.32,0.));
#11233 = VECTOR('',#11234,1.);
#11234 = DIRECTION('',(-1.,0.,0.));
#11235 = ORIENTED_EDGE('',*,*,#11236,.T.);
#11236 = EDGE_CURVE('',#11229,#11237,#11239,.T.);
#11237 = VERTEX_POINT('',#11238);
#11238 = CARTESIAN_POINT('',(-0.32,0.32,0.));
#11239 = LINE('',#11240,#11241);
#11240 = CARTESIAN_POINT('',(-0.32,-1.43,0.));
#11241 = VECTOR('',#11242,1.);
#11242 = DIRECTION('',(0.,1.,0.));
#11243 = ORIENTED_EDGE('',*,*,#11244,.F.);
#11244 = EDGE_CURVE('',#11221,#11237,#11245,.T.);
#11245 = LINE('',#11246,#11247);
#11246 = CARTESIAN_POINT('',(-0.16,0.32,0.));
#11247 = VECTOR('',#11248,1.);
#11248 = DIRECTION('',(-1.,0.,0.));
#11249 = FACE_BOUND('',#11250,.F.);
#11250 = EDGE_LOOP('',(#11251,#11261,#11269,#11277));
#11251 = ORIENTED_EDGE('',*,*,#11252,.T.);
#11252 = EDGE_CURVE('',#11253,#11255,#11257,.T.);
#11253 = VERTEX_POINT('',#11254);
#11254 = CARTESIAN_POINT('',(0.32,-2.86,0.));
#11255 = VERTEX_POINT('',#11256);
#11256 = CARTESIAN_POINT('',(-0.32,-2.86,0.));
#11257 = LINE('',#11258,#11259);
#11258 = CARTESIAN_POINT('',(-0.16,-2.86,0.));
#11259 = VECTOR('',#11260,1.);
#11260 = DIRECTION('',(-1.,0.,0.));
#11261 = ORIENTED_EDGE('',*,*,#11262,.T.);
#11262 = EDGE_CURVE('',#11255,#11263,#11265,.T.);
#11263 = VERTEX_POINT('',#11264);
#11264 = CARTESIAN_POINT('',(-0.32,-2.22,0.));
#11265 = LINE('',#11266,#11267);
#11266 = CARTESIAN_POINT('',(-0.32,-2.7,0.));
#11267 = VECTOR('',#11268,1.);
#11268 = DIRECTION('',(0.,1.,0.));
#11269 = ORIENTED_EDGE('',*,*,#11270,.F.);
#11270 = EDGE_CURVE('',#11271,#11263,#11273,.T.);
#11271 = VERTEX_POINT('',#11272);
#11272 = CARTESIAN_POINT('',(0.32,-2.22,0.));
#11273 = LINE('',#11274,#11275);
#11274 = CARTESIAN_POINT('',(-0.16,-2.22,0.));
#11275 = VECTOR('',#11276,1.);
#11276 = DIRECTION('',(-1.,0.,0.));
#11277 = ORIENTED_EDGE('',*,*,#11278,.F.);
#11278 = EDGE_CURVE('',#11253,#11271,#11279,.T.);
#11279 = LINE('',#11280,#11281);
#11280 = CARTESIAN_POINT('',(0.32,-2.7,0.));
#11281 = VECTOR('',#11282,1.);
#11282 = DIRECTION('',(0.,1.,0.));
#11283 = FACE_BOUND('',#11284,.F.);
#11284 = EDGE_LOOP('',(#11285,#11295,#11303,#11311));
#11285 = ORIENTED_EDGE('',*,*,#11286,.F.);
#11286 = EDGE_CURVE('',#11287,#11289,#11291,.T.);
#11287 = VERTEX_POINT('',#11288);
#11288 = CARTESIAN_POINT('',(0.32,-4.76,0.));
#11289 = VERTEX_POINT('',#11290);
#11290 = CARTESIAN_POINT('',(-0.32,-4.76,0.));
#11291 = LINE('',#11292,#11293);
#11292 = CARTESIAN_POINT('',(-0.16,-4.76,0.));
#11293 = VECTOR('',#11294,1.);
#11294 = DIRECTION('',(-1.,0.,0.));
#11295 = ORIENTED_EDGE('',*,*,#11296,.F.);
#11296 = EDGE_CURVE('',#11297,#11287,#11299,.T.);
#11297 = VERTEX_POINT('',#11298);
#11298 = CARTESIAN_POINT('',(0.32,-5.4,0.));
#11299 = LINE('',#11300,#11301);
#11300 = CARTESIAN_POINT('',(0.32,-3.97,0.));
#11301 = VECTOR('',#11302,1.);
#11302 = DIRECTION('',(0.,1.,0.));
#11303 = ORIENTED_EDGE('',*,*,#11304,.T.);
#11304 = EDGE_CURVE('',#11297,#11305,#11307,.T.);
#11305 = VERTEX_POINT('',#11306);
#11306 = CARTESIAN_POINT('',(-0.32,-5.4,0.));
#11307 = LINE('',#11308,#11309);
#11308 = CARTESIAN_POINT('',(-0.16,-5.4,0.));
#11309 = VECTOR('',#11310,1.);
#11310 = DIRECTION('',(-1.,0.,0.));
#11311 = ORIENTED_EDGE('',*,*,#11312,.T.);
#11312 = EDGE_CURVE('',#11305,#11289,#11313,.T.);
#11313 = LINE('',#11314,#11315);
#11314 = CARTESIAN_POINT('',(-0.32,-3.97,0.));
#11315 = VECTOR('',#11316,1.);
#11316 = DIRECTION('',(0.,1.,0.));
#11317 = PLANE('',#11318);
#11318 = AXIS2_PLACEMENT_3D('',#11319,#11320,#11321);
#11319 = CARTESIAN_POINT('',(5.398204781459E-17,-2.54,0.));
#11320 = DIRECTION('',(0.,0.,1.));
#11321 = DIRECTION('',(1.,0.,-0.));
#11322 = ADVANCED_FACE('',(#11323,#11462,#11496,#11530),#11564,.T.);
#11323 = FACE_BOUND('',#11324,.T.);
#11324 = EDGE_LOOP('',(#11325,#11326,#11327,#11335,#11343,#11351,#11359,
    #11367,#11375,#11383,#11391,#11399,#11407,#11415,#11423,#11431,
    #11439,#11447,#11455,#11461));
#11325 = ORIENTED_EDGE('',*,*,#10987,.T.);
#11326 = ORIENTED_EDGE('',*,*,#11049,.T.);
#11327 = ORIENTED_EDGE('',*,*,#11328,.T.);
#11328 = EDGE_CURVE('',#11050,#11329,#11331,.T.);
#11329 = VERTEX_POINT('',#11330);
#11330 = CARTESIAN_POINT('',(-1.016,-1.27,2.54));
#11331 = LINE('',#11332,#11333);
#11332 = CARTESIAN_POINT('',(-1.27,-1.016,2.54));
#11333 = VECTOR('',#11334,1.);
#11334 = DIRECTION('',(0.707106781187,-0.707106781187,0.));
#11335 = ORIENTED_EDGE('',*,*,#11336,.T.);
#11336 = EDGE_CURVE('',#11329,#11337,#11339,.T.);
#11337 = VERTEX_POINT('',#11338);
#11338 = CARTESIAN_POINT('',(-1.27,-1.524,2.54));
#11339 = LINE('',#11340,#11341);
#11340 = CARTESIAN_POINT('',(-1.016,-1.27,2.54));
#11341 = VECTOR('',#11342,1.);
#11342 = DIRECTION('',(-0.707106781187,-0.707106781187,0.));
#11343 = ORIENTED_EDGE('',*,*,#11344,.T.);
#11344 = EDGE_CURVE('',#11337,#11345,#11347,.T.);
#11345 = VERTEX_POINT('',#11346);
#11346 = CARTESIAN_POINT('',(-1.27,-3.556,2.54));
#11347 = LINE('',#11348,#11349);
#11348 = CARTESIAN_POINT('',(-1.27,-1.524,2.54));
#11349 = VECTOR('',#11350,1.);
#11350 = DIRECTION('',(0.,-1.,0.));
#11351 = ORIENTED_EDGE('',*,*,#11352,.T.);
#11352 = EDGE_CURVE('',#11345,#11353,#11355,.T.);
#11353 = VERTEX_POINT('',#11354);
#11354 = CARTESIAN_POINT('',(-1.016,-3.81,2.54));
#11355 = LINE('',#11356,#11357);
#11356 = CARTESIAN_POINT('',(-1.27,-3.556,2.54));
#11357 = VECTOR('',#11358,1.);
#11358 = DIRECTION('',(0.707106781187,-0.707106781187,0.));
#11359 = ORIENTED_EDGE('',*,*,#11360,.T.);
#11360 = EDGE_CURVE('',#11353,#11361,#11363,.T.);
#11361 = VERTEX_POINT('',#11362);
#11362 = CARTESIAN_POINT('',(-1.27,-4.064,2.54));
#11363 = LINE('',#11364,#11365);
#11364 = CARTESIAN_POINT('',(-1.016,-3.81,2.54));
#11365 = VECTOR('',#11366,1.);
#11366 = DIRECTION('',(-0.707106781187,-0.707106781187,0.));
#11367 = ORIENTED_EDGE('',*,*,#11368,.T.);
#11368 = EDGE_CURVE('',#11361,#11369,#11371,.T.);
#11369 = VERTEX_POINT('',#11370);
#11370 = CARTESIAN_POINT('',(-1.27,-6.096,2.54));
#11371 = LINE('',#11372,#11373);
#11372 = CARTESIAN_POINT('',(-1.27,-4.064,2.54));
#11373 = VECTOR('',#11374,1.);
#11374 = DIRECTION('',(0.,-1.,0.));
#11375 = ORIENTED_EDGE('',*,*,#11376,.T.);
#11376 = EDGE_CURVE('',#11369,#11377,#11379,.T.);
#11377 = VERTEX_POINT('',#11378);
#11378 = CARTESIAN_POINT('',(-1.016,-6.35,2.54));
#11379 = LINE('',#11380,#11381);
#11380 = CARTESIAN_POINT('',(-1.27,-6.096,2.54));
#11381 = VECTOR('',#11382,1.);
#11382 = DIRECTION('',(0.707106781187,-0.707106781187,0.));
#11383 = ORIENTED_EDGE('',*,*,#11384,.T.);
#11384 = EDGE_CURVE('',#11377,#11385,#11387,.T.);
#11385 = VERTEX_POINT('',#11386);
#11386 = CARTESIAN_POINT('',(1.016,-6.35,2.54));
#11387 = LINE('',#11388,#11389);
#11388 = CARTESIAN_POINT('',(-1.016,-6.35,2.54));
#11389 = VECTOR('',#11390,1.);
#11390 = DIRECTION('',(1.,0.,0.));
#11391 = ORIENTED_EDGE('',*,*,#11392,.T.);
#11392 = EDGE_CURVE('',#11385,#11393,#11395,.T.);
#11393 = VERTEX_POINT('',#11394);
#11394 = CARTESIAN_POINT('',(1.27,-6.096,2.54));
#11395 = LINE('',#11396,#11397);
#11396 = CARTESIAN_POINT('',(1.016,-6.35,2.54));
#11397 = VECTOR('',#11398,1.);
#11398 = DIRECTION('',(0.707106781187,0.707106781187,0.));
#11399 = ORIENTED_EDGE('',*,*,#11400,.T.);
#11400 = EDGE_CURVE('',#11393,#11401,#11403,.T.);
#11401 = VERTEX_POINT('',#11402);
#11402 = CARTESIAN_POINT('',(1.27,-4.064,2.54));
#11403 = LINE('',#11404,#11405);
#11404 = CARTESIAN_POINT('',(1.27,-6.096,2.54));
#11405 = VECTOR('',#11406,1.);
#11406 = DIRECTION('',(0.,1.,0.));
#11407 = ORIENTED_EDGE('',*,*,#11408,.T.);
#11408 = EDGE_CURVE('',#11401,#11409,#11411,.T.);
#11409 = VERTEX_POINT('',#11410);
#11410 = CARTESIAN_POINT('',(1.016,-3.81,2.54));
#11411 = LINE('',#11412,#11413);
#11412 = CARTESIAN_POINT('',(1.27,-4.064,2.54));
#11413 = VECTOR('',#11414,1.);
#11414 = DIRECTION('',(-0.707106781187,0.707106781187,0.));
#11415 = ORIENTED_EDGE('',*,*,#11416,.T.);
#11416 = EDGE_CURVE('',#11409,#11417,#11419,.T.);
#11417 = VERTEX_POINT('',#11418);
#11418 = CARTESIAN_POINT('',(1.27,-3.556,2.54));
#11419 = LINE('',#11420,#11421);
#11420 = CARTESIAN_POINT('',(1.016,-3.81,2.54));
#11421 = VECTOR('',#11422,1.);
#11422 = DIRECTION('',(0.707106781187,0.707106781187,0.));
#11423 = ORIENTED_EDGE('',*,*,#11424,.T.);
#11424 = EDGE_CURVE('',#11417,#11425,#11427,.T.);
#11425 = VERTEX_POINT('',#11426);
#11426 = CARTESIAN_POINT('',(1.27,-1.524,2.54));
#11427 = LINE('',#11428,#11429);
#11428 = CARTESIAN_POINT('',(1.27,-3.556,2.54));
#11429 = VECTOR('',#11430,1.);
#11430 = DIRECTION('',(0.,1.,0.));
#11431 = ORIENTED_EDGE('',*,*,#11432,.T.);
#11432 = EDGE_CURVE('',#11425,#11433,#11435,.T.);
#11433 = VERTEX_POINT('',#11434);
#11434 = CARTESIAN_POINT('',(1.016,-1.27,2.54));
#11435 = LINE('',#11436,#11437);
#11436 = CARTESIAN_POINT('',(1.27,-1.524,2.54));
#11437 = VECTOR('',#11438,1.);
#11438 = DIRECTION('',(-0.707106781187,0.707106781187,0.));
#11439 = ORIENTED_EDGE('',*,*,#11440,.T.);
#11440 = EDGE_CURVE('',#11433,#11441,#11443,.T.);
#11441 = VERTEX_POINT('',#11442);
#11442 = CARTESIAN_POINT('',(1.27,-1.016,2.54));
#11443 = LINE('',#11444,#11445);
#11444 = CARTESIAN_POINT('',(1.016,-1.27,2.54));
#11445 = VECTOR('',#11446,1.);
#11446 = DIRECTION('',(0.707106781187,0.707106781187,0.));
#11447 = ORIENTED_EDGE('',*,*,#11448,.T.);
#11448 = EDGE_CURVE('',#11441,#11449,#11451,.T.);
#11449 = VERTEX_POINT('',#11450);
#11450 = CARTESIAN_POINT('',(1.27,1.016,2.54));
#11451 = LINE('',#11452,#11453);
#11452 = CARTESIAN_POINT('',(1.27,-1.016,2.54));
#11453 = VECTOR('',#11454,1.);
#11454 = DIRECTION('',(0.,1.,0.));
#11455 = ORIENTED_EDGE('',*,*,#11456,.T.);
#11456 = EDGE_CURVE('',#11449,#11020,#11457,.T.);
#11457 = LINE('',#11458,#11459);
#11458 = CARTESIAN_POINT('',(1.27,1.016,2.54));
#11459 = VECTOR('',#11460,1.);
#11460 = DIRECTION('',(-0.707106781187,0.707106781187,0.));
#11461 = ORIENTED_EDGE('',*,*,#11027,.T.);
#11462 = FACE_BOUND('',#11463,.T.);
#11463 = EDGE_LOOP('',(#11464,#11474,#11482,#11490));
#11464 = ORIENTED_EDGE('',*,*,#11465,.F.);
#11465 = EDGE_CURVE('',#11466,#11468,#11470,.T.);
#11466 = VERTEX_POINT('',#11467);
#11467 = CARTESIAN_POINT('',(0.32,-0.32,2.54));
#11468 = VERTEX_POINT('',#11469);
#11469 = CARTESIAN_POINT('',(0.32,0.32,2.54));
#11470 = LINE('',#11471,#11472);
#11471 = CARTESIAN_POINT('',(0.32,-1.43,2.54));
#11472 = VECTOR('',#11473,1.);
#11473 = DIRECTION('',(0.,1.,0.));
#11474 = ORIENTED_EDGE('',*,*,#11475,.T.);
#11475 = EDGE_CURVE('',#11466,#11476,#11478,.T.);
#11476 = VERTEX_POINT('',#11477);
#11477 = CARTESIAN_POINT('',(-0.32,-0.32,2.54));
#11478 = LINE('',#11479,#11480);
#11479 = CARTESIAN_POINT('',(-0.16,-0.32,2.54));
#11480 = VECTOR('',#11481,1.);
#11481 = DIRECTION('',(-1.,0.,0.));
#11482 = ORIENTED_EDGE('',*,*,#11483,.T.);
#11483 = EDGE_CURVE('',#11476,#11484,#11486,.T.);
#11484 = VERTEX_POINT('',#11485);
#11485 = CARTESIAN_POINT('',(-0.32,0.32,2.54));
#11486 = LINE('',#11487,#11488);
#11487 = CARTESIAN_POINT('',(-0.32,-1.43,2.54));
#11488 = VECTOR('',#11489,1.);
#11489 = DIRECTION('',(0.,1.,0.));
#11490 = ORIENTED_EDGE('',*,*,#11491,.F.);
#11491 = EDGE_CURVE('',#11468,#11484,#11492,.T.);
#11492 = LINE('',#11493,#11494);
#11493 = CARTESIAN_POINT('',(-0.16,0.32,2.54));
#11494 = VECTOR('',#11495,1.);
#11495 = DIRECTION('',(-1.,0.,0.));
#11496 = FACE_BOUND('',#11497,.T.);
#11497 = EDGE_LOOP('',(#11498,#11508,#11516,#11524));
#11498 = ORIENTED_EDGE('',*,*,#11499,.T.);
#11499 = EDGE_CURVE('',#11500,#11502,#11504,.T.);
#11500 = VERTEX_POINT('',#11501);
#11501 = CARTESIAN_POINT('',(0.32,-2.86,2.54));
#11502 = VERTEX_POINT('',#11503);
#11503 = CARTESIAN_POINT('',(-0.32,-2.86,2.54));
#11504 = LINE('',#11505,#11506);
#11505 = CARTESIAN_POINT('',(-0.16,-2.86,2.54));
#11506 = VECTOR('',#11507,1.);
#11507 = DIRECTION('',(-1.,0.,0.));
#11508 = ORIENTED_EDGE('',*,*,#11509,.T.);
#11509 = EDGE_CURVE('',#11502,#11510,#11512,.T.);
#11510 = VERTEX_POINT('',#11511);
#11511 = CARTESIAN_POINT('',(-0.32,-2.22,2.54));
#11512 = LINE('',#11513,#11514);
#11513 = CARTESIAN_POINT('',(-0.32,-2.7,2.54));
#11514 = VECTOR('',#11515,1.);
#11515 = DIRECTION('',(0.,1.,0.));
#11516 = ORIENTED_EDGE('',*,*,#11517,.F.);
#11517 = EDGE_CURVE('',#11518,#11510,#11520,.T.);
#11518 = VERTEX_POINT('',#11519);
#11519 = CARTESIAN_POINT('',(0.32,-2.22,2.54));
#11520 = LINE('',#11521,#11522);
#11521 = CARTESIAN_POINT('',(-0.16,-2.22,2.54));
#11522 = VECTOR('',#11523,1.);
#11523 = DIRECTION('',(-1.,0.,0.));
#11524 = ORIENTED_EDGE('',*,*,#11525,.F.);
#11525 = EDGE_CURVE('',#11500,#11518,#11526,.T.);
#11526 = LINE('',#11527,#11528);
#11527 = CARTESIAN_POINT('',(0.32,-2.7,2.54));
#11528 = VECTOR('',#11529,1.);
#11529 = DIRECTION('',(0.,1.,0.));
#11530 = FACE_BOUND('',#11531,.T.);
#11531 = EDGE_LOOP('',(#11532,#11542,#11550,#11558));
#11532 = ORIENTED_EDGE('',*,*,#11533,.F.);
#11533 = EDGE_CURVE('',#11534,#11536,#11538,.T.);
#11534 = VERTEX_POINT('',#11535);
#11535 = CARTESIAN_POINT('',(0.32,-4.76,2.54));
#11536 = VERTEX_POINT('',#11537);
#11537 = CARTESIAN_POINT('',(-0.32,-4.76,2.54));
#11538 = LINE('',#11539,#11540);
#11539 = CARTESIAN_POINT('',(-0.16,-4.76,2.54));
#11540 = VECTOR('',#11541,1.);
#11541 = DIRECTION('',(-1.,0.,0.));
#11542 = ORIENTED_EDGE('',*,*,#11543,.F.);
#11543 = EDGE_CURVE('',#11544,#11534,#11546,.T.);
#11544 = VERTEX_POINT('',#11545);
#11545 = CARTESIAN_POINT('',(0.32,-5.4,2.54));
#11546 = LINE('',#11547,#11548);
#11547 = CARTESIAN_POINT('',(0.32,-3.97,2.54));
#11548 = VECTOR('',#11549,1.);
#11549 = DIRECTION('',(0.,1.,0.));
#11550 = ORIENTED_EDGE('',*,*,#11551,.T.);
#11551 = EDGE_CURVE('',#11544,#11552,#11554,.T.);
#11552 = VERTEX_POINT('',#11553);
#11553 = CARTESIAN_POINT('',(-0.32,-5.4,2.54));
#11554 = LINE('',#11555,#11556);
#11555 = CARTESIAN_POINT('',(-0.16,-5.4,2.54));
#11556 = VECTOR('',#11557,1.);
#11557 = DIRECTION('',(-1.,0.,0.));
#11558 = ORIENTED_EDGE('',*,*,#11559,.T.);
#11559 = EDGE_CURVE('',#11552,#11536,#11560,.T.);
#11560 = LINE('',#11561,#11562);
#11561 = CARTESIAN_POINT('',(-0.32,-3.97,2.54));
#11562 = VECTOR('',#11563,1.);
#11563 = DIRECTION('',(0.,1.,0.));
#11564 = PLANE('',#11565);
#11565 = AXIS2_PLACEMENT_3D('',#11566,#11567,#11568);
#11566 = CARTESIAN_POINT('',(5.398204781459E-17,-2.54,2.54));
#11567 = DIRECTION('',(0.,0.,1.));
#11568 = DIRECTION('',(1.,0.,-0.));
#11569 = ADVANCED_FACE('',(#11570),#11581,.F.);
#11570 = FACE_BOUND('',#11571,.F.);
#11571 = EDGE_LOOP('',(#11572,#11578,#11579,#11580));
#11572 = ORIENTED_EDGE('',*,*,#11573,.T.);
#11573 = EDGE_CURVE('',#11202,#11449,#11574,.T.);
#11574 = LINE('',#11575,#11576);
#11575 = CARTESIAN_POINT('',(1.27,1.016,0.));
#11576 = VECTOR('',#11577,1.);
#11577 = DIRECTION('',(0.,0.,1.));
#11578 = ORIENTED_EDGE('',*,*,#11456,.T.);
#11579 = ORIENTED_EDGE('',*,*,#11017,.F.);
#11580 = ORIENTED_EDGE('',*,*,#11209,.F.);
#11581 = PLANE('',#11582);
#11582 = AXIS2_PLACEMENT_3D('',#11583,#11584,#11585);
#11583 = CARTESIAN_POINT('',(1.27,1.016,0.));
#11584 = DIRECTION('',(-0.707106781187,-0.707106781187,0.));
#11585 = DIRECTION('',(-0.707106781187,0.707106781187,0.));
#11586 = ADVANCED_FACE('',(#11587),#11598,.F.);
#11587 = FACE_BOUND('',#11588,.F.);
#11588 = EDGE_LOOP('',(#11589,#11590,#11591,#11597));
#11589 = ORIENTED_EDGE('',*,*,#11057,.T.);
#11590 = ORIENTED_EDGE('',*,*,#11328,.T.);
#11591 = ORIENTED_EDGE('',*,*,#11592,.F.);
#11592 = EDGE_CURVE('',#11082,#11329,#11593,.T.);
#11593 = LINE('',#11594,#11595);
#11594 = CARTESIAN_POINT('',(-1.016,-1.27,0.));
#11595 = VECTOR('',#11596,1.);
#11596 = DIRECTION('',(0.,0.,1.));
#11597 = ORIENTED_EDGE('',*,*,#11081,.F.);
#11598 = PLANE('',#11599);
#11599 = AXIS2_PLACEMENT_3D('',#11600,#11601,#11602);
#11600 = CARTESIAN_POINT('',(-1.27,-1.016,0.));
#11601 = DIRECTION('',(0.707106781187,0.707106781187,0.));
#11602 = DIRECTION('',(0.707106781187,-0.707106781187,0.));
#11603 = ADVANCED_FACE('',(#11604),#11615,.F.);
#11604 = FACE_BOUND('',#11605,.F.);
#11605 = EDGE_LOOP('',(#11606,#11612,#11613,#11614));
#11606 = ORIENTED_EDGE('',*,*,#11607,.T.);
#11607 = EDGE_CURVE('',#11194,#11441,#11608,.T.);
#11608 = LINE('',#11609,#11610);
#11609 = CARTESIAN_POINT('',(1.27,-1.016,0.));
#11610 = VECTOR('',#11611,1.);
#11611 = DIRECTION('',(0.,0.,1.));
#11612 = ORIENTED_EDGE('',*,*,#11448,.T.);
#11613 = ORIENTED_EDGE('',*,*,#11573,.F.);
#11614 = ORIENTED_EDGE('',*,*,#11201,.F.);
#11615 = PLANE('',#11616);
#11616 = AXIS2_PLACEMENT_3D('',#11617,#11618,#11619);
#11617 = CARTESIAN_POINT('',(1.27,-1.016,0.));
#11618 = DIRECTION('',(-1.,0.,0.));
#11619 = DIRECTION('',(0.,1.,0.));
#11620 = ADVANCED_FACE('',(#11621),#11632,.F.);
#11621 = FACE_BOUND('',#11622,.F.);
#11622 = EDGE_LOOP('',(#11623,#11624,#11625,#11631));
#11623 = ORIENTED_EDGE('',*,*,#11592,.T.);
#11624 = ORIENTED_EDGE('',*,*,#11336,.T.);
#11625 = ORIENTED_EDGE('',*,*,#11626,.F.);
#11626 = EDGE_CURVE('',#11090,#11337,#11627,.T.);
#11627 = LINE('',#11628,#11629);
#11628 = CARTESIAN_POINT('',(-1.27,-1.524,0.));
#11629 = VECTOR('',#11630,1.);
#11630 = DIRECTION('',(0.,0.,1.));
#11631 = ORIENTED_EDGE('',*,*,#11089,.F.);
#11632 = PLANE('',#11633);
#11633 = AXIS2_PLACEMENT_3D('',#11634,#11635,#11636);
#11634 = CARTESIAN_POINT('',(-1.016,-1.27,0.));
#11635 = DIRECTION('',(0.707106781187,-0.707106781187,0.));
#11636 = DIRECTION('',(-0.707106781187,-0.707106781187,0.));
#11637 = ADVANCED_FACE('',(#11638),#11649,.F.);
#11638 = FACE_BOUND('',#11639,.F.);
#11639 = EDGE_LOOP('',(#11640,#11646,#11647,#11648));
#11640 = ORIENTED_EDGE('',*,*,#11641,.T.);
#11641 = EDGE_CURVE('',#11186,#11433,#11642,.T.);
#11642 = LINE('',#11643,#11644);
#11643 = CARTESIAN_POINT('',(1.016,-1.27,0.));
#11644 = VECTOR('',#11645,1.);
#11645 = DIRECTION('',(0.,0.,1.));
#11646 = ORIENTED_EDGE('',*,*,#11440,.T.);
#11647 = ORIENTED_EDGE('',*,*,#11607,.F.);
#11648 = ORIENTED_EDGE('',*,*,#11193,.F.);
#11649 = PLANE('',#11650);
#11650 = AXIS2_PLACEMENT_3D('',#11651,#11652,#11653);
#11651 = CARTESIAN_POINT('',(1.016,-1.27,0.));
#11652 = DIRECTION('',(-0.707106781187,0.707106781187,0.));
#11653 = DIRECTION('',(0.707106781187,0.707106781187,0.));
#11654 = ADVANCED_FACE('',(#11655),#11666,.F.);
#11655 = FACE_BOUND('',#11656,.F.);
#11656 = EDGE_LOOP('',(#11657,#11658,#11659,#11665));
#11657 = ORIENTED_EDGE('',*,*,#11626,.T.);
#11658 = ORIENTED_EDGE('',*,*,#11344,.T.);
#11659 = ORIENTED_EDGE('',*,*,#11660,.F.);
#11660 = EDGE_CURVE('',#11098,#11345,#11661,.T.);
#11661 = LINE('',#11662,#11663);
#11662 = CARTESIAN_POINT('',(-1.27,-3.556,0.));
#11663 = VECTOR('',#11664,1.);
#11664 = DIRECTION('',(0.,0.,1.));
#11665 = ORIENTED_EDGE('',*,*,#11097,.F.);
#11666 = PLANE('',#11667);
#11667 = AXIS2_PLACEMENT_3D('',#11668,#11669,#11670);
#11668 = CARTESIAN_POINT('',(-1.27,-1.524,0.));
#11669 = DIRECTION('',(1.,0.,0.));
#11670 = DIRECTION('',(0.,-1.,0.));
#11671 = ADVANCED_FACE('',(#11672),#11683,.F.);
#11672 = FACE_BOUND('',#11673,.F.);
#11673 = EDGE_LOOP('',(#11674,#11680,#11681,#11682));
#11674 = ORIENTED_EDGE('',*,*,#11675,.T.);
#11675 = EDGE_CURVE('',#11178,#11425,#11676,.T.);
#11676 = LINE('',#11677,#11678);
#11677 = CARTESIAN_POINT('',(1.27,-1.524,0.));
#11678 = VECTOR('',#11679,1.);
#11679 = DIRECTION('',(0.,0.,1.));
#11680 = ORIENTED_EDGE('',*,*,#11432,.T.);
#11681 = ORIENTED_EDGE('',*,*,#11641,.F.);
#11682 = ORIENTED_EDGE('',*,*,#11185,.F.);
#11683 = PLANE('',#11684);
#11684 = AXIS2_PLACEMENT_3D('',#11685,#11686,#11687);
#11685 = CARTESIAN_POINT('',(1.27,-1.524,0.));
#11686 = DIRECTION('',(-0.707106781187,-0.707106781187,0.));
#11687 = DIRECTION('',(-0.707106781187,0.707106781187,0.));
#11688 = ADVANCED_FACE('',(#11689),#11700,.F.);
#11689 = FACE_BOUND('',#11690,.F.);
#11690 = EDGE_LOOP('',(#11691,#11692,#11693,#11699));
#11691 = ORIENTED_EDGE('',*,*,#11660,.T.);
#11692 = ORIENTED_EDGE('',*,*,#11352,.T.);
#11693 = ORIENTED_EDGE('',*,*,#11694,.F.);
#11694 = EDGE_CURVE('',#11106,#11353,#11695,.T.);
#11695 = LINE('',#11696,#11697);
#11696 = CARTESIAN_POINT('',(-1.016,-3.81,0.));
#11697 = VECTOR('',#11698,1.);
#11698 = DIRECTION('',(0.,0.,1.));
#11699 = ORIENTED_EDGE('',*,*,#11105,.F.);
#11700 = PLANE('',#11701);
#11701 = AXIS2_PLACEMENT_3D('',#11702,#11703,#11704);
#11702 = CARTESIAN_POINT('',(-1.27,-3.556,0.));
#11703 = DIRECTION('',(0.707106781187,0.707106781187,0.));
#11704 = DIRECTION('',(0.707106781187,-0.707106781187,0.));
#11705 = ADVANCED_FACE('',(#11706),#11717,.F.);
#11706 = FACE_BOUND('',#11707,.F.);
#11707 = EDGE_LOOP('',(#11708,#11714,#11715,#11716));
#11708 = ORIENTED_EDGE('',*,*,#11709,.T.);
#11709 = EDGE_CURVE('',#11170,#11417,#11710,.T.);
#11710 = LINE('',#11711,#11712);
#11711 = CARTESIAN_POINT('',(1.27,-3.556,0.));
#11712 = VECTOR('',#11713,1.);
#11713 = DIRECTION('',(0.,0.,1.));
#11714 = ORIENTED_EDGE('',*,*,#11424,.T.);
#11715 = ORIENTED_EDGE('',*,*,#11675,.F.);
#11716 = ORIENTED_EDGE('',*,*,#11177,.F.);
#11717 = PLANE('',#11718);
#11718 = AXIS2_PLACEMENT_3D('',#11719,#11720,#11721);
#11719 = CARTESIAN_POINT('',(1.27,-3.556,0.));
#11720 = DIRECTION('',(-1.,0.,0.));
#11721 = DIRECTION('',(0.,1.,0.));
#11722 = ADVANCED_FACE('',(#11723),#11734,.F.);
#11723 = FACE_BOUND('',#11724,.F.);
#11724 = EDGE_LOOP('',(#11725,#11726,#11727,#11733));
#11725 = ORIENTED_EDGE('',*,*,#11694,.T.);
#11726 = ORIENTED_EDGE('',*,*,#11360,.T.);
#11727 = ORIENTED_EDGE('',*,*,#11728,.F.);
#11728 = EDGE_CURVE('',#11114,#11361,#11729,.T.);
#11729 = LINE('',#11730,#11731);
#11730 = CARTESIAN_POINT('',(-1.27,-4.064,0.));
#11731 = VECTOR('',#11732,1.);
#11732 = DIRECTION('',(0.,0.,1.));
#11733 = ORIENTED_EDGE('',*,*,#11113,.F.);
#11734 = PLANE('',#11735);
#11735 = AXIS2_PLACEMENT_3D('',#11736,#11737,#11738);
#11736 = CARTESIAN_POINT('',(-1.016,-3.81,0.));
#11737 = DIRECTION('',(0.707106781187,-0.707106781187,0.));
#11738 = DIRECTION('',(-0.707106781187,-0.707106781187,0.));
#11739 = ADVANCED_FACE('',(#11740),#11751,.F.);
#11740 = FACE_BOUND('',#11741,.F.);
#11741 = EDGE_LOOP('',(#11742,#11748,#11749,#11750));
#11742 = ORIENTED_EDGE('',*,*,#11743,.T.);
#11743 = EDGE_CURVE('',#11162,#11409,#11744,.T.);
#11744 = LINE('',#11745,#11746);
#11745 = CARTESIAN_POINT('',(1.016,-3.81,0.));
#11746 = VECTOR('',#11747,1.);
#11747 = DIRECTION('',(0.,0.,1.));
#11748 = ORIENTED_EDGE('',*,*,#11416,.T.);
#11749 = ORIENTED_EDGE('',*,*,#11709,.F.);
#11750 = ORIENTED_EDGE('',*,*,#11169,.F.);
#11751 = PLANE('',#11752);
#11752 = AXIS2_PLACEMENT_3D('',#11753,#11754,#11755);
#11753 = CARTESIAN_POINT('',(1.016,-3.81,0.));
#11754 = DIRECTION('',(-0.707106781187,0.707106781187,0.));
#11755 = DIRECTION('',(0.707106781187,0.707106781187,0.));
#11756 = ADVANCED_FACE('',(#11757),#11768,.F.);
#11757 = FACE_BOUND('',#11758,.F.);
#11758 = EDGE_LOOP('',(#11759,#11760,#11761,#11767));
#11759 = ORIENTED_EDGE('',*,*,#11728,.T.);
#11760 = ORIENTED_EDGE('',*,*,#11368,.T.);
#11761 = ORIENTED_EDGE('',*,*,#11762,.F.);
#11762 = EDGE_CURVE('',#11122,#11369,#11763,.T.);
#11763 = LINE('',#11764,#11765);
#11764 = CARTESIAN_POINT('',(-1.27,-6.096,0.));
#11765 = VECTOR('',#11766,1.);
#11766 = DIRECTION('',(0.,0.,1.));
#11767 = ORIENTED_EDGE('',*,*,#11121,.F.);
#11768 = PLANE('',#11769);
#11769 = AXIS2_PLACEMENT_3D('',#11770,#11771,#11772);
#11770 = CARTESIAN_POINT('',(-1.27,-4.064,0.));
#11771 = DIRECTION('',(1.,0.,0.));
#11772 = DIRECTION('',(0.,-1.,0.));
#11773 = ADVANCED_FACE('',(#11774),#11785,.F.);
#11774 = FACE_BOUND('',#11775,.F.);
#11775 = EDGE_LOOP('',(#11776,#11782,#11783,#11784));
#11776 = ORIENTED_EDGE('',*,*,#11777,.T.);
#11777 = EDGE_CURVE('',#11154,#11401,#11778,.T.);
#11778 = LINE('',#11779,#11780);
#11779 = CARTESIAN_POINT('',(1.27,-4.064,0.));
#11780 = VECTOR('',#11781,1.);
#11781 = DIRECTION('',(0.,0.,1.));
#11782 = ORIENTED_EDGE('',*,*,#11408,.T.);
#11783 = ORIENTED_EDGE('',*,*,#11743,.F.);
#11784 = ORIENTED_EDGE('',*,*,#11161,.F.);
#11785 = PLANE('',#11786);
#11786 = AXIS2_PLACEMENT_3D('',#11787,#11788,#11789);
#11787 = CARTESIAN_POINT('',(1.27,-4.064,0.));
#11788 = DIRECTION('',(-0.707106781187,-0.707106781187,0.));
#11789 = DIRECTION('',(-0.707106781187,0.707106781187,0.));
#11790 = ADVANCED_FACE('',(#11791),#11802,.F.);
#11791 = FACE_BOUND('',#11792,.F.);
#11792 = EDGE_LOOP('',(#11793,#11794,#11795,#11801));
#11793 = ORIENTED_EDGE('',*,*,#11762,.T.);
#11794 = ORIENTED_EDGE('',*,*,#11376,.T.);
#11795 = ORIENTED_EDGE('',*,*,#11796,.F.);
#11796 = EDGE_CURVE('',#11130,#11377,#11797,.T.);
#11797 = LINE('',#11798,#11799);
#11798 = CARTESIAN_POINT('',(-1.016,-6.35,0.));
#11799 = VECTOR('',#11800,1.);
#11800 = DIRECTION('',(0.,0.,1.));
#11801 = ORIENTED_EDGE('',*,*,#11129,.F.);
#11802 = PLANE('',#11803);
#11803 = AXIS2_PLACEMENT_3D('',#11804,#11805,#11806);
#11804 = CARTESIAN_POINT('',(-1.27,-6.096,0.));
#11805 = DIRECTION('',(0.707106781187,0.707106781187,0.));
#11806 = DIRECTION('',(0.707106781187,-0.707106781187,0.));
#11807 = ADVANCED_FACE('',(#11808),#11819,.F.);
#11808 = FACE_BOUND('',#11809,.F.);
#11809 = EDGE_LOOP('',(#11810,#11816,#11817,#11818));
#11810 = ORIENTED_EDGE('',*,*,#11811,.T.);
#11811 = EDGE_CURVE('',#11146,#11393,#11812,.T.);
#11812 = LINE('',#11813,#11814);
#11813 = CARTESIAN_POINT('',(1.27,-6.096,0.));
#11814 = VECTOR('',#11815,1.);
#11815 = DIRECTION('',(0.,0.,1.));
#11816 = ORIENTED_EDGE('',*,*,#11400,.T.);
#11817 = ORIENTED_EDGE('',*,*,#11777,.F.);
#11818 = ORIENTED_EDGE('',*,*,#11153,.F.);
#11819 = PLANE('',#11820);
#11820 = AXIS2_PLACEMENT_3D('',#11821,#11822,#11823);
#11821 = CARTESIAN_POINT('',(1.27,-6.096,0.));
#11822 = DIRECTION('',(-1.,0.,0.));
#11823 = DIRECTION('',(0.,1.,0.));
#11824 = ADVANCED_FACE('',(#11825),#11836,.F.);
#11825 = FACE_BOUND('',#11826,.F.);
#11826 = EDGE_LOOP('',(#11827,#11828,#11829,#11835));
#11827 = ORIENTED_EDGE('',*,*,#11796,.T.);
#11828 = ORIENTED_EDGE('',*,*,#11384,.T.);
#11829 = ORIENTED_EDGE('',*,*,#11830,.F.);
#11830 = EDGE_CURVE('',#11138,#11385,#11831,.T.);
#11831 = LINE('',#11832,#11833);
#11832 = CARTESIAN_POINT('',(1.016,-6.35,0.));
#11833 = VECTOR('',#11834,1.);
#11834 = DIRECTION('',(0.,0.,1.));
#11835 = ORIENTED_EDGE('',*,*,#11137,.F.);
#11836 = PLANE('',#11837);
#11837 = AXIS2_PLACEMENT_3D('',#11838,#11839,#11840);
#11838 = CARTESIAN_POINT('',(-1.016,-6.35,0.));
#11839 = DIRECTION('',(0.,1.,0.));
#11840 = DIRECTION('',(1.,0.,0.));
#11841 = ADVANCED_FACE('',(#11842),#11848,.F.);
#11842 = FACE_BOUND('',#11843,.F.);
#11843 = EDGE_LOOP('',(#11844,#11845,#11846,#11847));
#11844 = ORIENTED_EDGE('',*,*,#11830,.T.);
#11845 = ORIENTED_EDGE('',*,*,#11392,.T.);
#11846 = ORIENTED_EDGE('',*,*,#11811,.F.);
#11847 = ORIENTED_EDGE('',*,*,#11145,.F.);
#11848 = PLANE('',#11849);
#11849 = AXIS2_PLACEMENT_3D('',#11850,#11851,#11852);
#11850 = CARTESIAN_POINT('',(1.016,-6.35,0.));
#11851 = DIRECTION('',(-0.707106781187,0.707106781187,0.));
#11852 = DIRECTION('',(0.707106781187,0.707106781187,0.));
#11853 = ADVANCED_FACE('',(#11854),#11879,.T.);
#11854 = FACE_BOUND('',#11855,.T.);
#11855 = EDGE_LOOP('',(#11856,#11864,#11872,#11878));
#11856 = ORIENTED_EDGE('',*,*,#11857,.F.);
#11857 = EDGE_CURVE('',#11858,#11219,#11860,.T.);
#11858 = VERTEX_POINT('',#11859);
#11859 = CARTESIAN_POINT('',(0.32,-0.32,-2.84));
#11860 = LINE('',#11861,#11862);
#11861 = CARTESIAN_POINT('',(0.32,-0.32,-3.));
#11862 = VECTOR('',#11863,1.);
#11863 = DIRECTION('',(0.,0.,1.));
#11864 = ORIENTED_EDGE('',*,*,#11865,.T.);
#11865 = EDGE_CURVE('',#11858,#11866,#11868,.T.);
#11866 = VERTEX_POINT('',#11867);
#11867 = CARTESIAN_POINT('',(0.32,0.32,-2.84));
#11868 = LINE('',#11869,#11870);
#11869 = CARTESIAN_POINT('',(0.32,-0.32,-2.84));
#11870 = VECTOR('',#11871,1.);
#11871 = DIRECTION('',(0.,1.,0.));
#11872 = ORIENTED_EDGE('',*,*,#11873,.T.);
#11873 = EDGE_CURVE('',#11866,#11221,#11874,.T.);
#11874 = LINE('',#11875,#11876);
#11875 = CARTESIAN_POINT('',(0.32,0.32,-3.));
#11876 = VECTOR('',#11877,1.);
#11877 = DIRECTION('',(0.,0.,1.));
#11878 = ORIENTED_EDGE('',*,*,#11218,.F.);
#11879 = PLANE('',#11880);
#11880 = AXIS2_PLACEMENT_3D('',#11881,#11882,#11883);
#11881 = CARTESIAN_POINT('',(0.32,-0.32,-3.));
#11882 = DIRECTION('',(1.,0.,0.));
#11883 = DIRECTION('',(0.,0.,1.));
#11884 = ADVANCED_FACE('',(#11885),#11903,.T.);
#11885 = FACE_BOUND('',#11886,.T.);
#11886 = EDGE_LOOP('',(#11887,#11888,#11896,#11902));
#11887 = ORIENTED_EDGE('',*,*,#11873,.F.);
#11888 = ORIENTED_EDGE('',*,*,#11889,.F.);
#11889 = EDGE_CURVE('',#11890,#11866,#11892,.T.);
#11890 = VERTEX_POINT('',#11891);
#11891 = CARTESIAN_POINT('',(-0.32,0.32,-2.84));
#11892 = LINE('',#11893,#11894);
#11893 = CARTESIAN_POINT('',(-0.32,0.32,-2.84));
#11894 = VECTOR('',#11895,1.);
#11895 = DIRECTION('',(1.,0.,0.));
#11896 = ORIENTED_EDGE('',*,*,#11897,.T.);
#11897 = EDGE_CURVE('',#11890,#11237,#11898,.T.);
#11898 = LINE('',#11899,#11900);
#11899 = CARTESIAN_POINT('',(-0.32,0.32,-3.));
#11900 = VECTOR('',#11901,1.);
#11901 = DIRECTION('',(0.,0.,1.));
#11902 = ORIENTED_EDGE('',*,*,#11244,.F.);
#11903 = PLANE('',#11904);
#11904 = AXIS2_PLACEMENT_3D('',#11905,#11906,#11907);
#11905 = CARTESIAN_POINT('',(-0.32,0.32,-3.));
#11906 = DIRECTION('',(0.,1.,0.));
#11907 = DIRECTION('',(0.,-0.,1.));
#11908 = ADVANCED_FACE('',(#11909),#11927,.F.);
#11909 = FACE_BOUND('',#11910,.F.);
#11910 = EDGE_LOOP('',(#11911,#11919,#11925,#11926));
#11911 = ORIENTED_EDGE('',*,*,#11912,.F.);
#11912 = EDGE_CURVE('',#11913,#11229,#11915,.T.);
#11913 = VERTEX_POINT('',#11914);
#11914 = CARTESIAN_POINT('',(-0.32,-0.32,-2.84));
#11915 = LINE('',#11916,#11917);
#11916 = CARTESIAN_POINT('',(-0.32,-0.32,-3.));
#11917 = VECTOR('',#11918,1.);
#11918 = DIRECTION('',(0.,0.,1.));
#11919 = ORIENTED_EDGE('',*,*,#11920,.T.);
#11920 = EDGE_CURVE('',#11913,#11890,#11921,.T.);
#11921 = LINE('',#11922,#11923);
#11922 = CARTESIAN_POINT('',(-0.32,-0.32,-2.84));
#11923 = VECTOR('',#11924,1.);
#11924 = DIRECTION('',(0.,1.,0.));
#11925 = ORIENTED_EDGE('',*,*,#11897,.T.);
#11926 = ORIENTED_EDGE('',*,*,#11236,.F.);
#11927 = PLANE('',#11928);
#11928 = AXIS2_PLACEMENT_3D('',#11929,#11930,#11931);
#11929 = CARTESIAN_POINT('',(-0.32,-0.32,-3.));
#11930 = DIRECTION('',(1.,0.,0.));
#11931 = DIRECTION('',(0.,0.,1.));
#11932 = ADVANCED_FACE('',(#11933),#11944,.F.);
#11933 = FACE_BOUND('',#11934,.F.);
#11934 = EDGE_LOOP('',(#11935,#11936,#11942,#11943));
#11935 = ORIENTED_EDGE('',*,*,#11857,.F.);
#11936 = ORIENTED_EDGE('',*,*,#11937,.F.);
#11937 = EDGE_CURVE('',#11913,#11858,#11938,.T.);
#11938 = LINE('',#11939,#11940);
#11939 = CARTESIAN_POINT('',(-0.32,-0.32,-2.84));
#11940 = VECTOR('',#11941,1.);
#11941 = DIRECTION('',(1.,0.,0.));
#11942 = ORIENTED_EDGE('',*,*,#11912,.T.);
#11943 = ORIENTED_EDGE('',*,*,#11228,.F.);
#11944 = PLANE('',#11945);
#11945 = AXIS2_PLACEMENT_3D('',#11946,#11947,#11948);
#11946 = CARTESIAN_POINT('',(-0.32,-0.32,-3.));
#11947 = DIRECTION('',(0.,1.,0.));
#11948 = DIRECTION('',(0.,-0.,1.));
#11949 = ADVANCED_FACE('',(#11950),#11975,.F.);
#11950 = FACE_BOUND('',#11951,.F.);
#11951 = EDGE_LOOP('',(#11952,#11960,#11968,#11974));
#11952 = ORIENTED_EDGE('',*,*,#11953,.F.);
#11953 = EDGE_CURVE('',#11954,#11253,#11956,.T.);
#11954 = VERTEX_POINT('',#11955);
#11955 = CARTESIAN_POINT('',(0.32,-2.86,-2.84));
#11956 = LINE('',#11957,#11958);
#11957 = CARTESIAN_POINT('',(0.32,-2.86,-3.));
#11958 = VECTOR('',#11959,1.);
#11959 = DIRECTION('',(0.,0.,1.));
#11960 = ORIENTED_EDGE('',*,*,#11961,.F.);
#11961 = EDGE_CURVE('',#11962,#11954,#11964,.T.);
#11962 = VERTEX_POINT('',#11963);
#11963 = CARTESIAN_POINT('',(-0.32,-2.86,-2.84));
#11964 = LINE('',#11965,#11966);
#11965 = CARTESIAN_POINT('',(-0.32,-2.86,-2.84));
#11966 = VECTOR('',#11967,1.);
#11967 = DIRECTION('',(1.,0.,0.));
#11968 = ORIENTED_EDGE('',*,*,#11969,.T.);
#11969 = EDGE_CURVE('',#11962,#11255,#11970,.T.);
#11970 = LINE('',#11971,#11972);
#11971 = CARTESIAN_POINT('',(-0.32,-2.86,-3.));
#11972 = VECTOR('',#11973,1.);
#11973 = DIRECTION('',(0.,0.,1.));
#11974 = ORIENTED_EDGE('',*,*,#11252,.F.);
#11975 = PLANE('',#11976);
#11976 = AXIS2_PLACEMENT_3D('',#11977,#11978,#11979);
#11977 = CARTESIAN_POINT('',(-0.32,-2.86,-3.));
#11978 = DIRECTION('',(0.,1.,0.));
#11979 = DIRECTION('',(0.,-0.,1.));
#11980 = ADVANCED_FACE('',(#11981),#11999,.T.);
#11981 = FACE_BOUND('',#11982,.T.);
#11982 = EDGE_LOOP('',(#11983,#11984,#11992,#11998));
#11983 = ORIENTED_EDGE('',*,*,#11953,.F.);
#11984 = ORIENTED_EDGE('',*,*,#11985,.T.);
#11985 = EDGE_CURVE('',#11954,#11986,#11988,.T.);
#11986 = VERTEX_POINT('',#11987);
#11987 = CARTESIAN_POINT('',(0.32,-2.22,-2.84));
#11988 = LINE('',#11989,#11990);
#11989 = CARTESIAN_POINT('',(0.32,-2.86,-2.84));
#11990 = VECTOR('',#11991,1.);
#11991 = DIRECTION('',(0.,1.,0.));
#11992 = ORIENTED_EDGE('',*,*,#11993,.T.);
#11993 = EDGE_CURVE('',#11986,#11271,#11994,.T.);
#11994 = LINE('',#11995,#11996);
#11995 = CARTESIAN_POINT('',(0.32,-2.22,-3.));
#11996 = VECTOR('',#11997,1.);
#11997 = DIRECTION('',(0.,0.,1.));
#11998 = ORIENTED_EDGE('',*,*,#11278,.F.);
#11999 = PLANE('',#12000);
#12000 = AXIS2_PLACEMENT_3D('',#12001,#12002,#12003);
#12001 = CARTESIAN_POINT('',(0.32,-2.86,-3.));
#12002 = DIRECTION('',(1.,0.,0.));
#12003 = DIRECTION('',(0.,0.,1.));
#12004 = ADVANCED_FACE('',(#12005),#12023,.T.);
#12005 = FACE_BOUND('',#12006,.T.);
#12006 = EDGE_LOOP('',(#12007,#12008,#12016,#12022));
#12007 = ORIENTED_EDGE('',*,*,#11993,.F.);
#12008 = ORIENTED_EDGE('',*,*,#12009,.F.);
#12009 = EDGE_CURVE('',#12010,#11986,#12012,.T.);
#12010 = VERTEX_POINT('',#12011);
#12011 = CARTESIAN_POINT('',(-0.32,-2.22,-2.84));
#12012 = LINE('',#12013,#12014);
#12013 = CARTESIAN_POINT('',(-0.32,-2.22,-2.84));
#12014 = VECTOR('',#12015,1.);
#12015 = DIRECTION('',(1.,0.,0.));
#12016 = ORIENTED_EDGE('',*,*,#12017,.T.);
#12017 = EDGE_CURVE('',#12010,#11263,#12018,.T.);
#12018 = LINE('',#12019,#12020);
#12019 = CARTESIAN_POINT('',(-0.32,-2.22,-3.));
#12020 = VECTOR('',#12021,1.);
#12021 = DIRECTION('',(0.,0.,1.));
#12022 = ORIENTED_EDGE('',*,*,#11270,.F.);
#12023 = PLANE('',#12024);
#12024 = AXIS2_PLACEMENT_3D('',#12025,#12026,#12027);
#12025 = CARTESIAN_POINT('',(-0.32,-2.22,-3.));
#12026 = DIRECTION('',(0.,1.,0.));
#12027 = DIRECTION('',(0.,-0.,1.));
#12028 = ADVANCED_FACE('',(#12029),#12040,.F.);
#12029 = FACE_BOUND('',#12030,.F.);
#12030 = EDGE_LOOP('',(#12031,#12032,#12038,#12039));
#12031 = ORIENTED_EDGE('',*,*,#11969,.F.);
#12032 = ORIENTED_EDGE('',*,*,#12033,.T.);
#12033 = EDGE_CURVE('',#11962,#12010,#12034,.T.);
#12034 = LINE('',#12035,#12036);
#12035 = CARTESIAN_POINT('',(-0.32,-2.86,-2.84));
#12036 = VECTOR('',#12037,1.);
#12037 = DIRECTION('',(0.,1.,0.));
#12038 = ORIENTED_EDGE('',*,*,#12017,.T.);
#12039 = ORIENTED_EDGE('',*,*,#11262,.F.);
#12040 = PLANE('',#12041);
#12041 = AXIS2_PLACEMENT_3D('',#12042,#12043,#12044);
#12042 = CARTESIAN_POINT('',(-0.32,-2.86,-3.));
#12043 = DIRECTION('',(1.,0.,0.));
#12044 = DIRECTION('',(0.,0.,1.));
#12045 = ADVANCED_FACE('',(#12046),#12071,.T.);
#12046 = FACE_BOUND('',#12047,.T.);
#12047 = EDGE_LOOP('',(#12048,#12056,#12064,#12070));
#12048 = ORIENTED_EDGE('',*,*,#12049,.F.);
#12049 = EDGE_CURVE('',#12050,#11287,#12052,.T.);
#12050 = VERTEX_POINT('',#12051);
#12051 = CARTESIAN_POINT('',(0.32,-4.76,-2.84));
#12052 = LINE('',#12053,#12054);
#12053 = CARTESIAN_POINT('',(0.32,-4.76,-3.));
#12054 = VECTOR('',#12055,1.);
#12055 = DIRECTION('',(0.,0.,1.));
#12056 = ORIENTED_EDGE('',*,*,#12057,.F.);
#12057 = EDGE_CURVE('',#12058,#12050,#12060,.T.);
#12058 = VERTEX_POINT('',#12059);
#12059 = CARTESIAN_POINT('',(-0.32,-4.76,-2.84));
#12060 = LINE('',#12061,#12062);
#12061 = CARTESIAN_POINT('',(-0.32,-4.76,-2.84));
#12062 = VECTOR('',#12063,1.);
#12063 = DIRECTION('',(1.,0.,0.));
#12064 = ORIENTED_EDGE('',*,*,#12065,.T.);
#12065 = EDGE_CURVE('',#12058,#11289,#12066,.T.);
#12066 = LINE('',#12067,#12068);
#12067 = CARTESIAN_POINT('',(-0.32,-4.76,-3.));
#12068 = VECTOR('',#12069,1.);
#12069 = DIRECTION('',(0.,0.,1.));
#12070 = ORIENTED_EDGE('',*,*,#11286,.F.);
#12071 = PLANE('',#12072);
#12072 = AXIS2_PLACEMENT_3D('',#12073,#12074,#12075);
#12073 = CARTESIAN_POINT('',(-0.32,-4.76,-3.));
#12074 = DIRECTION('',(0.,1.,0.));
#12075 = DIRECTION('',(0.,-0.,1.));
#12076 = ADVANCED_FACE('',(#12077),#12095,.F.);
#12077 = FACE_BOUND('',#12078,.F.);
#12078 = EDGE_LOOP('',(#12079,#12087,#12093,#12094));
#12079 = ORIENTED_EDGE('',*,*,#12080,.F.);
#12080 = EDGE_CURVE('',#12081,#11305,#12083,.T.);
#12081 = VERTEX_POINT('',#12082);
#12082 = CARTESIAN_POINT('',(-0.32,-5.4,-2.84));
#12083 = LINE('',#12084,#12085);
#12084 = CARTESIAN_POINT('',(-0.32,-5.4,-3.));
#12085 = VECTOR('',#12086,1.);
#12086 = DIRECTION('',(0.,0.,1.));
#12087 = ORIENTED_EDGE('',*,*,#12088,.T.);
#12088 = EDGE_CURVE('',#12081,#12058,#12089,.T.);
#12089 = LINE('',#12090,#12091);
#12090 = CARTESIAN_POINT('',(-0.32,-5.4,-2.84));
#12091 = VECTOR('',#12092,1.);
#12092 = DIRECTION('',(0.,1.,0.));
#12093 = ORIENTED_EDGE('',*,*,#12065,.T.);
#12094 = ORIENTED_EDGE('',*,*,#11312,.F.);
#12095 = PLANE('',#12096);
#12096 = AXIS2_PLACEMENT_3D('',#12097,#12098,#12099);
#12097 = CARTESIAN_POINT('',(-0.32,-5.4,-3.));
#12098 = DIRECTION('',(1.,0.,0.));
#12099 = DIRECTION('',(0.,0.,1.));
#12100 = ADVANCED_FACE('',(#12101),#12119,.F.);
#12101 = FACE_BOUND('',#12102,.F.);
#12102 = EDGE_LOOP('',(#12103,#12111,#12117,#12118));
#12103 = ORIENTED_EDGE('',*,*,#12104,.F.);
#12104 = EDGE_CURVE('',#12105,#11297,#12107,.T.);
#12105 = VERTEX_POINT('',#12106);
#12106 = CARTESIAN_POINT('',(0.32,-5.4,-2.84));
#12107 = LINE('',#12108,#12109);
#12108 = CARTESIAN_POINT('',(0.32,-5.4,-3.));
#12109 = VECTOR('',#12110,1.);
#12110 = DIRECTION('',(0.,0.,1.));
#12111 = ORIENTED_EDGE('',*,*,#12112,.F.);
#12112 = EDGE_CURVE('',#12081,#12105,#12113,.T.);
#12113 = LINE('',#12114,#12115);
#12114 = CARTESIAN_POINT('',(-0.32,-5.4,-2.84));
#12115 = VECTOR('',#12116,1.);
#12116 = DIRECTION('',(1.,0.,0.));
#12117 = ORIENTED_EDGE('',*,*,#12080,.T.);
#12118 = ORIENTED_EDGE('',*,*,#11304,.F.);
#12119 = PLANE('',#12120);
#12120 = AXIS2_PLACEMENT_3D('',#12121,#12122,#12123);
#12121 = CARTESIAN_POINT('',(-0.32,-5.4,-3.));
#12122 = DIRECTION('',(0.,1.,0.));
#12123 = DIRECTION('',(0.,-0.,1.));
#12124 = ADVANCED_FACE('',(#12125),#12136,.T.);
#12125 = FACE_BOUND('',#12126,.T.);
#12126 = EDGE_LOOP('',(#12127,#12128,#12134,#12135));
#12127 = ORIENTED_EDGE('',*,*,#12104,.F.);
#12128 = ORIENTED_EDGE('',*,*,#12129,.T.);
#12129 = EDGE_CURVE('',#12105,#12050,#12130,.T.);
#12130 = LINE('',#12131,#12132);
#12131 = CARTESIAN_POINT('',(0.32,-5.4,-2.84));
#12132 = VECTOR('',#12133,1.);
#12133 = DIRECTION('',(0.,1.,0.));
#12134 = ORIENTED_EDGE('',*,*,#12049,.T.);
#12135 = ORIENTED_EDGE('',*,*,#11296,.F.);
#12136 = PLANE('',#12137);
#12137 = AXIS2_PLACEMENT_3D('',#12138,#12139,#12140);
#12138 = CARTESIAN_POINT('',(0.32,-5.4,-3.));
#12139 = DIRECTION('',(1.,0.,0.));
#12140 = DIRECTION('',(0.,0.,1.));
#12141 = ADVANCED_FACE('',(#12142),#12167,.T.);
#12142 = FACE_BOUND('',#12143,.T.);
#12143 = EDGE_LOOP('',(#12144,#12152,#12153,#12161));
#12144 = ORIENTED_EDGE('',*,*,#12145,.F.);
#12145 = EDGE_CURVE('',#11466,#12146,#12148,.T.);
#12146 = VERTEX_POINT('',#12147);
#12147 = CARTESIAN_POINT('',(0.32,-0.32,8.38));
#12148 = LINE('',#12149,#12150);
#12149 = CARTESIAN_POINT('',(0.32,-0.32,-3.));
#12150 = VECTOR('',#12151,1.);
#12151 = DIRECTION('',(0.,0.,1.));
#12152 = ORIENTED_EDGE('',*,*,#11465,.T.);
#12153 = ORIENTED_EDGE('',*,*,#12154,.T.);
#12154 = EDGE_CURVE('',#11468,#12155,#12157,.T.);
#12155 = VERTEX_POINT('',#12156);
#12156 = CARTESIAN_POINT('',(0.32,0.32,8.38));
#12157 = LINE('',#12158,#12159);
#12158 = CARTESIAN_POINT('',(0.32,0.32,-3.));
#12159 = VECTOR('',#12160,1.);
#12160 = DIRECTION('',(0.,0.,1.));
#12161 = ORIENTED_EDGE('',*,*,#12162,.F.);
#12162 = EDGE_CURVE('',#12146,#12155,#12163,.T.);
#12163 = LINE('',#12164,#12165);
#12164 = CARTESIAN_POINT('',(0.32,-0.32,8.38));
#12165 = VECTOR('',#12166,1.);
#12166 = DIRECTION('',(0.,1.,0.));
#12167 = PLANE('',#12168);
#12168 = AXIS2_PLACEMENT_3D('',#12169,#12170,#12171);
#12169 = CARTESIAN_POINT('',(0.32,-0.32,-3.));
#12170 = DIRECTION('',(1.,0.,0.));
#12171 = DIRECTION('',(0.,0.,1.));
#12172 = ADVANCED_FACE('',(#12173),#12191,.T.);
#12173 = FACE_BOUND('',#12174,.T.);
#12174 = EDGE_LOOP('',(#12175,#12176,#12177,#12185));
#12175 = ORIENTED_EDGE('',*,*,#12154,.F.);
#12176 = ORIENTED_EDGE('',*,*,#11491,.T.);
#12177 = ORIENTED_EDGE('',*,*,#12178,.T.);
#12178 = EDGE_CURVE('',#11484,#12179,#12181,.T.);
#12179 = VERTEX_POINT('',#12180);
#12180 = CARTESIAN_POINT('',(-0.32,0.32,8.38));
#12181 = LINE('',#12182,#12183);
#12182 = CARTESIAN_POINT('',(-0.32,0.32,-3.));
#12183 = VECTOR('',#12184,1.);
#12184 = DIRECTION('',(0.,0.,1.));
#12185 = ORIENTED_EDGE('',*,*,#12186,.T.);
#12186 = EDGE_CURVE('',#12179,#12155,#12187,.T.);
#12187 = LINE('',#12188,#12189);
#12188 = CARTESIAN_POINT('',(-0.32,0.32,8.38));
#12189 = VECTOR('',#12190,1.);
#12190 = DIRECTION('',(1.,0.,0.));
#12191 = PLANE('',#12192);
#12192 = AXIS2_PLACEMENT_3D('',#12193,#12194,#12195);
#12193 = CARTESIAN_POINT('',(-0.32,0.32,-3.));
#12194 = DIRECTION('',(0.,1.,0.));
#12195 = DIRECTION('',(0.,-0.,1.));
#12196 = ADVANCED_FACE('',(#12197),#12215,.F.);
#12197 = FACE_BOUND('',#12198,.F.);
#12198 = EDGE_LOOP('',(#12199,#12207,#12208,#12209));
#12199 = ORIENTED_EDGE('',*,*,#12200,.F.);
#12200 = EDGE_CURVE('',#11476,#12201,#12203,.T.);
#12201 = VERTEX_POINT('',#12202);
#12202 = CARTESIAN_POINT('',(-0.32,-0.32,8.38));
#12203 = LINE('',#12204,#12205);
#12204 = CARTESIAN_POINT('',(-0.32,-0.32,-3.));
#12205 = VECTOR('',#12206,1.);
#12206 = DIRECTION('',(0.,0.,1.));
#12207 = ORIENTED_EDGE('',*,*,#11483,.T.);
#12208 = ORIENTED_EDGE('',*,*,#12178,.T.);
#12209 = ORIENTED_EDGE('',*,*,#12210,.F.);
#12210 = EDGE_CURVE('',#12201,#12179,#12211,.T.);
#12211 = LINE('',#12212,#12213);
#12212 = CARTESIAN_POINT('',(-0.32,-0.32,8.38));
#12213 = VECTOR('',#12214,1.);
#12214 = DIRECTION('',(0.,1.,0.));
#12215 = PLANE('',#12216);
#12216 = AXIS2_PLACEMENT_3D('',#12217,#12218,#12219);
#12217 = CARTESIAN_POINT('',(-0.32,-0.32,-3.));
#12218 = DIRECTION('',(1.,0.,0.));
#12219 = DIRECTION('',(0.,0.,1.));
#12220 = ADVANCED_FACE('',(#12221),#12232,.F.);
#12221 = FACE_BOUND('',#12222,.F.);
#12222 = EDGE_LOOP('',(#12223,#12224,#12225,#12226));
#12223 = ORIENTED_EDGE('',*,*,#12145,.F.);
#12224 = ORIENTED_EDGE('',*,*,#11475,.T.);
#12225 = ORIENTED_EDGE('',*,*,#12200,.T.);
#12226 = ORIENTED_EDGE('',*,*,#12227,.T.);
#12227 = EDGE_CURVE('',#12201,#12146,#12228,.T.);
#12228 = LINE('',#12229,#12230);
#12229 = CARTESIAN_POINT('',(-0.32,-0.32,8.38));
#12230 = VECTOR('',#12231,1.);
#12231 = DIRECTION('',(1.,0.,0.));
#12232 = PLANE('',#12233);
#12233 = AXIS2_PLACEMENT_3D('',#12234,#12235,#12236);
#12234 = CARTESIAN_POINT('',(-0.32,-0.32,-3.));
#12235 = DIRECTION('',(0.,1.,0.));
#12236 = DIRECTION('',(0.,-0.,1.));
#12237 = ADVANCED_FACE('',(#12238),#12263,.F.);
#12238 = FACE_BOUND('',#12239,.F.);
#12239 = EDGE_LOOP('',(#12240,#12248,#12249,#12257));
#12240 = ORIENTED_EDGE('',*,*,#12241,.F.);
#12241 = EDGE_CURVE('',#11500,#12242,#12244,.T.);
#12242 = VERTEX_POINT('',#12243);
#12243 = CARTESIAN_POINT('',(0.32,-2.86,8.38));
#12244 = LINE('',#12245,#12246);
#12245 = CARTESIAN_POINT('',(0.32,-2.86,-3.));
#12246 = VECTOR('',#12247,1.);
#12247 = DIRECTION('',(0.,0.,1.));
#12248 = ORIENTED_EDGE('',*,*,#11499,.T.);
#12249 = ORIENTED_EDGE('',*,*,#12250,.T.);
#12250 = EDGE_CURVE('',#11502,#12251,#12253,.T.);
#12251 = VERTEX_POINT('',#12252);
#12252 = CARTESIAN_POINT('',(-0.32,-2.86,8.38));
#12253 = LINE('',#12254,#12255);
#12254 = CARTESIAN_POINT('',(-0.32,-2.86,-3.));
#12255 = VECTOR('',#12256,1.);
#12256 = DIRECTION('',(0.,0.,1.));
#12257 = ORIENTED_EDGE('',*,*,#12258,.T.);
#12258 = EDGE_CURVE('',#12251,#12242,#12259,.T.);
#12259 = LINE('',#12260,#12261);
#12260 = CARTESIAN_POINT('',(-0.32,-2.86,8.38));
#12261 = VECTOR('',#12262,1.);
#12262 = DIRECTION('',(1.,0.,0.));
#12263 = PLANE('',#12264);
#12264 = AXIS2_PLACEMENT_3D('',#12265,#12266,#12267);
#12265 = CARTESIAN_POINT('',(-0.32,-2.86,-3.));
#12266 = DIRECTION('',(0.,1.,0.));
#12267 = DIRECTION('',(0.,-0.,1.));
#12268 = ADVANCED_FACE('',(#12269),#12287,.T.);
#12269 = FACE_BOUND('',#12270,.T.);
#12270 = EDGE_LOOP('',(#12271,#12272,#12273,#12281));
#12271 = ORIENTED_EDGE('',*,*,#12241,.F.);
#12272 = ORIENTED_EDGE('',*,*,#11525,.T.);
#12273 = ORIENTED_EDGE('',*,*,#12274,.T.);
#12274 = EDGE_CURVE('',#11518,#12275,#12277,.T.);
#12275 = VERTEX_POINT('',#12276);
#12276 = CARTESIAN_POINT('',(0.32,-2.22,8.38));
#12277 = LINE('',#12278,#12279);
#12278 = CARTESIAN_POINT('',(0.32,-2.22,-3.));
#12279 = VECTOR('',#12280,1.);
#12280 = DIRECTION('',(0.,0.,1.));
#12281 = ORIENTED_EDGE('',*,*,#12282,.F.);
#12282 = EDGE_CURVE('',#12242,#12275,#12283,.T.);
#12283 = LINE('',#12284,#12285);
#12284 = CARTESIAN_POINT('',(0.32,-2.86,8.38));
#12285 = VECTOR('',#12286,1.);
#12286 = DIRECTION('',(0.,1.,0.));
#12287 = PLANE('',#12288);
#12288 = AXIS2_PLACEMENT_3D('',#12289,#12290,#12291);
#12289 = CARTESIAN_POINT('',(0.32,-2.86,-3.));
#12290 = DIRECTION('',(1.,0.,0.));
#12291 = DIRECTION('',(0.,0.,1.));
#12292 = ADVANCED_FACE('',(#12293),#12311,.T.);
#12293 = FACE_BOUND('',#12294,.T.);
#12294 = EDGE_LOOP('',(#12295,#12296,#12297,#12305));
#12295 = ORIENTED_EDGE('',*,*,#12274,.F.);
#12296 = ORIENTED_EDGE('',*,*,#11517,.T.);
#12297 = ORIENTED_EDGE('',*,*,#12298,.T.);
#12298 = EDGE_CURVE('',#11510,#12299,#12301,.T.);
#12299 = VERTEX_POINT('',#12300);
#12300 = CARTESIAN_POINT('',(-0.32,-2.22,8.38));
#12301 = LINE('',#12302,#12303);
#12302 = CARTESIAN_POINT('',(-0.32,-2.22,-3.));
#12303 = VECTOR('',#12304,1.);
#12304 = DIRECTION('',(0.,0.,1.));
#12305 = ORIENTED_EDGE('',*,*,#12306,.T.);
#12306 = EDGE_CURVE('',#12299,#12275,#12307,.T.);
#12307 = LINE('',#12308,#12309);
#12308 = CARTESIAN_POINT('',(-0.32,-2.22,8.38));
#12309 = VECTOR('',#12310,1.);
#12310 = DIRECTION('',(1.,0.,0.));
#12311 = PLANE('',#12312);
#12312 = AXIS2_PLACEMENT_3D('',#12313,#12314,#12315);
#12313 = CARTESIAN_POINT('',(-0.32,-2.22,-3.));
#12314 = DIRECTION('',(0.,1.,0.));
#12315 = DIRECTION('',(0.,-0.,1.));
#12316 = ADVANCED_FACE('',(#12317),#12328,.F.);
#12317 = FACE_BOUND('',#12318,.F.);
#12318 = EDGE_LOOP('',(#12319,#12320,#12321,#12322));
#12319 = ORIENTED_EDGE('',*,*,#12250,.F.);
#12320 = ORIENTED_EDGE('',*,*,#11509,.T.);
#12321 = ORIENTED_EDGE('',*,*,#12298,.T.);
#12322 = ORIENTED_EDGE('',*,*,#12323,.F.);
#12323 = EDGE_CURVE('',#12251,#12299,#12324,.T.);
#12324 = LINE('',#12325,#12326);
#12325 = CARTESIAN_POINT('',(-0.32,-2.86,8.38));
#12326 = VECTOR('',#12327,1.);
#12327 = DIRECTION('',(0.,1.,0.));
#12328 = PLANE('',#12329);
#12329 = AXIS2_PLACEMENT_3D('',#12330,#12331,#12332);
#12330 = CARTESIAN_POINT('',(-0.32,-2.86,-3.));
#12331 = DIRECTION('',(1.,0.,0.));
#12332 = DIRECTION('',(0.,0.,1.));
#12333 = ADVANCED_FACE('',(#12334),#12359,.T.);
#12334 = FACE_BOUND('',#12335,.T.);
#12335 = EDGE_LOOP('',(#12336,#12344,#12345,#12353));
#12336 = ORIENTED_EDGE('',*,*,#12337,.F.);
#12337 = EDGE_CURVE('',#11534,#12338,#12340,.T.);
#12338 = VERTEX_POINT('',#12339);
#12339 = CARTESIAN_POINT('',(0.32,-4.76,8.38));
#12340 = LINE('',#12341,#12342);
#12341 = CARTESIAN_POINT('',(0.32,-4.76,-3.));
#12342 = VECTOR('',#12343,1.);
#12343 = DIRECTION('',(0.,0.,1.));
#12344 = ORIENTED_EDGE('',*,*,#11533,.T.);
#12345 = ORIENTED_EDGE('',*,*,#12346,.T.);
#12346 = EDGE_CURVE('',#11536,#12347,#12349,.T.);
#12347 = VERTEX_POINT('',#12348);
#12348 = CARTESIAN_POINT('',(-0.32,-4.76,8.38));
#12349 = LINE('',#12350,#12351);
#12350 = CARTESIAN_POINT('',(-0.32,-4.76,-3.));
#12351 = VECTOR('',#12352,1.);
#12352 = DIRECTION('',(0.,0.,1.));
#12353 = ORIENTED_EDGE('',*,*,#12354,.T.);
#12354 = EDGE_CURVE('',#12347,#12338,#12355,.T.);
#12355 = LINE('',#12356,#12357);
#12356 = CARTESIAN_POINT('',(-0.32,-4.76,8.38));
#12357 = VECTOR('',#12358,1.);
#12358 = DIRECTION('',(1.,0.,0.));
#12359 = PLANE('',#12360);
#12360 = AXIS2_PLACEMENT_3D('',#12361,#12362,#12363);
#12361 = CARTESIAN_POINT('',(-0.32,-4.76,-3.));
#12362 = DIRECTION('',(0.,1.,0.));
#12363 = DIRECTION('',(0.,-0.,1.));
#12364 = ADVANCED_FACE('',(#12365),#12383,.F.);
#12365 = FACE_BOUND('',#12366,.F.);
#12366 = EDGE_LOOP('',(#12367,#12375,#12376,#12377));
#12367 = ORIENTED_EDGE('',*,*,#12368,.F.);
#12368 = EDGE_CURVE('',#11552,#12369,#12371,.T.);
#12369 = VERTEX_POINT('',#12370);
#12370 = CARTESIAN_POINT('',(-0.32,-5.4,8.38));
#12371 = LINE('',#12372,#12373);
#12372 = CARTESIAN_POINT('',(-0.32,-5.4,-3.));
#12373 = VECTOR('',#12374,1.);
#12374 = DIRECTION('',(0.,0.,1.));
#12375 = ORIENTED_EDGE('',*,*,#11559,.T.);
#12376 = ORIENTED_EDGE('',*,*,#12346,.T.);
#12377 = ORIENTED_EDGE('',*,*,#12378,.F.);
#12378 = EDGE_CURVE('',#12369,#12347,#12379,.T.);
#12379 = LINE('',#12380,#12381);
#12380 = CARTESIAN_POINT('',(-0.32,-5.4,8.38));
#12381 = VECTOR('',#12382,1.);
#12382 = DIRECTION('',(0.,1.,0.));
#12383 = PLANE('',#12384);
#12384 = AXIS2_PLACEMENT_3D('',#12385,#12386,#12387);
#12385 = CARTESIAN_POINT('',(-0.32,-5.4,-3.));
#12386 = DIRECTION('',(1.,0.,0.));
#12387 = DIRECTION('',(0.,0.,1.));
#12388 = ADVANCED_FACE('',(#12389),#12407,.F.);
#12389 = FACE_BOUND('',#12390,.F.);
#12390 = EDGE_LOOP('',(#12391,#12399,#12400,#12401));
#12391 = ORIENTED_EDGE('',*,*,#12392,.F.);
#12392 = EDGE_CURVE('',#11544,#12393,#12395,.T.);
#12393 = VERTEX_POINT('',#12394);
#12394 = CARTESIAN_POINT('',(0.32,-5.4,8.38));
#12395 = LINE('',#12396,#12397);
#12396 = CARTESIAN_POINT('',(0.32,-5.4,-3.));
#12397 = VECTOR('',#12398,1.);
#12398 = DIRECTION('',(0.,0.,1.));
#12399 = ORIENTED_EDGE('',*,*,#11551,.T.);
#12400 = ORIENTED_EDGE('',*,*,#12368,.T.);
#12401 = ORIENTED_EDGE('',*,*,#12402,.T.);
#12402 = EDGE_CURVE('',#12369,#12393,#12403,.T.);
#12403 = LINE('',#12404,#12405);
#12404 = CARTESIAN_POINT('',(-0.32,-5.4,8.38));
#12405 = VECTOR('',#12406,1.);
#12406 = DIRECTION('',(1.,0.,0.));
#12407 = PLANE('',#12408);
#12408 = AXIS2_PLACEMENT_3D('',#12409,#12410,#12411);
#12409 = CARTESIAN_POINT('',(-0.32,-5.4,-3.));
#12410 = DIRECTION('',(0.,1.,0.));
#12411 = DIRECTION('',(0.,-0.,1.));
#12412 = ADVANCED_FACE('',(#12413),#12424,.T.);
#12413 = FACE_BOUND('',#12414,.T.);
#12414 = EDGE_LOOP('',(#12415,#12416,#12417,#12418));
#12415 = ORIENTED_EDGE('',*,*,#12392,.F.);
#12416 = ORIENTED_EDGE('',*,*,#11543,.T.);
#12417 = ORIENTED_EDGE('',*,*,#12337,.T.);
#12418 = ORIENTED_EDGE('',*,*,#12419,.F.);
#12419 = EDGE_CURVE('',#12393,#12338,#12420,.T.);
#12420 = LINE('',#12421,#12422);
#12421 = CARTESIAN_POINT('',(0.32,-5.4,8.38));
#12422 = VECTOR('',#12423,1.);
#12423 = DIRECTION('',(0.,1.,0.));
#12424 = PLANE('',#12425);
#12425 = AXIS2_PLACEMENT_3D('',#12426,#12427,#12428);
#12426 = CARTESIAN_POINT('',(0.32,-5.4,-3.));
#12427 = DIRECTION('',(1.,0.,0.));
#12428 = DIRECTION('',(0.,0.,1.));
#12429 = ADVANCED_FACE('',(#12430),#12455,.F.);
#12430 = FACE_BOUND('',#12431,.F.);
#12431 = EDGE_LOOP('',(#12432,#12440,#12441,#12449));
#12432 = ORIENTED_EDGE('',*,*,#12433,.F.);
#12433 = EDGE_CURVE('',#11858,#12434,#12436,.T.);
#12434 = VERTEX_POINT('',#12435);
#12435 = CARTESIAN_POINT('',(0.16,-0.16,-3.));
#12436 = LINE('',#12437,#12438);
#12437 = CARTESIAN_POINT('',(0.16,-0.16,-3.));
#12438 = VECTOR('',#12439,1.);
#12439 = DIRECTION('',(-0.57735026919,0.57735026919,-0.57735026919));
#12440 = ORIENTED_EDGE('',*,*,#11865,.T.);
#12441 = ORIENTED_EDGE('',*,*,#12442,.T.);
#12442 = EDGE_CURVE('',#11866,#12443,#12445,.T.);
#12443 = VERTEX_POINT('',#12444);
#12444 = CARTESIAN_POINT('',(0.16,0.16,-3.));
#12445 = LINE('',#12446,#12447);
#12446 = CARTESIAN_POINT('',(5.333333333333E-02,5.333333333333E-02,
    -3.106666666667));
#12447 = VECTOR('',#12448,1.);
#12448 = DIRECTION('',(-0.57735026919,-0.57735026919,-0.57735026919));
#12449 = ORIENTED_EDGE('',*,*,#12450,.F.);
#12450 = EDGE_CURVE('',#12434,#12443,#12451,.T.);
#12451 = LINE('',#12452,#12453);
#12452 = CARTESIAN_POINT('',(0.16,-0.32,-3.));
#12453 = VECTOR('',#12454,1.);
#12454 = DIRECTION('',(0.,1.,0.));
#12455 = PLANE('',#12456);
#12456 = AXIS2_PLACEMENT_3D('',#12457,#12458,#12459);
#12457 = CARTESIAN_POINT('',(0.24,-0.32,-2.92));
#12458 = DIRECTION('',(-0.707106781187,1.735167508357E-18,0.707106781187
    ));
#12459 = DIRECTION('',(1.226948711654E-18,1.,-1.226948711654E-18));
#12460 = ADVANCED_FACE('',(#12461),#12479,.F.);
#12461 = FACE_BOUND('',#12462,.T.);
#12462 = EDGE_LOOP('',(#12463,#12471,#12472,#12473));
#12463 = ORIENTED_EDGE('',*,*,#12464,.F.);
#12464 = EDGE_CURVE('',#11890,#12465,#12467,.T.);
#12465 = VERTEX_POINT('',#12466);
#12466 = CARTESIAN_POINT('',(-0.16,0.16,-3.));
#12467 = LINE('',#12468,#12469);
#12468 = CARTESIAN_POINT('',(-0.16,0.16,-3.));
#12469 = VECTOR('',#12470,1.);
#12470 = DIRECTION('',(0.57735026919,-0.57735026919,-0.57735026919));
#12471 = ORIENTED_EDGE('',*,*,#11889,.T.);
#12472 = ORIENTED_EDGE('',*,*,#12442,.T.);
#12473 = ORIENTED_EDGE('',*,*,#12474,.F.);
#12474 = EDGE_CURVE('',#12465,#12443,#12475,.T.);
#12475 = LINE('',#12476,#12477);
#12476 = CARTESIAN_POINT('',(-0.32,0.16,-3.));
#12477 = VECTOR('',#12478,1.);
#12478 = DIRECTION('',(1.,0.,0.));
#12479 = PLANE('',#12480);
#12480 = AXIS2_PLACEMENT_3D('',#12481,#12482,#12483);
#12481 = CARTESIAN_POINT('',(-0.32,0.24,-2.92));
#12482 = DIRECTION('',(-1.735167508357E-18,-0.707106781187,
    0.707106781187));
#12483 = DIRECTION('',(-1.,1.226948711654E-18,-1.226948711654E-18));
#12484 = ADVANCED_FACE('',(#12485),#12503,.T.);
#12485 = FACE_BOUND('',#12486,.T.);
#12486 = EDGE_LOOP('',(#12487,#12495,#12496,#12497));
#12487 = ORIENTED_EDGE('',*,*,#12488,.F.);
#12488 = EDGE_CURVE('',#11913,#12489,#12491,.T.);
#12489 = VERTEX_POINT('',#12490);
#12490 = CARTESIAN_POINT('',(-0.16,-0.16,-3.));
#12491 = LINE('',#12492,#12493);
#12492 = CARTESIAN_POINT('',(-0.266666666667,-0.266666666667,
    -2.893333333333));
#12493 = VECTOR('',#12494,1.);
#12494 = DIRECTION('',(0.57735026919,0.57735026919,-0.57735026919));
#12495 = ORIENTED_EDGE('',*,*,#11920,.T.);
#12496 = ORIENTED_EDGE('',*,*,#12464,.T.);
#12497 = ORIENTED_EDGE('',*,*,#12498,.F.);
#12498 = EDGE_CURVE('',#12489,#12465,#12499,.T.);
#12499 = LINE('',#12500,#12501);
#12500 = CARTESIAN_POINT('',(-0.16,-0.32,-3.));
#12501 = VECTOR('',#12502,1.);
#12502 = DIRECTION('',(0.,1.,0.));
#12503 = PLANE('',#12504);
#12504 = AXIS2_PLACEMENT_3D('',#12505,#12506,#12507);
#12505 = CARTESIAN_POINT('',(-0.24,-0.32,-2.92));
#12506 = DIRECTION('',(-0.707106781187,-1.735167508357E-18,
    -0.707106781187));
#12507 = DIRECTION('',(-1.226948711654E-18,1.,-1.226948711654E-18));
#12508 = ADVANCED_FACE('',(#12509),#12520,.T.);
#12509 = FACE_BOUND('',#12510,.F.);
#12510 = EDGE_LOOP('',(#12511,#12512,#12513,#12514));
#12511 = ORIENTED_EDGE('',*,*,#12488,.F.);
#12512 = ORIENTED_EDGE('',*,*,#11937,.T.);
#12513 = ORIENTED_EDGE('',*,*,#12433,.T.);
#12514 = ORIENTED_EDGE('',*,*,#12515,.F.);
#12515 = EDGE_CURVE('',#12489,#12434,#12516,.T.);
#12516 = LINE('',#12517,#12518);
#12517 = CARTESIAN_POINT('',(-0.32,-0.16,-3.));
#12518 = VECTOR('',#12519,1.);
#12519 = DIRECTION('',(1.,0.,0.));
#12520 = PLANE('',#12521);
#12521 = AXIS2_PLACEMENT_3D('',#12522,#12523,#12524);
#12522 = CARTESIAN_POINT('',(-0.32,-0.24,-2.92));
#12523 = DIRECTION('',(1.735167508357E-18,-0.707106781187,
    -0.707106781187));
#12524 = DIRECTION('',(-1.,-1.226948711654E-18,-1.226948711654E-18));
#12525 = ADVANCED_FACE('',(#12526),#12551,.T.);
#12526 = FACE_BOUND('',#12527,.F.);
#12527 = EDGE_LOOP('',(#12528,#12536,#12537,#12545));
#12528 = ORIENTED_EDGE('',*,*,#12529,.F.);
#12529 = EDGE_CURVE('',#11962,#12530,#12532,.T.);
#12530 = VERTEX_POINT('',#12531);
#12531 = CARTESIAN_POINT('',(-0.16,-2.7,-3.));
#12532 = LINE('',#12533,#12534);
#12533 = CARTESIAN_POINT('',(-0.266666666667,-2.806666666667,
    -2.893333333333));
#12534 = VECTOR('',#12535,1.);
#12535 = DIRECTION('',(0.57735026919,0.57735026919,-0.57735026919));
#12536 = ORIENTED_EDGE('',*,*,#11961,.T.);
#12537 = ORIENTED_EDGE('',*,*,#12538,.T.);
#12538 = EDGE_CURVE('',#11954,#12539,#12541,.T.);
#12539 = VERTEX_POINT('',#12540);
#12540 = CARTESIAN_POINT('',(0.16,-2.7,-3.));
#12541 = LINE('',#12542,#12543);
#12542 = CARTESIAN_POINT('',(0.16,-2.7,-3.));
#12543 = VECTOR('',#12544,1.);
#12544 = DIRECTION('',(-0.57735026919,0.57735026919,-0.57735026919));
#12545 = ORIENTED_EDGE('',*,*,#12546,.F.);
#12546 = EDGE_CURVE('',#12530,#12539,#12547,.T.);
#12547 = LINE('',#12548,#12549);
#12548 = CARTESIAN_POINT('',(-0.32,-2.7,-3.));
#12549 = VECTOR('',#12550,1.);
#12550 = DIRECTION('',(1.,0.,0.));
#12551 = PLANE('',#12552);
#12552 = AXIS2_PLACEMENT_3D('',#12553,#12554,#12555);
#12553 = CARTESIAN_POINT('',(-0.32,-2.78,-2.92));
#12554 = DIRECTION('',(1.735167508357E-18,-0.707106781187,
    -0.707106781187));
#12555 = DIRECTION('',(-1.,-1.226948711654E-18,-1.226948711654E-18));
#12556 = ADVANCED_FACE('',(#12557),#12575,.F.);
#12557 = FACE_BOUND('',#12558,.F.);
#12558 = EDGE_LOOP('',(#12559,#12560,#12561,#12569));
#12559 = ORIENTED_EDGE('',*,*,#12538,.F.);
#12560 = ORIENTED_EDGE('',*,*,#11985,.T.);
#12561 = ORIENTED_EDGE('',*,*,#12562,.T.);
#12562 = EDGE_CURVE('',#11986,#12563,#12565,.T.);
#12563 = VERTEX_POINT('',#12564);
#12564 = CARTESIAN_POINT('',(0.16,-2.38,-3.));
#12565 = LINE('',#12566,#12567);
#12566 = CARTESIAN_POINT('',(5.333333333333E-02,-2.486666666667,
    -3.106666666667));
#12567 = VECTOR('',#12568,1.);
#12568 = DIRECTION('',(-0.57735026919,-0.57735026919,-0.57735026919));
#12569 = ORIENTED_EDGE('',*,*,#12570,.F.);
#12570 = EDGE_CURVE('',#12539,#12563,#12571,.T.);
#12571 = LINE('',#12572,#12573);
#12572 = CARTESIAN_POINT('',(0.16,-2.86,-3.));
#12573 = VECTOR('',#12574,1.);
#12574 = DIRECTION('',(0.,1.,0.));
#12575 = PLANE('',#12576);
#12576 = AXIS2_PLACEMENT_3D('',#12577,#12578,#12579);
#12577 = CARTESIAN_POINT('',(0.24,-2.86,-2.92));
#12578 = DIRECTION('',(-0.707106781187,1.735167508357E-18,0.707106781187
    ));
#12579 = DIRECTION('',(1.226948711654E-18,1.,-1.226948711654E-18));
#12580 = ADVANCED_FACE('',(#12581),#12599,.F.);
#12581 = FACE_BOUND('',#12582,.T.);
#12582 = EDGE_LOOP('',(#12583,#12591,#12592,#12593));
#12583 = ORIENTED_EDGE('',*,*,#12584,.F.);
#12584 = EDGE_CURVE('',#12010,#12585,#12587,.T.);
#12585 = VERTEX_POINT('',#12586);
#12586 = CARTESIAN_POINT('',(-0.16,-2.38,-3.));
#12587 = LINE('',#12588,#12589);
#12588 = CARTESIAN_POINT('',(-0.16,-2.38,-3.));
#12589 = VECTOR('',#12590,1.);
#12590 = DIRECTION('',(0.57735026919,-0.57735026919,-0.57735026919));
#12591 = ORIENTED_EDGE('',*,*,#12009,.T.);
#12592 = ORIENTED_EDGE('',*,*,#12562,.T.);
#12593 = ORIENTED_EDGE('',*,*,#12594,.F.);
#12594 = EDGE_CURVE('',#12585,#12563,#12595,.T.);
#12595 = LINE('',#12596,#12597);
#12596 = CARTESIAN_POINT('',(-0.32,-2.38,-3.));
#12597 = VECTOR('',#12598,1.);
#12598 = DIRECTION('',(1.,0.,0.));
#12599 = PLANE('',#12600);
#12600 = AXIS2_PLACEMENT_3D('',#12601,#12602,#12603);
#12601 = CARTESIAN_POINT('',(-0.32,-2.3,-2.92));
#12602 = DIRECTION('',(-1.735167508357E-18,-0.707106781187,
    0.707106781187));
#12603 = DIRECTION('',(-1.,1.226948711654E-18,-1.226948711654E-18));
#12604 = ADVANCED_FACE('',(#12605),#12616,.T.);
#12605 = FACE_BOUND('',#12606,.T.);
#12606 = EDGE_LOOP('',(#12607,#12608,#12609,#12610));
#12607 = ORIENTED_EDGE('',*,*,#12529,.F.);
#12608 = ORIENTED_EDGE('',*,*,#12033,.T.);
#12609 = ORIENTED_EDGE('',*,*,#12584,.T.);
#12610 = ORIENTED_EDGE('',*,*,#12611,.F.);
#12611 = EDGE_CURVE('',#12530,#12585,#12612,.T.);
#12612 = LINE('',#12613,#12614);
#12613 = CARTESIAN_POINT('',(-0.16,-2.86,-3.));
#12614 = VECTOR('',#12615,1.);
#12615 = DIRECTION('',(0.,1.,0.));
#12616 = PLANE('',#12617);
#12617 = AXIS2_PLACEMENT_3D('',#12618,#12619,#12620);
#12618 = CARTESIAN_POINT('',(-0.24,-2.86,-2.92));
#12619 = DIRECTION('',(-0.707106781187,-1.735167508357E-18,
    -0.707106781187));
#12620 = DIRECTION('',(-1.226948711654E-18,1.,-1.226948711654E-18));
#12621 = ADVANCED_FACE('',(#12622),#12647,.F.);
#12622 = FACE_BOUND('',#12623,.T.);
#12623 = EDGE_LOOP('',(#12624,#12632,#12633,#12641));
#12624 = ORIENTED_EDGE('',*,*,#12625,.F.);
#12625 = EDGE_CURVE('',#12058,#12626,#12628,.T.);
#12626 = VERTEX_POINT('',#12627);
#12627 = CARTESIAN_POINT('',(-0.16,-4.92,-3.));
#12628 = LINE('',#12629,#12630);
#12629 = CARTESIAN_POINT('',(-0.16,-4.92,-3.));
#12630 = VECTOR('',#12631,1.);
#12631 = DIRECTION('',(0.57735026919,-0.57735026919,-0.57735026919));
#12632 = ORIENTED_EDGE('',*,*,#12057,.T.);
#12633 = ORIENTED_EDGE('',*,*,#12634,.T.);
#12634 = EDGE_CURVE('',#12050,#12635,#12637,.T.);
#12635 = VERTEX_POINT('',#12636);
#12636 = CARTESIAN_POINT('',(0.16,-4.92,-3.));
#12637 = LINE('',#12638,#12639);
#12638 = CARTESIAN_POINT('',(5.333333333333E-02,-5.026666666667,
    -3.106666666667));
#12639 = VECTOR('',#12640,1.);
#12640 = DIRECTION('',(-0.57735026919,-0.57735026919,-0.57735026919));
#12641 = ORIENTED_EDGE('',*,*,#12642,.F.);
#12642 = EDGE_CURVE('',#12626,#12635,#12643,.T.);
#12643 = LINE('',#12644,#12645);
#12644 = CARTESIAN_POINT('',(-0.32,-4.92,-3.));
#12645 = VECTOR('',#12646,1.);
#12646 = DIRECTION('',(1.,0.,0.));
#12647 = PLANE('',#12648);
#12648 = AXIS2_PLACEMENT_3D('',#12649,#12650,#12651);
#12649 = CARTESIAN_POINT('',(-0.32,-4.84,-2.92));
#12650 = DIRECTION('',(-1.735167508357E-18,-0.707106781187,
    0.707106781187));
#12651 = DIRECTION('',(-1.,1.226948711654E-18,-1.226948711654E-18));
#12652 = ADVANCED_FACE('',(#12653),#12671,.T.);
#12653 = FACE_BOUND('',#12654,.T.);
#12654 = EDGE_LOOP('',(#12655,#12663,#12664,#12665));
#12655 = ORIENTED_EDGE('',*,*,#12656,.F.);
#12656 = EDGE_CURVE('',#12081,#12657,#12659,.T.);
#12657 = VERTEX_POINT('',#12658);
#12658 = CARTESIAN_POINT('',(-0.16,-5.24,-3.));
#12659 = LINE('',#12660,#12661);
#12660 = CARTESIAN_POINT('',(-0.266666666667,-5.346666666667,
    -2.893333333333));
#12661 = VECTOR('',#12662,1.);
#12662 = DIRECTION('',(0.57735026919,0.57735026919,-0.57735026919));
#12663 = ORIENTED_EDGE('',*,*,#12088,.T.);
#12664 = ORIENTED_EDGE('',*,*,#12625,.T.);
#12665 = ORIENTED_EDGE('',*,*,#12666,.F.);
#12666 = EDGE_CURVE('',#12657,#12626,#12667,.T.);
#12667 = LINE('',#12668,#12669);
#12668 = CARTESIAN_POINT('',(-0.16,-5.4,-3.));
#12669 = VECTOR('',#12670,1.);
#12670 = DIRECTION('',(0.,1.,0.));
#12671 = PLANE('',#12672);
#12672 = AXIS2_PLACEMENT_3D('',#12673,#12674,#12675);
#12673 = CARTESIAN_POINT('',(-0.24,-5.4,-2.92));
#12674 = DIRECTION('',(-0.707106781187,-1.735167508357E-18,
    -0.707106781187));
#12675 = DIRECTION('',(-1.226948711654E-18,1.,-1.226948711654E-18));
#12676 = ADVANCED_FACE('',(#12677),#12695,.T.);
#12677 = FACE_BOUND('',#12678,.F.);
#12678 = EDGE_LOOP('',(#12679,#12680,#12681,#12689));
#12679 = ORIENTED_EDGE('',*,*,#12656,.F.);
#12680 = ORIENTED_EDGE('',*,*,#12112,.T.);
#12681 = ORIENTED_EDGE('',*,*,#12682,.T.);
#12682 = EDGE_CURVE('',#12105,#12683,#12685,.T.);
#12683 = VERTEX_POINT('',#12684);
#12684 = CARTESIAN_POINT('',(0.16,-5.24,-3.));
#12685 = LINE('',#12686,#12687);
#12686 = CARTESIAN_POINT('',(0.16,-5.24,-3.));
#12687 = VECTOR('',#12688,1.);
#12688 = DIRECTION('',(-0.57735026919,0.57735026919,-0.57735026919));
#12689 = ORIENTED_EDGE('',*,*,#12690,.F.);
#12690 = EDGE_CURVE('',#12657,#12683,#12691,.T.);
#12691 = LINE('',#12692,#12693);
#12692 = CARTESIAN_POINT('',(-0.32,-5.24,-3.));
#12693 = VECTOR('',#12694,1.);
#12694 = DIRECTION('',(1.,0.,0.));
#12695 = PLANE('',#12696);
#12696 = AXIS2_PLACEMENT_3D('',#12697,#12698,#12699);
#12697 = CARTESIAN_POINT('',(-0.32,-5.32,-2.92));
#12698 = DIRECTION('',(1.735167508357E-18,-0.707106781187,
    -0.707106781187));
#12699 = DIRECTION('',(-1.,-1.226948711654E-18,-1.226948711654E-18));
#12700 = ADVANCED_FACE('',(#12701),#12712,.F.);
#12701 = FACE_BOUND('',#12702,.F.);
#12702 = EDGE_LOOP('',(#12703,#12704,#12705,#12706));
#12703 = ORIENTED_EDGE('',*,*,#12682,.F.);
#12704 = ORIENTED_EDGE('',*,*,#12129,.T.);
#12705 = ORIENTED_EDGE('',*,*,#12634,.T.);
#12706 = ORIENTED_EDGE('',*,*,#12707,.F.);
#12707 = EDGE_CURVE('',#12683,#12635,#12708,.T.);
#12708 = LINE('',#12709,#12710);
#12709 = CARTESIAN_POINT('',(0.16,-5.4,-3.));
#12710 = VECTOR('',#12711,1.);
#12711 = DIRECTION('',(0.,1.,0.));
#12712 = PLANE('',#12713);
#12713 = AXIS2_PLACEMENT_3D('',#12714,#12715,#12716);
#12714 = CARTESIAN_POINT('',(0.24,-5.4,-2.92));
#12715 = DIRECTION('',(-0.707106781187,1.735167508357E-18,0.707106781187
    ));
#12716 = DIRECTION('',(1.226948711654E-18,1.,-1.226948711654E-18));
#12717 = ADVANCED_FACE('',(#12718),#12743,.T.);
#12718 = FACE_BOUND('',#12719,.T.);
#12719 = EDGE_LOOP('',(#12720,#12728,#12729,#12737));
#12720 = ORIENTED_EDGE('',*,*,#12721,.F.);
#12721 = EDGE_CURVE('',#12146,#12722,#12724,.T.);
#12722 = VERTEX_POINT('',#12723);
#12723 = CARTESIAN_POINT('',(0.16,-0.16,8.54));
#12724 = LINE('',#12725,#12726);
#12725 = CARTESIAN_POINT('',(0.16,-0.16,8.54));
#12726 = VECTOR('',#12727,1.);
#12727 = DIRECTION('',(-0.57735026919,0.57735026919,0.57735026919));
#12728 = ORIENTED_EDGE('',*,*,#12162,.T.);
#12729 = ORIENTED_EDGE('',*,*,#12730,.T.);
#12730 = EDGE_CURVE('',#12155,#12731,#12733,.T.);
#12731 = VERTEX_POINT('',#12732);
#12732 = CARTESIAN_POINT('',(0.16,0.16,8.54));
#12733 = LINE('',#12734,#12735);
#12734 = CARTESIAN_POINT('',(5.333333333333E-02,5.333333333333E-02,
    8.646666666667));
#12735 = VECTOR('',#12736,1.);
#12736 = DIRECTION('',(-0.57735026919,-0.57735026919,0.57735026919));
#12737 = ORIENTED_EDGE('',*,*,#12738,.F.);
#12738 = EDGE_CURVE('',#12722,#12731,#12739,.T.);
#12739 = LINE('',#12740,#12741);
#12740 = CARTESIAN_POINT('',(0.16,-0.32,8.54));
#12741 = VECTOR('',#12742,1.);
#12742 = DIRECTION('',(0.,1.,0.));
#12743 = PLANE('',#12744);
#12744 = AXIS2_PLACEMENT_3D('',#12745,#12746,#12747);
#12745 = CARTESIAN_POINT('',(0.24,-0.32,8.46));
#12746 = DIRECTION('',(0.707106781187,-1.735167508357E-18,0.707106781187
    ));
#12747 = DIRECTION('',(1.226948711654E-18,1.,1.226948711654E-18));
#12748 = ADVANCED_FACE('',(#12749),#12767,.T.);
#12749 = FACE_BOUND('',#12750,.F.);
#12750 = EDGE_LOOP('',(#12751,#12759,#12760,#12761));
#12751 = ORIENTED_EDGE('',*,*,#12752,.F.);
#12752 = EDGE_CURVE('',#12179,#12753,#12755,.T.);
#12753 = VERTEX_POINT('',#12754);
#12754 = CARTESIAN_POINT('',(-0.16,0.16,8.54));
#12755 = LINE('',#12756,#12757);
#12756 = CARTESIAN_POINT('',(-0.16,0.16,8.54));
#12757 = VECTOR('',#12758,1.);
#12758 = DIRECTION('',(0.57735026919,-0.57735026919,0.57735026919));
#12759 = ORIENTED_EDGE('',*,*,#12186,.T.);
#12760 = ORIENTED_EDGE('',*,*,#12730,.T.);
#12761 = ORIENTED_EDGE('',*,*,#12762,.F.);
#12762 = EDGE_CURVE('',#12753,#12731,#12763,.T.);
#12763 = LINE('',#12764,#12765);
#12764 = CARTESIAN_POINT('',(-0.32,0.16,8.54));
#12765 = VECTOR('',#12766,1.);
#12766 = DIRECTION('',(1.,0.,0.));
#12767 = PLANE('',#12768);
#12768 = AXIS2_PLACEMENT_3D('',#12769,#12770,#12771);
#12769 = CARTESIAN_POINT('',(-0.32,0.24,8.46));
#12770 = DIRECTION('',(1.735167508357E-18,0.707106781187,0.707106781187)
  );
#12771 = DIRECTION('',(-1.,1.226948711654E-18,1.226948711654E-18));
#12772 = ADVANCED_FACE('',(#12773),#12791,.F.);
#12773 = FACE_BOUND('',#12774,.F.);
#12774 = EDGE_LOOP('',(#12775,#12783,#12784,#12785));
#12775 = ORIENTED_EDGE('',*,*,#12776,.F.);
#12776 = EDGE_CURVE('',#12201,#12777,#12779,.T.);
#12777 = VERTEX_POINT('',#12778);
#12778 = CARTESIAN_POINT('',(-0.16,-0.16,8.54));
#12779 = LINE('',#12780,#12781);
#12780 = CARTESIAN_POINT('',(-0.266666666667,-0.266666666667,
    8.433333333333));
#12781 = VECTOR('',#12782,1.);
#12782 = DIRECTION('',(0.57735026919,0.57735026919,0.57735026919));
#12783 = ORIENTED_EDGE('',*,*,#12210,.T.);
#12784 = ORIENTED_EDGE('',*,*,#12752,.T.);
#12785 = ORIENTED_EDGE('',*,*,#12786,.F.);
#12786 = EDGE_CURVE('',#12777,#12753,#12787,.T.);
#12787 = LINE('',#12788,#12789);
#12788 = CARTESIAN_POINT('',(-0.16,-0.32,8.54));
#12789 = VECTOR('',#12790,1.);
#12790 = DIRECTION('',(0.,1.,0.));
#12791 = PLANE('',#12792);
#12792 = AXIS2_PLACEMENT_3D('',#12793,#12794,#12795);
#12793 = CARTESIAN_POINT('',(-0.24,-0.32,8.46));
#12794 = DIRECTION('',(0.707106781187,1.735167508357E-18,-0.707106781187
    ));
#12795 = DIRECTION('',(-1.226948711654E-18,1.,1.226948711654E-18));
#12796 = ADVANCED_FACE('',(#12797),#12808,.F.);
#12797 = FACE_BOUND('',#12798,.T.);
#12798 = EDGE_LOOP('',(#12799,#12800,#12801,#12802));
#12799 = ORIENTED_EDGE('',*,*,#12776,.F.);
#12800 = ORIENTED_EDGE('',*,*,#12227,.T.);
#12801 = ORIENTED_EDGE('',*,*,#12721,.T.);
#12802 = ORIENTED_EDGE('',*,*,#12803,.F.);
#12803 = EDGE_CURVE('',#12777,#12722,#12804,.T.);
#12804 = LINE('',#12805,#12806);
#12805 = CARTESIAN_POINT('',(-0.32,-0.16,8.54));
#12806 = VECTOR('',#12807,1.);
#12807 = DIRECTION('',(1.,0.,0.));
#12808 = PLANE('',#12809);
#12809 = AXIS2_PLACEMENT_3D('',#12810,#12811,#12812);
#12810 = CARTESIAN_POINT('',(-0.32,-0.24,8.46));
#12811 = DIRECTION('',(-1.735167508357E-18,0.707106781187,
    -0.707106781187));
#12812 = DIRECTION('',(-1.,-1.226948711654E-18,1.226948711654E-18));
#12813 = ADVANCED_FACE('',(#12814),#12839,.F.);
#12814 = FACE_BOUND('',#12815,.T.);
#12815 = EDGE_LOOP('',(#12816,#12824,#12825,#12833));
#12816 = ORIENTED_EDGE('',*,*,#12817,.F.);
#12817 = EDGE_CURVE('',#12251,#12818,#12820,.T.);
#12818 = VERTEX_POINT('',#12819);
#12819 = CARTESIAN_POINT('',(-0.16,-2.7,8.54));
#12820 = LINE('',#12821,#12822);
#12821 = CARTESIAN_POINT('',(-0.266666666667,-2.806666666667,
    8.433333333333));
#12822 = VECTOR('',#12823,1.);
#12823 = DIRECTION('',(0.57735026919,0.57735026919,0.57735026919));
#12824 = ORIENTED_EDGE('',*,*,#12258,.T.);
#12825 = ORIENTED_EDGE('',*,*,#12826,.T.);
#12826 = EDGE_CURVE('',#12242,#12827,#12829,.T.);
#12827 = VERTEX_POINT('',#12828);
#12828 = CARTESIAN_POINT('',(0.16,-2.7,8.54));
#12829 = LINE('',#12830,#12831);
#12830 = CARTESIAN_POINT('',(0.16,-2.7,8.54));
#12831 = VECTOR('',#12832,1.);
#12832 = DIRECTION('',(-0.57735026919,0.57735026919,0.57735026919));
#12833 = ORIENTED_EDGE('',*,*,#12834,.F.);
#12834 = EDGE_CURVE('',#12818,#12827,#12835,.T.);
#12835 = LINE('',#12836,#12837);
#12836 = CARTESIAN_POINT('',(-0.32,-2.7,8.54));
#12837 = VECTOR('',#12838,1.);
#12838 = DIRECTION('',(1.,0.,0.));
#12839 = PLANE('',#12840);
#12840 = AXIS2_PLACEMENT_3D('',#12841,#12842,#12843);
#12841 = CARTESIAN_POINT('',(-0.32,-2.78,8.46));
#12842 = DIRECTION('',(-1.735167508357E-18,0.707106781187,
    -0.707106781187));
#12843 = DIRECTION('',(-1.,-1.226948711654E-18,1.226948711654E-18));
#12844 = ADVANCED_FACE('',(#12845),#12863,.T.);
#12845 = FACE_BOUND('',#12846,.T.);
#12846 = EDGE_LOOP('',(#12847,#12848,#12849,#12857));
#12847 = ORIENTED_EDGE('',*,*,#12826,.F.);
#12848 = ORIENTED_EDGE('',*,*,#12282,.T.);
#12849 = ORIENTED_EDGE('',*,*,#12850,.T.);
#12850 = EDGE_CURVE('',#12275,#12851,#12853,.T.);
#12851 = VERTEX_POINT('',#12852);
#12852 = CARTESIAN_POINT('',(0.16,-2.38,8.54));
#12853 = LINE('',#12854,#12855);
#12854 = CARTESIAN_POINT('',(5.333333333333E-02,-2.486666666667,
    8.646666666667));
#12855 = VECTOR('',#12856,1.);
#12856 = DIRECTION('',(-0.57735026919,-0.57735026919,0.57735026919));
#12857 = ORIENTED_EDGE('',*,*,#12858,.F.);
#12858 = EDGE_CURVE('',#12827,#12851,#12859,.T.);
#12859 = LINE('',#12860,#12861);
#12860 = CARTESIAN_POINT('',(0.16,-2.86,8.54));
#12861 = VECTOR('',#12862,1.);
#12862 = DIRECTION('',(0.,1.,0.));
#12863 = PLANE('',#12864);
#12864 = AXIS2_PLACEMENT_3D('',#12865,#12866,#12867);
#12865 = CARTESIAN_POINT('',(0.24,-2.86,8.46));
#12866 = DIRECTION('',(0.707106781187,-1.735167508357E-18,0.707106781187
    ));
#12867 = DIRECTION('',(1.226948711654E-18,1.,1.226948711654E-18));
#12868 = ADVANCED_FACE('',(#12869),#12887,.T.);
#12869 = FACE_BOUND('',#12870,.F.);
#12870 = EDGE_LOOP('',(#12871,#12879,#12880,#12881));
#12871 = ORIENTED_EDGE('',*,*,#12872,.F.);
#12872 = EDGE_CURVE('',#12299,#12873,#12875,.T.);
#12873 = VERTEX_POINT('',#12874);
#12874 = CARTESIAN_POINT('',(-0.16,-2.38,8.54));
#12875 = LINE('',#12876,#12877);
#12876 = CARTESIAN_POINT('',(-0.16,-2.38,8.54));
#12877 = VECTOR('',#12878,1.);
#12878 = DIRECTION('',(0.57735026919,-0.57735026919,0.57735026919));
#12879 = ORIENTED_EDGE('',*,*,#12306,.T.);
#12880 = ORIENTED_EDGE('',*,*,#12850,.T.);
#12881 = ORIENTED_EDGE('',*,*,#12882,.F.);
#12882 = EDGE_CURVE('',#12873,#12851,#12883,.T.);
#12883 = LINE('',#12884,#12885);
#12884 = CARTESIAN_POINT('',(-0.32,-2.38,8.54));
#12885 = VECTOR('',#12886,1.);
#12886 = DIRECTION('',(1.,0.,0.));
#12887 = PLANE('',#12888);
#12888 = AXIS2_PLACEMENT_3D('',#12889,#12890,#12891);
#12889 = CARTESIAN_POINT('',(-0.32,-2.3,8.46));
#12890 = DIRECTION('',(1.735167508357E-18,0.707106781187,0.707106781187)
  );
#12891 = DIRECTION('',(-1.,1.226948711654E-18,1.226948711654E-18));
#12892 = ADVANCED_FACE('',(#12893),#12904,.F.);
#12893 = FACE_BOUND('',#12894,.F.);
#12894 = EDGE_LOOP('',(#12895,#12896,#12897,#12898));
#12895 = ORIENTED_EDGE('',*,*,#12817,.F.);
#12896 = ORIENTED_EDGE('',*,*,#12323,.T.);
#12897 = ORIENTED_EDGE('',*,*,#12872,.T.);
#12898 = ORIENTED_EDGE('',*,*,#12899,.F.);
#12899 = EDGE_CURVE('',#12818,#12873,#12900,.T.);
#12900 = LINE('',#12901,#12902);
#12901 = CARTESIAN_POINT('',(-0.16,-2.86,8.54));
#12902 = VECTOR('',#12903,1.);
#12903 = DIRECTION('',(0.,1.,0.));
#12904 = PLANE('',#12905);
#12905 = AXIS2_PLACEMENT_3D('',#12906,#12907,#12908);
#12906 = CARTESIAN_POINT('',(-0.24,-2.86,8.46));
#12907 = DIRECTION('',(0.707106781187,1.735167508357E-18,-0.707106781187
    ));
#12908 = DIRECTION('',(-1.226948711654E-18,1.,1.226948711654E-18));
#12909 = ADVANCED_FACE('',(#12910),#12935,.T.);
#12910 = FACE_BOUND('',#12911,.F.);
#12911 = EDGE_LOOP('',(#12912,#12920,#12921,#12929));
#12912 = ORIENTED_EDGE('',*,*,#12913,.F.);
#12913 = EDGE_CURVE('',#12347,#12914,#12916,.T.);
#12914 = VERTEX_POINT('',#12915);
#12915 = CARTESIAN_POINT('',(-0.16,-4.92,8.54));
#12916 = LINE('',#12917,#12918);
#12917 = CARTESIAN_POINT('',(-0.16,-4.92,8.54));
#12918 = VECTOR('',#12919,1.);
#12919 = DIRECTION('',(0.57735026919,-0.57735026919,0.57735026919));
#12920 = ORIENTED_EDGE('',*,*,#12354,.T.);
#12921 = ORIENTED_EDGE('',*,*,#12922,.T.);
#12922 = EDGE_CURVE('',#12338,#12923,#12925,.T.);
#12923 = VERTEX_POINT('',#12924);
#12924 = CARTESIAN_POINT('',(0.16,-4.92,8.54));
#12925 = LINE('',#12926,#12927);
#12926 = CARTESIAN_POINT('',(5.333333333333E-02,-5.026666666667,
    8.646666666667));
#12927 = VECTOR('',#12928,1.);
#12928 = DIRECTION('',(-0.57735026919,-0.57735026919,0.57735026919));
#12929 = ORIENTED_EDGE('',*,*,#12930,.F.);
#12930 = EDGE_CURVE('',#12914,#12923,#12931,.T.);
#12931 = LINE('',#12932,#12933);
#12932 = CARTESIAN_POINT('',(-0.32,-4.92,8.54));
#12933 = VECTOR('',#12934,1.);
#12934 = DIRECTION('',(1.,0.,0.));
#12935 = PLANE('',#12936);
#12936 = AXIS2_PLACEMENT_3D('',#12937,#12938,#12939);
#12937 = CARTESIAN_POINT('',(-0.32,-4.84,8.46));
#12938 = DIRECTION('',(1.735167508357E-18,0.707106781187,0.707106781187)
  );
#12939 = DIRECTION('',(-1.,1.226948711654E-18,1.226948711654E-18));
#12940 = ADVANCED_FACE('',(#12941),#12959,.F.);
#12941 = FACE_BOUND('',#12942,.F.);
#12942 = EDGE_LOOP('',(#12943,#12951,#12952,#12953));
#12943 = ORIENTED_EDGE('',*,*,#12944,.F.);
#12944 = EDGE_CURVE('',#12369,#12945,#12947,.T.);
#12945 = VERTEX_POINT('',#12946);
#12946 = CARTESIAN_POINT('',(-0.16,-5.24,8.54));
#12947 = LINE('',#12948,#12949);
#12948 = CARTESIAN_POINT('',(-0.266666666667,-5.346666666667,
    8.433333333333));
#12949 = VECTOR('',#12950,1.);
#12950 = DIRECTION('',(0.57735026919,0.57735026919,0.57735026919));
#12951 = ORIENTED_EDGE('',*,*,#12378,.T.);
#12952 = ORIENTED_EDGE('',*,*,#12913,.T.);
#12953 = ORIENTED_EDGE('',*,*,#12954,.F.);
#12954 = EDGE_CURVE('',#12945,#12914,#12955,.T.);
#12955 = LINE('',#12956,#12957);
#12956 = CARTESIAN_POINT('',(-0.16,-5.4,8.54));
#12957 = VECTOR('',#12958,1.);
#12958 = DIRECTION('',(0.,1.,0.));
#12959 = PLANE('',#12960);
#12960 = AXIS2_PLACEMENT_3D('',#12961,#12962,#12963);
#12961 = CARTESIAN_POINT('',(-0.24,-5.4,8.46));
#12962 = DIRECTION('',(0.707106781187,1.735167508357E-18,-0.707106781187
    ));
#12963 = DIRECTION('',(-1.226948711654E-18,1.,1.226948711654E-18));
#12964 = ADVANCED_FACE('',(#12965),#12983,.F.);
#12965 = FACE_BOUND('',#12966,.T.);
#12966 = EDGE_LOOP('',(#12967,#12968,#12969,#12977));
#12967 = ORIENTED_EDGE('',*,*,#12944,.F.);
#12968 = ORIENTED_EDGE('',*,*,#12402,.T.);
#12969 = ORIENTED_EDGE('',*,*,#12970,.T.);
#12970 = EDGE_CURVE('',#12393,#12971,#12973,.T.);
#12971 = VERTEX_POINT('',#12972);
#12972 = CARTESIAN_POINT('',(0.16,-5.24,8.54));
#12973 = LINE('',#12974,#12975);
#12974 = CARTESIAN_POINT('',(0.16,-5.24,8.54));
#12975 = VECTOR('',#12976,1.);
#12976 = DIRECTION('',(-0.57735026919,0.57735026919,0.57735026919));
#12977 = ORIENTED_EDGE('',*,*,#12978,.F.);
#12978 = EDGE_CURVE('',#12945,#12971,#12979,.T.);
#12979 = LINE('',#12980,#12981);
#12980 = CARTESIAN_POINT('',(-0.32,-5.24,8.54));
#12981 = VECTOR('',#12982,1.);
#12982 = DIRECTION('',(1.,0.,0.));
#12983 = PLANE('',#12984);
#12984 = AXIS2_PLACEMENT_3D('',#12985,#12986,#12987);
#12985 = CARTESIAN_POINT('',(-0.32,-5.32,8.46));
#12986 = DIRECTION('',(-1.735167508357E-18,0.707106781187,
    -0.707106781187));
#12987 = DIRECTION('',(-1.,-1.226948711654E-18,1.226948711654E-18));
#12988 = ADVANCED_FACE('',(#12989),#13000,.T.);
#12989 = FACE_BOUND('',#12990,.T.);
#12990 = EDGE_LOOP('',(#12991,#12992,#12993,#12994));
#12991 = ORIENTED_EDGE('',*,*,#12970,.F.);
#12992 = ORIENTED_EDGE('',*,*,#12419,.T.);
#12993 = ORIENTED_EDGE('',*,*,#12922,.T.);
#12994 = ORIENTED_EDGE('',*,*,#12995,.F.);
#12995 = EDGE_CURVE('',#12971,#12923,#12996,.T.);
#12996 = LINE('',#12997,#12998);
#12997 = CARTESIAN_POINT('',(0.16,-5.4,8.54));
#12998 = VECTOR('',#12999,1.);
#12999 = DIRECTION('',(0.,1.,0.));
#13000 = PLANE('',#13001);
#13001 = AXIS2_PLACEMENT_3D('',#13002,#13003,#13004);
#13002 = CARTESIAN_POINT('',(0.24,-5.4,8.46));
#13003 = DIRECTION('',(0.707106781187,-1.735167508357E-18,0.707106781187
    ));
#13004 = DIRECTION('',(1.226948711654E-18,1.,1.226948711654E-18));
#13005 = ADVANCED_FACE('',(#13006),#13012,.F.);
#13006 = FACE_BOUND('',#13007,.F.);
#13007 = EDGE_LOOP('',(#13008,#13009,#13010,#13011));
#13008 = ORIENTED_EDGE('',*,*,#12474,.F.);
#13009 = ORIENTED_EDGE('',*,*,#12498,.F.);
#13010 = ORIENTED_EDGE('',*,*,#12515,.T.);
#13011 = ORIENTED_EDGE('',*,*,#12450,.T.);
#13012 = PLANE('',#13013);
#13013 = AXIS2_PLACEMENT_3D('',#13014,#13015,#13016);
#13014 = CARTESIAN_POINT('',(-0.32,-0.32,-3.));
#13015 = DIRECTION('',(0.,0.,1.));
#13016 = DIRECTION('',(1.,0.,-0.));
#13017 = ADVANCED_FACE('',(#13018),#13024,.F.);
#13018 = FACE_BOUND('',#13019,.F.);
#13019 = EDGE_LOOP('',(#13020,#13021,#13022,#13023));
#13020 = ORIENTED_EDGE('',*,*,#12594,.F.);
#13021 = ORIENTED_EDGE('',*,*,#12611,.F.);
#13022 = ORIENTED_EDGE('',*,*,#12546,.T.);
#13023 = ORIENTED_EDGE('',*,*,#12570,.T.);
#13024 = PLANE('',#13025);
#13025 = AXIS2_PLACEMENT_3D('',#13026,#13027,#13028);
#13026 = CARTESIAN_POINT('',(-0.32,-2.86,-3.));
#13027 = DIRECTION('',(0.,0.,1.));
#13028 = DIRECTION('',(1.,0.,-0.));
#13029 = ADVANCED_FACE('',(#13030),#13036,.F.);
#13030 = FACE_BOUND('',#13031,.F.);
#13031 = EDGE_LOOP('',(#13032,#13033,#13034,#13035));
#13032 = ORIENTED_EDGE('',*,*,#12642,.F.);
#13033 = ORIENTED_EDGE('',*,*,#12666,.F.);
#13034 = ORIENTED_EDGE('',*,*,#12690,.T.);
#13035 = ORIENTED_EDGE('',*,*,#12707,.T.);
#13036 = PLANE('',#13037);
#13037 = AXIS2_PLACEMENT_3D('',#13038,#13039,#13040);
#13038 = CARTESIAN_POINT('',(-0.32,-5.4,-3.));
#13039 = DIRECTION('',(0.,0.,1.));
#13040 = DIRECTION('',(1.,0.,-0.));
#13041 = ADVANCED_FACE('',(#13042),#13048,.T.);
#13042 = FACE_BOUND('',#13043,.T.);
#13043 = EDGE_LOOP('',(#13044,#13045,#13046,#13047));
#13044 = ORIENTED_EDGE('',*,*,#12803,.T.);
#13045 = ORIENTED_EDGE('',*,*,#12738,.T.);
#13046 = ORIENTED_EDGE('',*,*,#12762,.F.);
#13047 = ORIENTED_EDGE('',*,*,#12786,.F.);
#13048 = PLANE('',#13049);
#13049 = AXIS2_PLACEMENT_3D('',#13050,#13051,#13052);
#13050 = CARTESIAN_POINT('',(-0.32,-0.32,8.54));
#13051 = DIRECTION('',(0.,0.,1.));
#13052 = DIRECTION('',(1.,0.,-0.));
#13053 = ADVANCED_FACE('',(#13054),#13060,.T.);
#13054 = FACE_BOUND('',#13055,.T.);
#13055 = EDGE_LOOP('',(#13056,#13057,#13058,#13059));
#13056 = ORIENTED_EDGE('',*,*,#12834,.T.);
#13057 = ORIENTED_EDGE('',*,*,#12858,.T.);
#13058 = ORIENTED_EDGE('',*,*,#12882,.F.);
#13059 = ORIENTED_EDGE('',*,*,#12899,.F.);
#13060 = PLANE('',#13061);
#13061 = AXIS2_PLACEMENT_3D('',#13062,#13063,#13064);
#13062 = CARTESIAN_POINT('',(-0.32,-2.86,8.54));
#13063 = DIRECTION('',(0.,0.,1.));
#13064 = DIRECTION('',(1.,0.,-0.));
#13065 = ADVANCED_FACE('',(#13066),#13072,.T.);
#13066 = FACE_BOUND('',#13067,.T.);
#13067 = EDGE_LOOP('',(#13068,#13069,#13070,#13071));
#13068 = ORIENTED_EDGE('',*,*,#12978,.T.);
#13069 = ORIENTED_EDGE('',*,*,#12995,.T.);
#13070 = ORIENTED_EDGE('',*,*,#12930,.F.);
#13071 = ORIENTED_EDGE('',*,*,#12954,.F.);
#13072 = PLANE('',#13073);
#13073 = AXIS2_PLACEMENT_3D('',#13074,#13075,#13076);
#13074 = CARTESIAN_POINT('',(-0.32,-5.4,8.54));
#13075 = DIRECTION('',(0.,0.,1.));
#13076 = DIRECTION('',(1.,0.,-0.));
#13077 = ( GEOMETRIC_REPRESENTATION_CONTEXT(3) 
GLOBAL_UNCERTAINTY_ASSIGNED_CONTEXT((#13081)) 
GLOBAL_UNIT_ASSIGNED_CONTEXT((#13078,#13079,#13080)) 
REPRESENTATION_CONTEXT('Context #1',
  '3D Context with UNIT and UNCERTAINTY') );
#13078 = ( LENGTH_UNIT() NAMED_UNIT(*) SI_UNIT(.MILLI.,.METRE.) );
#13079 = ( NAMED_UNIT(*) PLANE_ANGLE_UNIT() SI_UNIT($,.RADIAN.) );
#13080 = ( NAMED_UNIT(*) SI_UNIT($,.STERADIAN.) SOLID_ANGLE_UNIT() );
#13081 = UNCERTAINTY_MEASURE_WITH_UNIT(LENGTH_MEASURE(1.E-07),#13078,
  'distance_accuracy_value','confusion accuracy');
#13082 = CONTEXT_DEPENDENT_SHAPE_REPRESENTATION(#13083,#13085);
#13083 = ( REPRESENTATION_RELATIONSHIP('','',#10970,#10947) 
REPRESENTATION_RELATIONSHIP_WITH_TRANSFORMATION(#13084) 
SHAPE_REPRESENTATION_RELATIONSHIP() );
#13084 = ITEM_DEFINED_TRANSFORMATION('','',#11,#10948);
#13085 = PRODUCT_DEFINITION_SHAPE('Placement','Placement of an item',
  #13086);
#13086 = NEXT_ASSEMBLY_USAGE_OCCURRENCE('16','=>[0:1:1:9]','',#10942,
  #10965,$);
#13087 = PRODUCT_RELATED_PRODUCT_CATEGORY('part',$,(#10967));
#13088 = CONTEXT_DEPENDENT_SHAPE_REPRESENTATION(#13089,#13091);
#13089 = ( REPRESENTATION_RELATIONSHIP('','',#10510,#10) 
REPRESENTATION_RELATIONSHIP_WITH_TRANSFORMATION(#13090) 
SHAPE_REPRESENTATION_RELATIONSHIP() );
#13090 = ITEM_DEFINED_TRANSFORMATION('','',#11,#67);
#13091 = PRODUCT_DEFINITION_SHAPE('Placement','Placement of an item',
  #13092);
#13092 = NEXT_ASSEMBLY_USAGE_OCCURRENCE('18','D18','',#5,#10505,$);
#13093 = CONTEXT_DEPENDENT_SHAPE_REPRESENTATION(#13094,#13096);
#13094 = ( REPRESENTATION_RELATIONSHIP('','',#10510,#10) 
REPRESENTATION_RELATIONSHIP_WITH_TRANSFORMATION(#13095) 
SHAPE_REPRESENTATION_RELATIONSHIP() );
#13095 = ITEM_DEFINED_TRANSFORMATION('','',#11,#71);
#13096 = PRODUCT_DEFINITION_SHAPE('Placement','Placement of an item',
  #13097);
#13097 = NEXT_ASSEMBLY_USAGE_OCCURRENCE('19','D11','',#5,#10505,$);
#13098 = CONTEXT_DEPENDENT_SHAPE_REPRESENTATION(#13099,#13101);
#13099 = ( REPRESENTATION_RELATIONSHIP('','',#176,#10) 
REPRESENTATION_RELATIONSHIP_WITH_TRANSFORMATION(#13100) 
SHAPE_REPRESENTATION_RELATIONSHIP() );
#13100 = ITEM_DEFINED_TRANSFORMATION('','',#11,#75);
#13101 = PRODUCT_DEFINITION_SHAPE('Placement','Placement of an item',
  #13102);
#13102 = NEXT_ASSEMBLY_USAGE_OCCURRENCE('20','SW2','',#5,#171,$);
#13103 = CONTEXT_DEPENDENT_SHAPE_REPRESENTATION(#13104,#13106);
#13104 = ( REPRESENTATION_RELATIONSHIP('','',#10510,#10) 
REPRESENTATION_RELATIONSHIP_WITH_TRANSFORMATION(#13105) 
SHAPE_REPRESENTATION_RELATIONSHIP() );
#13105 = ITEM_DEFINED_TRANSFORMATION('','',#11,#79);
#13106 = PRODUCT_DEFINITION_SHAPE('Placement','Placement of an item',
  #13107);
#13107 = NEXT_ASSEMBLY_USAGE_OCCURRENCE('21','D6','',#5,#10505,$);
#13108 = CONTEXT_DEPENDENT_SHAPE_REPRESENTATION(#13109,#13111);
#13109 = ( REPRESENTATION_RELATIONSHIP('','',#10510,#10) 
REPRESENTATION_RELATIONSHIP_WITH_TRANSFORMATION(#13110) 
SHAPE_REPRESENTATION_RELATIONSHIP() );
#13110 = ITEM_DEFINED_TRANSFORMATION('','',#11,#83);
#13111 = PRODUCT_DEFINITION_SHAPE('Placement','Placement of an item',
  #13112);
#13112 = NEXT_ASSEMBLY_USAGE_OCCURRENCE('22','D5','',#5,#10505,$);
#13113 = CONTEXT_DEPENDENT_SHAPE_REPRESENTATION(#13114,#13116);
#13114 = ( REPRESENTATION_RELATIONSHIP('','',#10510,#10) 
REPRESENTATION_RELATIONSHIP_WITH_TRANSFORMATION(#13115) 
SHAPE_REPRESENTATION_RELATIONSHIP() );
#13115 = ITEM_DEFINED_TRANSFORMATION('','',#11,#87);
#13116 = PRODUCT_DEFINITION_SHAPE('Placement','Placement of an item',
  #13117);
#13117 = NEXT_ASSEMBLY_USAGE_OCCURRENCE('23','D17','',#5,#10505,$);
#13118 = CONTEXT_DEPENDENT_SHAPE_REPRESENTATION(#13119,#13121);
#13119 = ( REPRESENTATION_RELATIONSHIP('','',#176,#10) 
REPRESENTATION_RELATIONSHIP_WITH_TRANSFORMATION(#13120) 
SHAPE_REPRESENTATION_RELATIONSHIP() );
#13120 = ITEM_DEFINED_TRANSFORMATION('','',#11,#91);
#13121 = PRODUCT_DEFINITION_SHAPE('Placement','Placement of an item',
  #13122);
#13122 = NEXT_ASSEMBLY_USAGE_OCCURRENCE('24','SW9','',#5,#171,$);
#13123 = CONTEXT_DEPENDENT_SHAPE_REPRESENTATION(#13124,#13126);
#13124 = ( REPRESENTATION_RELATIONSHIP('','',#176,#10) 
REPRESENTATION_RELATIONSHIP_WITH_TRANSFORMATION(#13125) 
SHAPE_REPRESENTATION_RELATIONSHIP() );
#13125 = ITEM_DEFINED_TRANSFORMATION('','',#11,#95);
#13126 = PRODUCT_DEFINITION_SHAPE('Placement','Placement of an item',
  #13127);
#13127 = NEXT_ASSEMBLY_USAGE_OCCURRENCE('25','SW6','',#5,#171,$);
#13128 = CONTEXT_DEPENDENT_SHAPE_REPRESENTATION(#13129,#13131);
#13129 = ( REPRESENTATION_RELATIONSHIP('','',#176,#10) 
REPRESENTATION_RELATIONSHIP_WITH_TRANSFORMATION(#13130) 
SHAPE_REPRESENTATION_RELATIONSHIP() );
#13130 = ITEM_DEFINED_TRANSFORMATION('','',#11,#99);
#13131 = PRODUCT_DEFINITION_SHAPE('Placement','Placement of an item',
  #13132);
#13132 = NEXT_ASSEMBLY_USAGE_OCCURRENCE('26','SW5','',#5,#171,$);
#13133 = CONTEXT_DEPENDENT_SHAPE_REPRESENTATION(#13134,#13136);
#13134 = ( REPRESENTATION_RELATIONSHIP('','',#10510,#10) 
REPRESENTATION_RELATIONSHIP_WITH_TRANSFORMATION(#13135) 
SHAPE_REPRESENTATION_RELATIONSHIP() );
#13135 = ITEM_DEFINED_TRANSFORMATION('','',#11,#103);
#13136 = PRODUCT_DEFINITION_SHAPE('Placement','Placement of an item',
  #13137);
#13137 = NEXT_ASSEMBLY_USAGE_OCCURRENCE('27','D15','',#5,#10505,$);
#13138 = CONTEXT_DEPENDENT_SHAPE_REPRESENTATION(#13139,#13141);
#13139 = ( REPRESENTATION_RELATIONSHIP('','',#176,#10) 
REPRESENTATION_RELATIONSHIP_WITH_TRANSFORMATION(#13140) 
SHAPE_REPRESENTATION_RELATIONSHIP() );
#13140 = ITEM_DEFINED_TRANSFORMATION('','',#11,#107);
#13141 = PRODUCT_DEFINITION_SHAPE('Placement','Placement of an item',
  #13142);
#13142 = NEXT_ASSEMBLY_USAGE_OCCURRENCE('28','SW3','',#5,#171,$);
#13143 = CONTEXT_DEPENDENT_SHAPE_REPRESENTATION(#13144,#13146);
#13144 = ( REPRESENTATION_RELATIONSHIP('','',#176,#10) 
REPRESENTATION_RELATIONSHIP_WITH_TRANSFORMATION(#13145) 
SHAPE_REPRESENTATION_RELATIONSHIP() );
#13145 = ITEM_DEFINED_TRANSFORMATION('','',#11,#111);
#13146 = PRODUCT_DEFINITION_SHAPE('Placement','Placement of an item',
  #13147);
#13147 = NEXT_ASSEMBLY_USAGE_OCCURRENCE('29','SW4','',#5,#171,$);
#13148 = CONTEXT_DEPENDENT_SHAPE_REPRESENTATION(#13149,#13151);
#13149 = ( REPRESENTATION_RELATIONSHIP('','',#176,#10) 
REPRESENTATION_RELATIONSHIP_WITH_TRANSFORMATION(#13150) 
SHAPE_REPRESENTATION_RELATIONSHIP() );
#13150 = ITEM_DEFINED_TRANSFORMATION('','',#11,#115);
#13151 = PRODUCT_DEFINITION_SHAPE('Placement','Placement of an item',
  #13152);
#13152 = NEXT_ASSEMBLY_USAGE_OCCURRENCE('30','SW11','',#5,#171,$);
#13153 = CONTEXT_DEPENDENT_SHAPE_REPRESENTATION(#13154,#13156);
#13154 = ( REPRESENTATION_RELATIONSHIP('','',#10510,#10) 
REPRESENTATION_RELATIONSHIP_WITH_TRANSFORMATION(#13155) 
SHAPE_REPRESENTATION_RELATIONSHIP() );
#13155 = ITEM_DEFINED_TRANSFORMATION('','',#11,#119);
#13156 = PRODUCT_DEFINITION_SHAPE('Placement','Placement of an item',
  #13157);
#13157 = NEXT_ASSEMBLY_USAGE_OCCURRENCE('31','D4','',#5,#10505,$);
#13158 = CONTEXT_DEPENDENT_SHAPE_REPRESENTATION(#13159,#13161);
#13159 = ( REPRESENTATION_RELATIONSHIP('','',#176,#10) 
REPRESENTATION_RELATIONSHIP_WITH_TRANSFORMATION(#13160) 
SHAPE_REPRESENTATION_RELATIONSHIP() );
#13160 = ITEM_DEFINED_TRANSFORMATION('','',#11,#123);
#13161 = PRODUCT_DEFINITION_SHAPE('Placement','Placement of an item',
  #13162);
#13162 = NEXT_ASSEMBLY_USAGE_OCCURRENCE('32','SW15','',#5,#171,$);
#13163 = CONTEXT_DEPENDENT_SHAPE_REPRESENTATION(#13164,#13166);
#13164 = ( REPRESENTATION_RELATIONSHIP('','',#10510,#10) 
REPRESENTATION_RELATIONSHIP_WITH_TRANSFORMATION(#13165) 
SHAPE_REPRESENTATION_RELATIONSHIP() );
#13165 = ITEM_DEFINED_TRANSFORMATION('','',#11,#127);
#13166 = PRODUCT_DEFINITION_SHAPE('Placement','Placement of an item',
  #13167);
#13167 = NEXT_ASSEMBLY_USAGE_OCCURRENCE('33','D9','',#5,#10505,$);
#13168 = CONTEXT_DEPENDENT_SHAPE_REPRESENTATION(#13169,#13171);
#13169 = ( REPRESENTATION_RELATIONSHIP('','',#10510,#10) 
REPRESENTATION_RELATIONSHIP_WITH_TRANSFORMATION(#13170) 
SHAPE_REPRESENTATION_RELATIONSHIP() );
#13170 = ITEM_DEFINED_TRANSFORMATION('','',#11,#131);
#13171 = PRODUCT_DEFINITION_SHAPE('Placement','Placement of an item',
  #13172);
#13172 = NEXT_ASSEMBLY_USAGE_OCCURRENCE('34','D2','',#5,#10505,$);
#13173 = CONTEXT_DEPENDENT_SHAPE_REPRESENTATION(#13174,#13176);
#13174 = ( REPRESENTATION_RELATIONSHIP('','',#176,#10) 
REPRESENTATION_RELATIONSHIP_WITH_TRANSFORMATION(#13175) 
SHAPE_REPRESENTATION_RELATIONSHIP() );
#13175 = ITEM_DEFINED_TRANSFORMATION('','',#11,#135);
#13176 = PRODUCT_DEFINITION_SHAPE('Placement','Placement of an item',
  #13177);
#13177 = NEXT_ASSEMBLY_USAGE_OCCURRENCE('35','SW13','',#5,#171,$);
#13178 = CONTEXT_DEPENDENT_SHAPE_REPRESENTATION(#13179,#13181);
#13179 = ( REPRESENTATION_RELATIONSHIP('','',#10510,#10) 
REPRESENTATION_RELATIONSHIP_WITH_TRANSFORMATION(#13180) 
SHAPE_REPRESENTATION_RELATIONSHIP() );
#13180 = ITEM_DEFINED_TRANSFORMATION('','',#11,#139);
#13181 = PRODUCT_DEFINITION_SHAPE('Placement','Placement of an item',
  #13182);
#13182 = NEXT_ASSEMBLY_USAGE_OCCURRENCE('36','D14','',#5,#10505,$);
#13183 = CONTEXT_DEPENDENT_SHAPE_REPRESENTATION(#13184,#13186);
#13184 = ( REPRESENTATION_RELATIONSHIP('','',#10510,#10) 
REPRESENTATION_RELATIONSHIP_WITH_TRANSFORMATION(#13185) 
SHAPE_REPRESENTATION_RELATIONSHIP() );
#13185 = ITEM_DEFINED_TRANSFORMATION('','',#11,#143);
#13186 = PRODUCT_DEFINITION_SHAPE('Placement','Placement of an item',
  #13187);
#13187 = NEXT_ASSEMBLY_USAGE_OCCURRENCE('37','D3','',#5,#10505,$);
#13188 = CONTEXT_DEPENDENT_SHAPE_REPRESENTATION(#13189,#13191);
#13189 = ( REPRESENTATION_RELATIONSHIP('','',#176,#10) 
REPRESENTATION_RELATIONSHIP_WITH_TRANSFORMATION(#13190) 
SHAPE_REPRESENTATION_RELATIONSHIP() );
#13190 = ITEM_DEFINED_TRANSFORMATION('','',#11,#147);
#13191 = PRODUCT_DEFINITION_SHAPE('Placement','Placement of an item',
  #13192);
#13192 = NEXT_ASSEMBLY_USAGE_OCCURRENCE('38','SW10','',#5,#171,$);
#13193 = CONTEXT_DEPENDENT_SHAPE_REPRESENTATION(#13194,#13196);
#13194 = ( REPRESENTATION_RELATIONSHIP('','',#10510,#10) 
REPRESENTATION_RELATIONSHIP_WITH_TRANSFORMATION(#13195) 
SHAPE_REPRESENTATION_RELATIONSHIP() );
#13195 = ITEM_DEFINED_TRANSFORMATION('','',#11,#151);
#13196 = PRODUCT_DEFINITION_SHAPE('Placement','Placement of an item',
  #13197);
#13197 = NEXT_ASSEMBLY_USAGE_OCCURRENCE('39','D12','',#5,#10505,$);
#13198 = CONTEXT_DEPENDENT_SHAPE_REPRESENTATION(#13199,#13201);
#13199 = ( REPRESENTATION_RELATIONSHIP('','',#10510,#10) 
REPRESENTATION_RELATIONSHIP_WITH_TRANSFORMATION(#13200) 
SHAPE_REPRESENTATION_RELATIONSHIP() );
#13200 = ITEM_DEFINED_TRANSFORMATION('','',#11,#155);
#13201 = PRODUCT_DEFINITION_SHAPE('Placement','Placement of an item',
  #13202);
#13202 = NEXT_ASSEMBLY_USAGE_OCCURRENCE('40','D10','',#5,#10505,$);
#13203 = SHAPE_DEFINITION_REPRESENTATION(#13204,#13210);
#13204 = PRODUCT_DEFINITION_SHAPE('','',#13205);
#13205 = PRODUCT_DEFINITION('design','',#13206,#13209);
#13206 = PRODUCT_DEFINITION_FORMATION('','',#13207);
#13207 = PRODUCT('Gregory_PCB','Gregory_PCB','',(#13208));
#13208 = PRODUCT_CONTEXT('',#2,'mechanical');
#13209 = PRODUCT_DEFINITION_CONTEXT('part definition',#2,'design');
#13210 = ADVANCED_BREP_SHAPE_REPRESENTATION('',(#11,#13211),#19319);
#13211 = MANIFOLD_SOLID_BREP('',#13212);
#13212 = CLOSED_SHELL('',(#13213,#13255,#13286,#13317,#15003,#16689,
    #16706,#16723,#16740,#16757,#16769,#16786,#16803,#16820,#16837,
    #16854,#16871,#16888,#16905,#16922,#16939,#16956,#16973,#16990,
    #17007,#17024,#17041,#17058,#17075,#17092,#17109,#17126,#17143,
    #17160,#17177,#17194,#17211,#17228,#17245,#17262,#17279,#17296,
    #17313,#17330,#17347,#17364,#17381,#17398,#17415,#17432,#17449,
    #17466,#17483,#17500,#17517,#17534,#17551,#17568,#17585,#17602,
    #17619,#17636,#17653,#17670,#17687,#17704,#17721,#17738,#17755,
    #17772,#17789,#17806,#17823,#17840,#17857,#17874,#17891,#17908,
    #17925,#17942,#17959,#17976,#17993,#18010,#18027,#18044,#18061,
    #18078,#18095,#18112,#18129,#18146,#18163,#18180,#18197,#18214,
    #18231,#18248,#18265,#18282,#18299,#18316,#18333,#18350,#18367,
    #18384,#18401,#18418,#18440,#18457,#18474,#18486,#18503,#18520,
    #18537,#18554,#18576,#18593,#18610,#18622,#18639,#18656,#18673,
    #18690,#18707,#18724,#18741,#18758,#18775,#18792,#18809,#18826,
    #18843,#18860,#18877,#18894,#18911,#18928,#18945,#18962,#18979,
    #18996,#19013,#19030,#19047,#19064,#19081,#19098,#19115,#19132,
    #19149,#19166,#19183,#19200,#19217,#19234,#19251,#19268,#19285,
    #19302));
#13213 = ADVANCED_FACE('',(#13214),#13250,.T.);
#13214 = FACE_BOUND('',#13215,.T.);
#13215 = EDGE_LOOP('',(#13216,#13226,#13235,#13243));
#13216 = ORIENTED_EDGE('',*,*,#13217,.T.);
#13217 = EDGE_CURVE('',#13218,#13220,#13222,.T.);
#13218 = VERTEX_POINT('',#13219);
#13219 = CARTESIAN_POINT('',(50.111777,55.375,0.));
#13220 = VERTEX_POINT('',#13221);
#13221 = CARTESIAN_POINT('',(50.111777,55.375,1.51));
#13222 = LINE('',#13223,#13224);
#13223 = CARTESIAN_POINT('',(50.111777,55.375,0.));
#13224 = VECTOR('',#13225,1.);
#13225 = DIRECTION('',(0.,0.,1.));
#13226 = ORIENTED_EDGE('',*,*,#13227,.T.);
#13227 = EDGE_CURVE('',#13220,#13228,#13230,.T.);
#13228 = VERTEX_POINT('',#13229);
#13229 = CARTESIAN_POINT('',(54.888224,50.827855,1.51));
#13230 = CIRCLE('',#13231,5.877111420866);
#13231 = AXIS2_PLACEMENT_3D('',#13232,#13233,#13234);
#13232 = CARTESIAN_POINT('',(49.145582169615,49.577853615527,1.51));
#13233 = DIRECTION('',(0.,0.,-1.));
#13234 = DIRECTION('',(0.164399610828,0.986393819911,0.));
#13235 = ORIENTED_EDGE('',*,*,#13236,.F.);
#13236 = EDGE_CURVE('',#13237,#13228,#13239,.T.);
#13237 = VERTEX_POINT('',#13238);
#13238 = CARTESIAN_POINT('',(54.888224,50.827855,0.));
#13239 = LINE('',#13240,#13241);
#13240 = CARTESIAN_POINT('',(54.888224,50.827855,0.));
#13241 = VECTOR('',#13242,1.);
#13242 = DIRECTION('',(0.,0.,1.));
#13243 = ORIENTED_EDGE('',*,*,#13244,.F.);
#13244 = EDGE_CURVE('',#13218,#13237,#13245,.T.);
#13245 = CIRCLE('',#13246,5.877111420866);
#13246 = AXIS2_PLACEMENT_3D('',#13247,#13248,#13249);
#13247 = CARTESIAN_POINT('',(49.145582169615,49.577853615527,0.));
#13248 = DIRECTION('',(0.,0.,-1.));
#13249 = DIRECTION('',(0.164399610828,0.986393819911,0.));
#13250 = CYLINDRICAL_SURFACE('',#13251,5.877111420866);
#13251 = AXIS2_PLACEMENT_3D('',#13252,#13253,#13254);
#13252 = CARTESIAN_POINT('',(49.145582169615,49.577853615527,0.));
#13253 = DIRECTION('',(0.,0.,-1.));
#13254 = DIRECTION('',(0.164399610828,0.986393819911,0.));
#13255 = ADVANCED_FACE('',(#13256),#13281,.T.);
#13256 = FACE_BOUND('',#13257,.T.);
#13257 = EDGE_LOOP('',(#13258,#13268,#13274,#13275));
#13258 = ORIENTED_EDGE('',*,*,#13259,.T.);
#13259 = EDGE_CURVE('',#13260,#13262,#13264,.T.);
#13260 = VERTEX_POINT('',#13261);
#13261 = CARTESIAN_POINT('',(-47.888223,55.375,0.));
#13262 = VERTEX_POINT('',#13263);
#13263 = CARTESIAN_POINT('',(-47.888223,55.375,1.51));
#13264 = LINE('',#13265,#13266);
#13265 = CARTESIAN_POINT('',(-47.888223,55.375,0.));
#13266 = VECTOR('',#13267,1.);
#13267 = DIRECTION('',(0.,0.,1.));
#13268 = ORIENTED_EDGE('',*,*,#13269,.T.);
#13269 = EDGE_CURVE('',#13262,#13220,#13270,.T.);
#13270 = LINE('',#13271,#13272);
#13271 = CARTESIAN_POINT('',(-47.888223,55.375,1.51));
#13272 = VECTOR('',#13273,1.);
#13273 = DIRECTION('',(1.,0.,0.));
#13274 = ORIENTED_EDGE('',*,*,#13217,.F.);
#13275 = ORIENTED_EDGE('',*,*,#13276,.F.);
#13276 = EDGE_CURVE('',#13260,#13218,#13277,.T.);
#13277 = LINE('',#13278,#13279);
#13278 = CARTESIAN_POINT('',(-47.888223,55.375,0.));
#13279 = VECTOR('',#13280,1.);
#13280 = DIRECTION('',(1.,0.,0.));
#13281 = PLANE('',#13282);
#13282 = AXIS2_PLACEMENT_3D('',#13283,#13284,#13285);
#13283 = CARTESIAN_POINT('',(-47.888223,55.375,0.));
#13284 = DIRECTION('',(0.,1.,0.));
#13285 = DIRECTION('',(1.,0.,0.));
#13286 = ADVANCED_FACE('',(#13287),#13312,.T.);
#13287 = FACE_BOUND('',#13288,.T.);
#13288 = EDGE_LOOP('',(#13289,#13290,#13298,#13306));
#13289 = ORIENTED_EDGE('',*,*,#13236,.T.);
#13290 = ORIENTED_EDGE('',*,*,#13291,.T.);
#13291 = EDGE_CURVE('',#13228,#13292,#13294,.T.);
#13292 = VERTEX_POINT('',#13293);
#13293 = CARTESIAN_POINT('',(54.661777,-48.375,1.51));
#13294 = LINE('',#13295,#13296);
#13295 = CARTESIAN_POINT('',(54.888224,50.827855,1.51));
#13296 = VECTOR('',#13297,1.);
#13297 = DIRECTION('',(-2.282660212188E-03,-0.999997394728,0.));
#13298 = ORIENTED_EDGE('',*,*,#13299,.F.);
#13299 = EDGE_CURVE('',#13300,#13292,#13302,.T.);
#13300 = VERTEX_POINT('',#13301);
#13301 = CARTESIAN_POINT('',(54.661777,-48.375,0.));
#13302 = LINE('',#13303,#13304);
#13303 = CARTESIAN_POINT('',(54.661777,-48.375,0.));
#13304 = VECTOR('',#13305,1.);
#13305 = DIRECTION('',(0.,0.,1.));
#13306 = ORIENTED_EDGE('',*,*,#13307,.F.);
#13307 = EDGE_CURVE('',#13237,#13300,#13308,.T.);
#13308 = LINE('',#13309,#13310);
#13309 = CARTESIAN_POINT('',(54.888224,50.827855,0.));
#13310 = VECTOR('',#13311,1.);
#13311 = DIRECTION('',(-2.282660212188E-03,-0.999997394728,0.));
#13312 = PLANE('',#13313);
#13313 = AXIS2_PLACEMENT_3D('',#13314,#13315,#13316);
#13314 = CARTESIAN_POINT('',(54.888224,50.827855,0.));
#13315 = DIRECTION('',(0.999997394728,-2.282660212188E-03,0.));
#13316 = DIRECTION('',(-2.282660212188E-03,-0.999997394728,0.));
#13317 = ADVANCED_FACE('',(#13318,#13364,#13375,#13386,#13397,#13408,
    #13419,#13430,#13441,#13452,#13463,#13474,#13485,#13496,#13507,
    #13518,#13529,#13540,#13551,#13562,#13573,#13584,#13595,#13606,
    #13617,#13628,#13639,#13650,#13661,#13672,#13683,#13694,#13705,
    #13716,#13727,#13738,#13749,#13760,#13771,#13782,#13793,#13804,
    #13815,#13826,#13837,#13848,#13859,#13870,#13881,#13892,#13903,
    #13914,#13925,#13936,#13947,#13958,#13969,#13980,#13991,#14002,
    #14013,#14024,#14035,#14046,#14057,#14068,#14079,#14090,#14101,
    #14112,#14123,#14134,#14145,#14156,#14167,#14178,#14189,#14200,
    #14211,#14222,#14233,#14244,#14255,#14266,#14277,#14288,#14299,
    #14310,#14321,#14332,#14343,#14354,#14365,#14376,#14387,#14398,
    #14409,#14420,#14431,#14467,#14478,#14489,#14500,#14511,#14547,
    #14558,#14569,#14580,#14591,#14602,#14613,#14624,#14635,#14646,
    #14657,#14668,#14679,#14690,#14701,#14712,#14723,#14734,#14745,
    #14756,#14767,#14778,#14789,#14800,#14811,#14822,#14833,#14844,
    #14855,#14866,#14877,#14888,#14899,#14910,#14921,#14932,#14943,
    #14954,#14965,#14976,#14987),#14998,.F.);
#13318 = FACE_BOUND('',#13319,.F.);
#13319 = EDGE_LOOP('',(#13320,#13321,#13322,#13331,#13339,#13348,#13356,
    #13363));
#13320 = ORIENTED_EDGE('',*,*,#13244,.F.);
#13321 = ORIENTED_EDGE('',*,*,#13276,.F.);
#13322 = ORIENTED_EDGE('',*,*,#13323,.F.);
#13323 = EDGE_CURVE('',#13324,#13260,#13326,.T.);
#13324 = VERTEX_POINT('',#13325);
#13325 = CARTESIAN_POINT('',(-54.888223,48.375,0.));
#13326 = CIRCLE('',#13327,7.000001598897);
#13327 = AXIS2_PLACEMENT_3D('',#13328,#13329,#13330);
#13328 = CARTESIAN_POINT('',(-47.8882214011,48.374998401103,0.));
#13329 = DIRECTION('',(0.,0.,-1.));
#13330 = DIRECTION('',(-1.,2.284137441487E-07,0.));
#13331 = ORIENTED_EDGE('',*,*,#13332,.F.);
#13332 = EDGE_CURVE('',#13333,#13324,#13335,.T.);
#13333 = VERTEX_POINT('',#13334);
#13334 = CARTESIAN_POINT('',(-54.888223,-48.375,0.));
#13335 = LINE('',#13336,#13337);
#13336 = CARTESIAN_POINT('',(-54.888223,-48.375,0.));
#13337 = VECTOR('',#13338,1.);
#13338 = DIRECTION('',(0.,1.,0.));
#13339 = ORIENTED_EDGE('',*,*,#13340,.F.);
#13340 = EDGE_CURVE('',#13341,#13333,#13343,.T.);
#13341 = VERTEX_POINT('',#13342);
#13342 = CARTESIAN_POINT('',(-47.888223,-55.375,0.));
#13343 = CIRCLE('',#13344,7.000001598897);
#13344 = AXIS2_PLACEMENT_3D('',#13345,#13346,#13347);
#13345 = CARTESIAN_POINT('',(-47.8882214011,-48.3749984011,0.));
#13346 = DIRECTION('',(0.,0.,-1.));
#13347 = DIRECTION('',(-2.284137441487E-07,-1.,-0.));
#13348 = ORIENTED_EDGE('',*,*,#13349,.F.);
#13349 = EDGE_CURVE('',#13350,#13341,#13352,.T.);
#13350 = VERTEX_POINT('',#13351);
#13351 = CARTESIAN_POINT('',(47.661777,-55.375,0.));
#13352 = LINE('',#13353,#13354);
#13353 = CARTESIAN_POINT('',(47.661777,-55.375,0.));
#13354 = VECTOR('',#13355,1.);
#13355 = DIRECTION('',(-1.,0.,0.));
#13356 = ORIENTED_EDGE('',*,*,#13357,.F.);
#13357 = EDGE_CURVE('',#13300,#13350,#13358,.T.);
#13358 = CIRCLE('',#13359,7.000001598897);
#13359 = AXIS2_PLACEMENT_3D('',#13360,#13361,#13362);
#13360 = CARTESIAN_POINT('',(47.661775401103,-48.3749984011,0.));
#13361 = DIRECTION('',(0.,0.,-1.));
#13362 = DIRECTION('',(1.,-2.284137421186E-07,0.));
#13363 = ORIENTED_EDGE('',*,*,#13307,.F.);
#13364 = FACE_BOUND('',#13365,.F.);
#13365 = EDGE_LOOP('',(#13366));
#13366 = ORIENTED_EDGE('',*,*,#13367,.T.);
#13367 = EDGE_CURVE('',#13368,#13368,#13370,.T.);
#13368 = VERTEX_POINT('',#13369);
#13369 = CARTESIAN_POINT('',(-35.998223,-48.775,0.));
#13370 = CIRCLE('',#13371,0.4);
#13371 = AXIS2_PLACEMENT_3D('',#13372,#13373,#13374);
#13372 = CARTESIAN_POINT('',(-35.998223,-48.375,0.));
#13373 = DIRECTION('',(-0.,0.,-1.));
#13374 = DIRECTION('',(-1.7763568394E-14,-1.,0.));
#13375 = FACE_BOUND('',#13376,.F.);
#13376 = EDGE_LOOP('',(#13377));
#13377 = ORIENTED_EDGE('',*,*,#13378,.T.);
#13378 = EDGE_CURVE('',#13379,#13379,#13381,.T.);
#13379 = VERTEX_POINT('',#13380);
#13380 = CARTESIAN_POINT('',(-28.378223,-48.775,0.));
#13381 = CIRCLE('',#13382,0.4);
#13382 = AXIS2_PLACEMENT_3D('',#13383,#13384,#13385);
#13383 = CARTESIAN_POINT('',(-28.378223,-48.375,0.));
#13384 = DIRECTION('',(-0.,0.,-1.));
#13385 = DIRECTION('',(-0.,-1.,0.));
#13386 = FACE_BOUND('',#13387,.F.);
#13387 = EDGE_LOOP('',(#13388));
#13388 = ORIENTED_EDGE('',*,*,#13389,.T.);
#13389 = EDGE_CURVE('',#13390,#13390,#13392,.T.);
#13390 = VERTEX_POINT('',#13391);
#13391 = CARTESIAN_POINT('',(-33.113223,-39.3659,0.));
#13392 = CIRCLE('',#13393,0.8509);
#13393 = AXIS2_PLACEMENT_3D('',#13394,#13395,#13396);
#13394 = CARTESIAN_POINT('',(-33.113223,-38.515,0.));
#13395 = DIRECTION('',(-0.,0.,-1.));
#13396 = DIRECTION('',(8.350484613469E-15,-1.,-0.));
#13397 = FACE_BOUND('',#13398,.F.);
#13398 = EDGE_LOOP('',(#13399));
#13399 = ORIENTED_EDGE('',*,*,#13400,.T.);
#13400 = EDGE_CURVE('',#13401,#13401,#13403,.T.);
#13401 = VERTEX_POINT('',#13402);
#13402 = CARTESIAN_POINT('',(-28.033223,-40.5089,0.));
#13403 = CIRCLE('',#13404,1.9939);
#13404 = AXIS2_PLACEMENT_3D('',#13405,#13406,#13407);
#13405 = CARTESIAN_POINT('',(-28.033223,-38.515,0.));
#13406 = DIRECTION('',(-0.,0.,-1.));
#13407 = DIRECTION('',(-0.,-1.,0.));
#13408 = FACE_BOUND('',#13409,.F.);
#13409 = EDGE_LOOP('',(#13410));
#13410 = ORIENTED_EDGE('',*,*,#13411,.T.);
#13411 = EDGE_CURVE('',#13412,#13412,#13414,.T.);
#13412 = VERTEX_POINT('',#13413);
#13413 = CARTESIAN_POINT('',(-30.573223,-34.935,0.));
#13414 = CIRCLE('',#13415,1.5);
#13415 = AXIS2_PLACEMENT_3D('',#13416,#13417,#13418);
#13416 = CARTESIAN_POINT('',(-30.573223,-33.435,0.));
#13417 = DIRECTION('',(-0.,0.,-1.));
#13418 = DIRECTION('',(-0.,-1.,0.));
#13419 = FACE_BOUND('',#13420,.F.);
#13420 = EDGE_LOOP('',(#13421));
#13421 = ORIENTED_EDGE('',*,*,#13422,.T.);
#13422 = EDGE_CURVE('',#13423,#13423,#13425,.T.);
#13423 = VERTEX_POINT('',#13424);
#13424 = CARTESIAN_POINT('',(-24.223223,-37.475,0.));
#13425 = CIRCLE('',#13426,1.5);
#13426 = AXIS2_PLACEMENT_3D('',#13427,#13428,#13429);
#13427 = CARTESIAN_POINT('',(-24.223223,-35.975,0.));
#13428 = DIRECTION('',(-0.,0.,-1.));
#13429 = DIRECTION('',(-0.,-1.,0.));
#13430 = FACE_BOUND('',#13431,.F.);
#13431 = EDGE_LOOP('',(#13432));
#13432 = ORIENTED_EDGE('',*,*,#13433,.T.);
#13433 = EDGE_CURVE('',#13434,#13434,#13436,.T.);
#13434 = VERTEX_POINT('',#13435);
#13435 = CARTESIAN_POINT('',(-35.998223,-29.095,0.));
#13436 = CIRCLE('',#13437,0.4);
#13437 = AXIS2_PLACEMENT_3D('',#13438,#13439,#13440);
#13438 = CARTESIAN_POINT('',(-35.998223,-28.695,0.));
#13439 = DIRECTION('',(-0.,0.,-1.));
#13440 = DIRECTION('',(-1.7763568394E-14,-1.,0.));
#13441 = FACE_BOUND('',#13442,.F.);
#13442 = EDGE_LOOP('',(#13443));
#13443 = ORIENTED_EDGE('',*,*,#13444,.T.);
#13444 = EDGE_CURVE('',#13445,#13445,#13447,.T.);
#13445 = VERTEX_POINT('',#13446);
#13446 = CARTESIAN_POINT('',(-28.378223,-29.095,0.));
#13447 = CIRCLE('',#13448,0.4);
#13448 = AXIS2_PLACEMENT_3D('',#13449,#13450,#13451);
#13449 = CARTESIAN_POINT('',(-28.378223,-28.695,0.));
#13450 = DIRECTION('',(-0.,0.,-1.));
#13451 = DIRECTION('',(-0.,-1.,0.));
#13452 = FACE_BOUND('',#13453,.F.);
#13453 = EDGE_LOOP('',(#13454));
#13454 = ORIENTED_EDGE('',*,*,#13455,.T.);
#13455 = EDGE_CURVE('',#13456,#13456,#13458,.T.);
#13456 = VERTEX_POINT('',#13457);
#13457 = CARTESIAN_POINT('',(-16.368223,-48.775,0.));
#13458 = CIRCLE('',#13459,0.4);
#13459 = AXIS2_PLACEMENT_3D('',#13460,#13461,#13462);
#13460 = CARTESIAN_POINT('',(-16.368223,-48.375,0.));
#13461 = DIRECTION('',(-0.,0.,-1.));
#13462 = DIRECTION('',(-0.,-1.,0.));
#13463 = FACE_BOUND('',#13464,.F.);
#13464 = EDGE_LOOP('',(#13465));
#13465 = ORIENTED_EDGE('',*,*,#13466,.T.);
#13466 = EDGE_CURVE('',#13467,#13467,#13469,.T.);
#13467 = VERTEX_POINT('',#13468);
#13468 = CARTESIAN_POINT('',(-22.953223,-39.3659,0.));
#13469 = CIRCLE('',#13470,0.8509);
#13470 = AXIS2_PLACEMENT_3D('',#13471,#13472,#13473);
#13471 = CARTESIAN_POINT('',(-22.953223,-38.515,0.));
#13472 = DIRECTION('',(-0.,0.,-1.));
#13473 = DIRECTION('',(-0.,-1.,0.));
#13474 = FACE_BOUND('',#13475,.F.);
#13475 = EDGE_LOOP('',(#13476));
#13476 = ORIENTED_EDGE('',*,*,#13477,.T.);
#13477 = EDGE_CURVE('',#13478,#13478,#13480,.T.);
#13478 = VERTEX_POINT('',#13479);
#13479 = CARTESIAN_POINT('',(-13.423223,-39.3659,0.));
#13480 = CIRCLE('',#13481,0.8509);
#13481 = AXIS2_PLACEMENT_3D('',#13482,#13483,#13484);
#13482 = CARTESIAN_POINT('',(-13.423223,-38.515,0.));
#13483 = DIRECTION('',(-0.,0.,-1.));
#13484 = DIRECTION('',(-0.,-1.,0.));
#13485 = FACE_BOUND('',#13486,.F.);
#13486 = EDGE_LOOP('',(#13487));
#13487 = ORIENTED_EDGE('',*,*,#13488,.T.);
#13488 = EDGE_CURVE('',#13489,#13489,#13491,.T.);
#13489 = VERTEX_POINT('',#13490);
#13490 = CARTESIAN_POINT('',(-8.748223,-48.775,0.));
#13491 = CIRCLE('',#13492,0.4);
#13492 = AXIS2_PLACEMENT_3D('',#13493,#13494,#13495);
#13493 = CARTESIAN_POINT('',(-8.748223,-48.375,0.));
#13494 = DIRECTION('',(-0.,0.,-1.));
#13495 = DIRECTION('',(-0.,-1.,0.));
#13496 = FACE_BOUND('',#13497,.F.);
#13497 = EDGE_LOOP('',(#13498));
#13498 = ORIENTED_EDGE('',*,*,#13499,.T.);
#13499 = EDGE_CURVE('',#13500,#13500,#13502,.T.);
#13500 = VERTEX_POINT('',#13501);
#13501 = CARTESIAN_POINT('',(-8.343223,-40.5089,0.));
#13502 = CIRCLE('',#13503,1.9939);
#13503 = AXIS2_PLACEMENT_3D('',#13504,#13505,#13506);
#13504 = CARTESIAN_POINT('',(-8.343223,-38.515,0.));
#13505 = DIRECTION('',(-0.,0.,-1.));
#13506 = DIRECTION('',(-0.,-1.,0.));
#13507 = FACE_BOUND('',#13508,.F.);
#13508 = EDGE_LOOP('',(#13509));
#13509 = ORIENTED_EDGE('',*,*,#13510,.T.);
#13510 = EDGE_CURVE('',#13511,#13511,#13513,.T.);
#13511 = VERTEX_POINT('',#13512);
#13512 = CARTESIAN_POINT('',(-3.263223,-39.3659,0.));
#13513 = CIRCLE('',#13514,0.8509);
#13514 = AXIS2_PLACEMENT_3D('',#13515,#13516,#13517);
#13515 = CARTESIAN_POINT('',(-3.263223,-38.515,0.));
#13516 = DIRECTION('',(-0.,0.,-1.));
#13517 = DIRECTION('',(-0.,-1.,0.));
#13518 = FACE_BOUND('',#13519,.F.);
#13519 = EDGE_LOOP('',(#13520));
#13520 = ORIENTED_EDGE('',*,*,#13521,.T.);
#13521 = EDGE_CURVE('',#13522,#13522,#13524,.T.);
#13522 = VERTEX_POINT('',#13523);
#13523 = CARTESIAN_POINT('',(-16.368223,-29.135,0.));
#13524 = CIRCLE('',#13525,0.4);
#13525 = AXIS2_PLACEMENT_3D('',#13526,#13527,#13528);
#13526 = CARTESIAN_POINT('',(-16.368223,-28.735,0.));
#13527 = DIRECTION('',(-0.,0.,-1.));
#13528 = DIRECTION('',(-0.,-1.,0.));
#13529 = FACE_BOUND('',#13530,.F.);
#13530 = EDGE_LOOP('',(#13531));
#13531 = ORIENTED_EDGE('',*,*,#13532,.T.);
#13532 = EDGE_CURVE('',#13533,#13533,#13535,.T.);
#13533 = VERTEX_POINT('',#13534);
#13534 = CARTESIAN_POINT('',(-10.883223,-34.935,0.));
#13535 = CIRCLE('',#13536,1.5);
#13536 = AXIS2_PLACEMENT_3D('',#13537,#13538,#13539);
#13537 = CARTESIAN_POINT('',(-10.883223,-33.435,0.));
#13538 = DIRECTION('',(-0.,0.,-1.));
#13539 = DIRECTION('',(-0.,-1.,0.));
#13540 = FACE_BOUND('',#13541,.F.);
#13541 = EDGE_LOOP('',(#13542));
#13542 = ORIENTED_EDGE('',*,*,#13543,.T.);
#13543 = EDGE_CURVE('',#13544,#13544,#13546,.T.);
#13544 = VERTEX_POINT('',#13545);
#13545 = CARTESIAN_POINT('',(-4.533223,-37.475,0.));
#13546 = CIRCLE('',#13547,1.5);
#13547 = AXIS2_PLACEMENT_3D('',#13548,#13549,#13550);
#13548 = CARTESIAN_POINT('',(-4.533223,-35.975,0.));
#13549 = DIRECTION('',(-0.,0.,-1.));
#13550 = DIRECTION('',(-0.,-1.,0.));
#13551 = FACE_BOUND('',#13552,.F.);
#13552 = EDGE_LOOP('',(#13553));
#13553 = ORIENTED_EDGE('',*,*,#13554,.T.);
#13554 = EDGE_CURVE('',#13555,#13555,#13557,.T.);
#13555 = VERTEX_POINT('',#13556);
#13556 = CARTESIAN_POINT('',(-8.748223,-29.135,0.));
#13557 = CIRCLE('',#13558,0.4);
#13558 = AXIS2_PLACEMENT_3D('',#13559,#13560,#13561);
#13559 = CARTESIAN_POINT('',(-8.748223,-28.735,0.));
#13560 = DIRECTION('',(-0.,0.,-1.));
#13561 = DIRECTION('',(-0.,-1.,0.));
#13562 = FACE_BOUND('',#13563,.F.);
#13563 = EDGE_LOOP('',(#13564));
#13564 = ORIENTED_EDGE('',*,*,#13565,.T.);
#13565 = EDGE_CURVE('',#13566,#13566,#13568,.T.);
#13566 = VERTEX_POINT('',#13567);
#13567 = CARTESIAN_POINT('',(-33.113223,-19.6759,0.));
#13568 = CIRCLE('',#13569,0.8509);
#13569 = AXIS2_PLACEMENT_3D('',#13570,#13571,#13572);
#13570 = CARTESIAN_POINT('',(-33.113223,-18.825,0.));
#13571 = DIRECTION('',(-0.,0.,-1.));
#13572 = DIRECTION('',(8.350484613469E-15,-1.,-0.));
#13573 = FACE_BOUND('',#13574,.F.);
#13574 = EDGE_LOOP('',(#13575));
#13575 = ORIENTED_EDGE('',*,*,#13576,.T.);
#13576 = EDGE_CURVE('',#13577,#13577,#13579,.T.);
#13577 = VERTEX_POINT('',#13578);
#13578 = CARTESIAN_POINT('',(-28.033223,-20.8189,0.));
#13579 = CIRCLE('',#13580,1.9939);
#13580 = AXIS2_PLACEMENT_3D('',#13581,#13582,#13583);
#13581 = CARTESIAN_POINT('',(-28.033223,-18.825,0.));
#13582 = DIRECTION('',(-0.,0.,-1.));
#13583 = DIRECTION('',(-0.,-1.,0.));
#13584 = FACE_BOUND('',#13585,.F.);
#13585 = EDGE_LOOP('',(#13586));
#13586 = ORIENTED_EDGE('',*,*,#13587,.T.);
#13587 = EDGE_CURVE('',#13588,#13588,#13590,.T.);
#13588 = VERTEX_POINT('',#13589);
#13589 = CARTESIAN_POINT('',(-30.573223,-15.245,0.));
#13590 = CIRCLE('',#13591,1.5);
#13591 = AXIS2_PLACEMENT_3D('',#13592,#13593,#13594);
#13592 = CARTESIAN_POINT('',(-30.573223,-13.745,0.));
#13593 = DIRECTION('',(-0.,0.,-1.));
#13594 = DIRECTION('',(-0.,-1.,0.));
#13595 = FACE_BOUND('',#13596,.F.);
#13596 = EDGE_LOOP('',(#13597));
#13597 = ORIENTED_EDGE('',*,*,#13598,.T.);
#13598 = EDGE_CURVE('',#13599,#13599,#13601,.T.);
#13599 = VERTEX_POINT('',#13600);
#13600 = CARTESIAN_POINT('',(-24.223223,-17.785,0.));
#13601 = CIRCLE('',#13602,1.5);
#13602 = AXIS2_PLACEMENT_3D('',#13603,#13604,#13605);
#13603 = CARTESIAN_POINT('',(-24.223223,-16.285,0.));
#13604 = DIRECTION('',(-0.,0.,-1.));
#13605 = DIRECTION('',(-0.,-1.,0.));
#13606 = FACE_BOUND('',#13607,.F.);
#13607 = EDGE_LOOP('',(#13608));
#13608 = ORIENTED_EDGE('',*,*,#13609,.T.);
#13609 = EDGE_CURVE('',#13610,#13610,#13612,.T.);
#13610 = VERTEX_POINT('',#13611);
#13611 = CARTESIAN_POINT('',(-35.998223,-9.355,0.));
#13612 = CIRCLE('',#13613,0.4);
#13613 = AXIS2_PLACEMENT_3D('',#13614,#13615,#13616);
#13614 = CARTESIAN_POINT('',(-35.998223,-8.955,0.));
#13615 = DIRECTION('',(-0.,0.,-1.));
#13616 = DIRECTION('',(-1.7763568394E-14,-1.,0.));
#13617 = FACE_BOUND('',#13618,.F.);
#13618 = EDGE_LOOP('',(#13619));
#13619 = ORIENTED_EDGE('',*,*,#13620,.T.);
#13620 = EDGE_CURVE('',#13621,#13621,#13623,.T.);
#13621 = VERTEX_POINT('',#13622);
#13622 = CARTESIAN_POINT('',(-28.378223,-9.355,0.));
#13623 = CIRCLE('',#13624,0.4);
#13624 = AXIS2_PLACEMENT_3D('',#13625,#13626,#13627);
#13625 = CARTESIAN_POINT('',(-28.378223,-8.955,0.));
#13626 = DIRECTION('',(-0.,0.,-1.));
#13627 = DIRECTION('',(-0.,-1.,0.));
#13628 = FACE_BOUND('',#13629,.F.);
#13629 = EDGE_LOOP('',(#13630));
#13630 = ORIENTED_EDGE('',*,*,#13631,.T.);
#13631 = EDGE_CURVE('',#13632,#13632,#13634,.T.);
#13632 = VERTEX_POINT('',#13633);
#13633 = CARTESIAN_POINT('',(-33.113223,1.41E-02,0.));
#13634 = CIRCLE('',#13635,0.8509);
#13635 = AXIS2_PLACEMENT_3D('',#13636,#13637,#13638);
#13636 = CARTESIAN_POINT('',(-33.113223,0.865,0.));
#13637 = DIRECTION('',(-0.,0.,-1.));
#13638 = DIRECTION('',(8.350484613469E-15,-1.,-0.));
#13639 = FACE_BOUND('',#13640,.F.);
#13640 = EDGE_LOOP('',(#13641));
#13641 = ORIENTED_EDGE('',*,*,#13642,.T.);
#13642 = EDGE_CURVE('',#13643,#13643,#13645,.T.);
#13643 = VERTEX_POINT('',#13644);
#13644 = CARTESIAN_POINT('',(-28.033223,-1.1289,0.));
#13645 = CIRCLE('',#13646,1.9939);
#13646 = AXIS2_PLACEMENT_3D('',#13647,#13648,#13649);
#13647 = CARTESIAN_POINT('',(-28.033223,0.865,0.));
#13648 = DIRECTION('',(-0.,0.,-1.));
#13649 = DIRECTION('',(-0.,-1.,0.));
#13650 = FACE_BOUND('',#13651,.F.);
#13651 = EDGE_LOOP('',(#13652));
#13652 = ORIENTED_EDGE('',*,*,#13653,.T.);
#13653 = EDGE_CURVE('',#13654,#13654,#13656,.T.);
#13654 = VERTEX_POINT('',#13655);
#13655 = CARTESIAN_POINT('',(-22.953223,-19.6759,0.));
#13656 = CIRCLE('',#13657,0.8509);
#13657 = AXIS2_PLACEMENT_3D('',#13658,#13659,#13660);
#13658 = CARTESIAN_POINT('',(-22.953223,-18.825,0.));
#13659 = DIRECTION('',(-0.,0.,-1.));
#13660 = DIRECTION('',(-0.,-1.,0.));
#13661 = FACE_BOUND('',#13662,.F.);
#13662 = EDGE_LOOP('',(#13663));
#13663 = ORIENTED_EDGE('',*,*,#13664,.T.);
#13664 = EDGE_CURVE('',#13665,#13665,#13667,.T.);
#13665 = VERTEX_POINT('',#13666);
#13666 = CARTESIAN_POINT('',(-13.423223,-19.6759,0.));
#13667 = CIRCLE('',#13668,0.8509);
#13668 = AXIS2_PLACEMENT_3D('',#13669,#13670,#13671);
#13669 = CARTESIAN_POINT('',(-13.423223,-18.825,0.));
#13670 = DIRECTION('',(-0.,0.,-1.));
#13671 = DIRECTION('',(-0.,-1.,0.));
#13672 = FACE_BOUND('',#13673,.F.);
#13673 = EDGE_LOOP('',(#13674));
#13674 = ORIENTED_EDGE('',*,*,#13675,.T.);
#13675 = EDGE_CURVE('',#13676,#13676,#13678,.T.);
#13676 = VERTEX_POINT('',#13677);
#13677 = CARTESIAN_POINT('',(-8.343223,-20.8189,0.));
#13678 = CIRCLE('',#13679,1.9939);
#13679 = AXIS2_PLACEMENT_3D('',#13680,#13681,#13682);
#13680 = CARTESIAN_POINT('',(-8.343223,-18.825,0.));
#13681 = DIRECTION('',(-0.,0.,-1.));
#13682 = DIRECTION('',(-0.,-1.,0.));
#13683 = FACE_BOUND('',#13684,.F.);
#13684 = EDGE_LOOP('',(#13685));
#13685 = ORIENTED_EDGE('',*,*,#13686,.T.);
#13686 = EDGE_CURVE('',#13687,#13687,#13689,.T.);
#13687 = VERTEX_POINT('',#13688);
#13688 = CARTESIAN_POINT('',(-3.263223,-19.6759,0.));
#13689 = CIRCLE('',#13690,0.8509);
#13690 = AXIS2_PLACEMENT_3D('',#13691,#13692,#13693);
#13691 = CARTESIAN_POINT('',(-3.263223,-18.825,0.));
#13692 = DIRECTION('',(-0.,0.,-1.));
#13693 = DIRECTION('',(-0.,-1.,0.));
#13694 = FACE_BOUND('',#13695,.F.);
#13695 = EDGE_LOOP('',(#13696));
#13696 = ORIENTED_EDGE('',*,*,#13697,.T.);
#13697 = EDGE_CURVE('',#13698,#13698,#13700,.T.);
#13698 = VERTEX_POINT('',#13699);
#13699 = CARTESIAN_POINT('',(-10.883223,-15.245,0.));
#13700 = CIRCLE('',#13701,1.5);
#13701 = AXIS2_PLACEMENT_3D('',#13702,#13703,#13704);
#13702 = CARTESIAN_POINT('',(-10.883223,-13.745,0.));
#13703 = DIRECTION('',(-0.,0.,-1.));
#13704 = DIRECTION('',(-0.,-1.,0.));
#13705 = FACE_BOUND('',#13706,.F.);
#13706 = EDGE_LOOP('',(#13707));
#13707 = ORIENTED_EDGE('',*,*,#13708,.T.);
#13708 = EDGE_CURVE('',#13709,#13709,#13711,.T.);
#13709 = VERTEX_POINT('',#13710);
#13710 = CARTESIAN_POINT('',(-4.533223,-17.785,0.));
#13711 = CIRCLE('',#13712,1.5);
#13712 = AXIS2_PLACEMENT_3D('',#13713,#13714,#13715);
#13713 = CARTESIAN_POINT('',(-4.533223,-16.285,0.));
#13714 = DIRECTION('',(-0.,0.,-1.));
#13715 = DIRECTION('',(-0.,-1.,0.));
#13716 = FACE_BOUND('',#13717,.F.);
#13717 = EDGE_LOOP('',(#13718));
#13718 = ORIENTED_EDGE('',*,*,#13719,.T.);
#13719 = EDGE_CURVE('',#13720,#13720,#13722,.T.);
#13720 = VERTEX_POINT('',#13721);
#13721 = CARTESIAN_POINT('',(-16.368223,-9.395,0.));
#13722 = CIRCLE('',#13723,0.4);
#13723 = AXIS2_PLACEMENT_3D('',#13724,#13725,#13726);
#13724 = CARTESIAN_POINT('',(-16.368223,-8.995,0.));
#13725 = DIRECTION('',(-0.,0.,-1.));
#13726 = DIRECTION('',(-0.,-1.,0.));
#13727 = FACE_BOUND('',#13728,.F.);
#13728 = EDGE_LOOP('',(#13729));
#13729 = ORIENTED_EDGE('',*,*,#13730,.T.);
#13730 = EDGE_CURVE('',#13731,#13731,#13733,.T.);
#13731 = VERTEX_POINT('',#13732);
#13732 = CARTESIAN_POINT('',(-22.953223,1.41E-02,0.));
#13733 = CIRCLE('',#13734,0.8509);
#13734 = AXIS2_PLACEMENT_3D('',#13735,#13736,#13737);
#13735 = CARTESIAN_POINT('',(-22.953223,0.865,0.));
#13736 = DIRECTION('',(-0.,0.,-1.));
#13737 = DIRECTION('',(-0.,-1.,0.));
#13738 = FACE_BOUND('',#13739,.F.);
#13739 = EDGE_LOOP('',(#13740));
#13740 = ORIENTED_EDGE('',*,*,#13741,.T.);
#13741 = EDGE_CURVE('',#13742,#13742,#13744,.T.);
#13742 = VERTEX_POINT('',#13743);
#13743 = CARTESIAN_POINT('',(-13.423223,1.41E-02,0.));
#13744 = CIRCLE('',#13745,0.8509);
#13745 = AXIS2_PLACEMENT_3D('',#13746,#13747,#13748);
#13746 = CARTESIAN_POINT('',(-13.423223,0.865,0.));
#13747 = DIRECTION('',(-0.,0.,-1.));
#13748 = DIRECTION('',(-0.,-1.,0.));
#13749 = FACE_BOUND('',#13750,.F.);
#13750 = EDGE_LOOP('',(#13751));
#13751 = ORIENTED_EDGE('',*,*,#13752,.T.);
#13752 = EDGE_CURVE('',#13753,#13753,#13755,.T.);
#13753 = VERTEX_POINT('',#13754);
#13754 = CARTESIAN_POINT('',(-8.748223,-9.395,0.));
#13755 = CIRCLE('',#13756,0.4);
#13756 = AXIS2_PLACEMENT_3D('',#13757,#13758,#13759);
#13757 = CARTESIAN_POINT('',(-8.748223,-8.995,0.));
#13758 = DIRECTION('',(-0.,0.,-1.));
#13759 = DIRECTION('',(-0.,-1.,0.));
#13760 = FACE_BOUND('',#13761,.F.);
#13761 = EDGE_LOOP('',(#13762));
#13762 = ORIENTED_EDGE('',*,*,#13763,.T.);
#13763 = EDGE_CURVE('',#13764,#13764,#13766,.T.);
#13764 = VERTEX_POINT('',#13765);
#13765 = CARTESIAN_POINT('',(-8.343223,-1.1289,0.));
#13766 = CIRCLE('',#13767,1.9939);
#13767 = AXIS2_PLACEMENT_3D('',#13768,#13769,#13770);
#13768 = CARTESIAN_POINT('',(-8.343223,0.865,0.));
#13769 = DIRECTION('',(-0.,0.,-1.));
#13770 = DIRECTION('',(-0.,-1.,0.));
#13771 = FACE_BOUND('',#13772,.F.);
#13772 = EDGE_LOOP('',(#13773));
#13773 = ORIENTED_EDGE('',*,*,#13774,.T.);
#13774 = EDGE_CURVE('',#13775,#13775,#13777,.T.);
#13775 = VERTEX_POINT('',#13776);
#13776 = CARTESIAN_POINT('',(-3.263223,1.41E-02,0.));
#13777 = CIRCLE('',#13778,0.8509);
#13778 = AXIS2_PLACEMENT_3D('',#13779,#13780,#13781);
#13779 = CARTESIAN_POINT('',(-3.263223,0.865,0.));
#13780 = DIRECTION('',(-0.,0.,-1.));
#13781 = DIRECTION('',(-0.,-1.,0.));
#13782 = FACE_BOUND('',#13783,.F.);
#13783 = EDGE_LOOP('',(#13784));
#13784 = ORIENTED_EDGE('',*,*,#13785,.T.);
#13785 = EDGE_CURVE('',#13786,#13786,#13788,.T.);
#13786 = VERTEX_POINT('',#13787);
#13787 = CARTESIAN_POINT('',(3.412777,-49.045,0.));
#13788 = CIRCLE('',#13789,0.4);
#13789 = AXIS2_PLACEMENT_3D('',#13790,#13791,#13792);
#13790 = CARTESIAN_POINT('',(3.412777,-48.645,0.));
#13791 = DIRECTION('',(-0.,0.,-1.));
#13792 = DIRECTION('',(-0.,-1.,0.));
#13793 = FACE_BOUND('',#13794,.F.);
#13794 = EDGE_LOOP('',(#13795));
#13795 = ORIENTED_EDGE('',*,*,#13796,.T.);
#13796 = EDGE_CURVE('',#13797,#13797,#13799,.T.);
#13797 = VERTEX_POINT('',#13798);
#13798 = CARTESIAN_POINT('',(11.032777,-49.045,0.));
#13799 = CIRCLE('',#13800,0.4);
#13800 = AXIS2_PLACEMENT_3D('',#13801,#13802,#13803);
#13801 = CARTESIAN_POINT('',(11.032777,-48.645,0.));
#13802 = DIRECTION('',(-0.,0.,-1.));
#13803 = DIRECTION('',(-0.,-1.,0.));
#13804 = FACE_BOUND('',#13805,.F.);
#13805 = EDGE_LOOP('',(#13806));
#13806 = ORIENTED_EDGE('',*,*,#13807,.T.);
#13807 = EDGE_CURVE('',#13808,#13808,#13810,.T.);
#13808 = VERTEX_POINT('',#13809);
#13809 = CARTESIAN_POINT('',(6.266777,-39.3659,0.));
#13810 = CIRCLE('',#13811,0.8509);
#13811 = AXIS2_PLACEMENT_3D('',#13812,#13813,#13814);
#13812 = CARTESIAN_POINT('',(6.266777,-38.515,0.));
#13813 = DIRECTION('',(-0.,0.,-1.));
#13814 = DIRECTION('',(1.043810576684E-15,-1.,-0.));
#13815 = FACE_BOUND('',#13816,.F.);
#13816 = EDGE_LOOP('',(#13817));
#13817 = ORIENTED_EDGE('',*,*,#13818,.T.);
#13818 = EDGE_CURVE('',#13819,#13819,#13821,.T.);
#13819 = VERTEX_POINT('',#13820);
#13820 = CARTESIAN_POINT('',(11.346777,-40.5089,0.));
#13821 = CIRCLE('',#13822,1.9939);
#13822 = AXIS2_PLACEMENT_3D('',#13823,#13824,#13825);
#13823 = CARTESIAN_POINT('',(11.346777,-38.515,0.));
#13824 = DIRECTION('',(-0.,0.,-1.));
#13825 = DIRECTION('',(-0.,-1.,0.));
#13826 = FACE_BOUND('',#13827,.F.);
#13827 = EDGE_LOOP('',(#13828));
#13828 = ORIENTED_EDGE('',*,*,#13829,.T.);
#13829 = EDGE_CURVE('',#13830,#13830,#13832,.T.);
#13830 = VERTEX_POINT('',#13831);
#13831 = CARTESIAN_POINT('',(23.111777,-48.775,0.));
#13832 = CIRCLE('',#13833,0.4);
#13833 = AXIS2_PLACEMENT_3D('',#13834,#13835,#13836);
#13834 = CARTESIAN_POINT('',(23.111777,-48.375,0.));
#13835 = DIRECTION('',(-0.,0.,-1.));
#13836 = DIRECTION('',(-0.,-1.,0.));
#13837 = FACE_BOUND('',#13838,.F.);
#13838 = EDGE_LOOP('',(#13839));
#13839 = ORIENTED_EDGE('',*,*,#13840,.T.);
#13840 = EDGE_CURVE('',#13841,#13841,#13843,.T.);
#13841 = VERTEX_POINT('',#13842);
#13842 = CARTESIAN_POINT('',(16.426777,-39.3659,0.));
#13843 = CIRCLE('',#13844,0.8509);
#13844 = AXIS2_PLACEMENT_3D('',#13845,#13846,#13847);
#13845 = CARTESIAN_POINT('',(16.426777,-38.515,0.));
#13846 = DIRECTION('',(-0.,0.,-1.));
#13847 = DIRECTION('',(-0.,-1.,0.));
#13848 = FACE_BOUND('',#13849,.F.);
#13849 = EDGE_LOOP('',(#13850));
#13850 = ORIENTED_EDGE('',*,*,#13851,.T.);
#13851 = EDGE_CURVE('',#13852,#13852,#13854,.T.);
#13852 = VERTEX_POINT('',#13853);
#13853 = CARTESIAN_POINT('',(8.806777,-34.935,0.));
#13854 = CIRCLE('',#13855,1.5);
#13855 = AXIS2_PLACEMENT_3D('',#13856,#13857,#13858);
#13856 = CARTESIAN_POINT('',(8.806777,-33.435,0.));
#13857 = DIRECTION('',(-0.,0.,-1.));
#13858 = DIRECTION('',(-0.,-1.,0.));
#13859 = FACE_BOUND('',#13860,.F.);
#13860 = EDGE_LOOP('',(#13861));
#13861 = ORIENTED_EDGE('',*,*,#13862,.T.);
#13862 = EDGE_CURVE('',#13863,#13863,#13865,.T.);
#13863 = VERTEX_POINT('',#13864);
#13864 = CARTESIAN_POINT('',(3.331777,-29.135,0.));
#13865 = CIRCLE('',#13866,0.4);
#13866 = AXIS2_PLACEMENT_3D('',#13867,#13868,#13869);
#13867 = CARTESIAN_POINT('',(3.331777,-28.735,0.));
#13868 = DIRECTION('',(-0.,0.,-1.));
#13869 = DIRECTION('',(1.110223024625E-15,-1.,-0.));
#13870 = FACE_BOUND('',#13871,.F.);
#13871 = EDGE_LOOP('',(#13872));
#13872 = ORIENTED_EDGE('',*,*,#13873,.T.);
#13873 = EDGE_CURVE('',#13874,#13874,#13876,.T.);
#13874 = VERTEX_POINT('',#13875);
#13875 = CARTESIAN_POINT('',(10.951777,-29.135,0.));
#13876 = CIRCLE('',#13877,0.4);
#13877 = AXIS2_PLACEMENT_3D('',#13878,#13879,#13880);
#13878 = CARTESIAN_POINT('',(10.951777,-28.735,0.));
#13879 = DIRECTION('',(-0.,0.,-1.));
#13880 = DIRECTION('',(-0.,-1.,0.));
#13881 = FACE_BOUND('',#13882,.F.);
#13882 = EDGE_LOOP('',(#13883));
#13883 = ORIENTED_EDGE('',*,*,#13884,.T.);
#13884 = EDGE_CURVE('',#13885,#13885,#13887,.T.);
#13885 = VERTEX_POINT('',#13886);
#13886 = CARTESIAN_POINT('',(15.156777,-37.475,0.));
#13887 = CIRCLE('',#13888,1.5);
#13888 = AXIS2_PLACEMENT_3D('',#13889,#13890,#13891);
#13889 = CARTESIAN_POINT('',(15.156777,-35.975,0.));
#13890 = DIRECTION('',(-0.,0.,-1.));
#13891 = DIRECTION('',(-1.184237892934E-15,-1.,0.));
#13892 = FACE_BOUND('',#13893,.F.);
#13893 = EDGE_LOOP('',(#13894));
#13894 = ORIENTED_EDGE('',*,*,#13895,.T.);
#13895 = EDGE_CURVE('',#13896,#13896,#13898,.T.);
#13896 = VERTEX_POINT('',#13897);
#13897 = CARTESIAN_POINT('',(23.111777,-29.135,0.));
#13898 = CIRCLE('',#13899,0.4);
#13899 = AXIS2_PLACEMENT_3D('',#13900,#13901,#13902);
#13900 = CARTESIAN_POINT('',(23.111777,-28.735,0.));
#13901 = DIRECTION('',(-0.,0.,-1.));
#13902 = DIRECTION('',(-0.,-1.,0.));
#13903 = FACE_BOUND('',#13904,.F.);
#13904 = EDGE_LOOP('',(#13905));
#13905 = ORIENTED_EDGE('',*,*,#13906,.T.);
#13906 = EDGE_CURVE('',#13907,#13907,#13909,.T.);
#13907 = VERTEX_POINT('',#13908);
#13908 = CARTESIAN_POINT('',(30.731777,-48.775,0.));
#13909 = CIRCLE('',#13910,0.4);
#13910 = AXIS2_PLACEMENT_3D('',#13911,#13912,#13913);
#13911 = CARTESIAN_POINT('',(30.731777,-48.375,0.));
#13912 = DIRECTION('',(-0.,0.,-1.));
#13913 = DIRECTION('',(-0.,-1.,0.));
#13914 = FACE_BOUND('',#13915,.F.);
#13915 = EDGE_LOOP('',(#13916));
#13916 = ORIENTED_EDGE('',*,*,#13917,.T.);
#13917 = EDGE_CURVE('',#13918,#13918,#13920,.T.);
#13918 = VERTEX_POINT('',#13919);
#13919 = CARTESIAN_POINT('',(25.956777,-39.3659,0.));
#13920 = CIRCLE('',#13921,0.8509);
#13921 = AXIS2_PLACEMENT_3D('',#13922,#13923,#13924);
#13922 = CARTESIAN_POINT('',(25.956777,-38.515,0.));
#13923 = DIRECTION('',(-0.,0.,-1.));
#13924 = DIRECTION('',(-4.175242306735E-15,-1.,0.));
#13925 = FACE_BOUND('',#13926,.F.);
#13926 = EDGE_LOOP('',(#13927));
#13927 = ORIENTED_EDGE('',*,*,#13928,.T.);
#13928 = EDGE_CURVE('',#13929,#13929,#13931,.T.);
#13929 = VERTEX_POINT('',#13930);
#13930 = CARTESIAN_POINT('',(31.036777,-40.5089,0.));
#13931 = CIRCLE('',#13932,1.9939);
#13932 = AXIS2_PLACEMENT_3D('',#13933,#13934,#13935);
#13933 = CARTESIAN_POINT('',(31.036777,-38.515,0.));
#13934 = DIRECTION('',(-0.,0.,-1.));
#13935 = DIRECTION('',(-0.,-1.,0.));
#13936 = FACE_BOUND('',#13937,.F.);
#13937 = EDGE_LOOP('',(#13938));
#13938 = ORIENTED_EDGE('',*,*,#13939,.T.);
#13939 = EDGE_CURVE('',#13940,#13940,#13942,.T.);
#13940 = VERTEX_POINT('',#13941);
#13941 = CARTESIAN_POINT('',(36.116777,-39.3659,0.));
#13942 = CIRCLE('',#13943,0.8509);
#13943 = AXIS2_PLACEMENT_3D('',#13944,#13945,#13946);
#13944 = CARTESIAN_POINT('',(36.116777,-38.515,0.));
#13945 = DIRECTION('',(-0.,0.,-1.));
#13946 = DIRECTION('',(-0.,-1.,0.));
#13947 = FACE_BOUND('',#13948,.F.);
#13948 = EDGE_LOOP('',(#13949));
#13949 = ORIENTED_EDGE('',*,*,#13950,.T.);
#13950 = EDGE_CURVE('',#13951,#13951,#13953,.T.);
#13951 = VERTEX_POINT('',#13952);
#13952 = CARTESIAN_POINT('',(28.496777,-34.935,0.));
#13953 = CIRCLE('',#13954,1.5);
#13954 = AXIS2_PLACEMENT_3D('',#13955,#13956,#13957);
#13955 = CARTESIAN_POINT('',(28.496777,-33.435,0.));
#13956 = DIRECTION('',(-0.,0.,-1.));
#13957 = DIRECTION('',(-0.,-1.,0.));
#13958 = FACE_BOUND('',#13959,.F.);
#13959 = EDGE_LOOP('',(#13960));
#13960 = ORIENTED_EDGE('',*,*,#13961,.T.);
#13961 = EDGE_CURVE('',#13962,#13962,#13964,.T.);
#13962 = VERTEX_POINT('',#13963);
#13963 = CARTESIAN_POINT('',(34.846777,-37.475,0.));
#13964 = CIRCLE('',#13965,1.5);
#13965 = AXIS2_PLACEMENT_3D('',#13966,#13967,#13968);
#13966 = CARTESIAN_POINT('',(34.846777,-35.975,0.));
#13967 = DIRECTION('',(-0.,0.,-1.));
#13968 = DIRECTION('',(-0.,-1.,0.));
#13969 = FACE_BOUND('',#13970,.F.);
#13970 = EDGE_LOOP('',(#13971));
#13971 = ORIENTED_EDGE('',*,*,#13972,.T.);
#13972 = EDGE_CURVE('',#13973,#13973,#13975,.T.);
#13973 = VERTEX_POINT('',#13974);
#13974 = CARTESIAN_POINT('',(30.731777,-29.135,0.));
#13975 = CIRCLE('',#13976,0.4);
#13976 = AXIS2_PLACEMENT_3D('',#13977,#13978,#13979);
#13977 = CARTESIAN_POINT('',(30.731777,-28.735,0.));
#13978 = DIRECTION('',(-0.,0.,-1.));
#13979 = DIRECTION('',(-0.,-1.,0.));
#13980 = FACE_BOUND('',#13981,.F.);
#13981 = EDGE_LOOP('',(#13982));
#13982 = ORIENTED_EDGE('',*,*,#13983,.T.);
#13983 = EDGE_CURVE('',#13984,#13984,#13986,.T.);
#13984 = VERTEX_POINT('',#13985);
#13985 = CARTESIAN_POINT('',(6.266777,-19.6759,0.));
#13986 = CIRCLE('',#13987,0.8509);
#13987 = AXIS2_PLACEMENT_3D('',#13988,#13989,#13990);
#13988 = CARTESIAN_POINT('',(6.266777,-18.825,0.));
#13989 = DIRECTION('',(-0.,0.,-1.));
#13990 = DIRECTION('',(1.043810576684E-15,-1.,-0.));
#13991 = FACE_BOUND('',#13992,.F.);
#13992 = EDGE_LOOP('',(#13993));
#13993 = ORIENTED_EDGE('',*,*,#13994,.T.);
#13994 = EDGE_CURVE('',#13995,#13995,#13997,.T.);
#13995 = VERTEX_POINT('',#13996);
#13996 = CARTESIAN_POINT('',(11.346777,-20.8189,0.));
#13997 = CIRCLE('',#13998,1.9939);
#13998 = AXIS2_PLACEMENT_3D('',#13999,#14000,#14001);
#13999 = CARTESIAN_POINT('',(11.346777,-18.825,0.));
#14000 = DIRECTION('',(-0.,0.,-1.));
#14001 = DIRECTION('',(-0.,-1.,0.));
#14002 = FACE_BOUND('',#14003,.F.);
#14003 = EDGE_LOOP('',(#14004));
#14004 = ORIENTED_EDGE('',*,*,#14005,.T.);
#14005 = EDGE_CURVE('',#14006,#14006,#14008,.T.);
#14006 = VERTEX_POINT('',#14007);
#14007 = CARTESIAN_POINT('',(8.806777,-15.245,0.));
#14008 = CIRCLE('',#14009,1.5);
#14009 = AXIS2_PLACEMENT_3D('',#14010,#14011,#14012);
#14010 = CARTESIAN_POINT('',(8.806777,-13.745,0.));
#14011 = DIRECTION('',(-0.,0.,-1.));
#14012 = DIRECTION('',(-0.,-1.,0.));
#14013 = FACE_BOUND('',#14014,.F.);
#14014 = EDGE_LOOP('',(#14015));
#14015 = ORIENTED_EDGE('',*,*,#14016,.T.);
#14016 = EDGE_CURVE('',#14017,#14017,#14019,.T.);
#14017 = VERTEX_POINT('',#14018);
#14018 = CARTESIAN_POINT('',(16.426777,-19.6759,0.));
#14019 = CIRCLE('',#14020,0.8509);
#14020 = AXIS2_PLACEMENT_3D('',#14021,#14022,#14023);
#14021 = CARTESIAN_POINT('',(16.426777,-18.825,0.));
#14022 = DIRECTION('',(-0.,0.,-1.));
#14023 = DIRECTION('',(-0.,-1.,0.));
#14024 = FACE_BOUND('',#14025,.F.);
#14025 = EDGE_LOOP('',(#14026));
#14026 = ORIENTED_EDGE('',*,*,#14027,.T.);
#14027 = EDGE_CURVE('',#14028,#14028,#14030,.T.);
#14028 = VERTEX_POINT('',#14029);
#14029 = CARTESIAN_POINT('',(15.156777,-17.785,0.));
#14030 = CIRCLE('',#14031,1.5);
#14031 = AXIS2_PLACEMENT_3D('',#14032,#14033,#14034);
#14032 = CARTESIAN_POINT('',(15.156777,-16.285,0.));
#14033 = DIRECTION('',(-0.,0.,-1.));
#14034 = DIRECTION('',(-1.184237892934E-15,-1.,0.));
#14035 = FACE_BOUND('',#14036,.F.);
#14036 = EDGE_LOOP('',(#14037));
#14037 = ORIENTED_EDGE('',*,*,#14038,.T.);
#14038 = EDGE_CURVE('',#14039,#14039,#14041,.T.);
#14039 = VERTEX_POINT('',#14040);
#14040 = CARTESIAN_POINT('',(3.371777,-9.395,0.));
#14041 = CIRCLE('',#14042,0.4);
#14042 = AXIS2_PLACEMENT_3D('',#14043,#14044,#14045);
#14043 = CARTESIAN_POINT('',(3.371777,-8.995,0.));
#14044 = DIRECTION('',(-0.,0.,-1.));
#14045 = DIRECTION('',(-0.,-1.,0.));
#14046 = FACE_BOUND('',#14047,.F.);
#14047 = EDGE_LOOP('',(#14048));
#14048 = ORIENTED_EDGE('',*,*,#14049,.T.);
#14049 = EDGE_CURVE('',#14050,#14050,#14052,.T.);
#14050 = VERTEX_POINT('',#14051);
#14051 = CARTESIAN_POINT('',(10.991777,-9.395,0.));
#14052 = CIRCLE('',#14053,0.4);
#14053 = AXIS2_PLACEMENT_3D('',#14054,#14055,#14056);
#14054 = CARTESIAN_POINT('',(10.991777,-8.995,0.));
#14055 = DIRECTION('',(-0.,0.,-1.));
#14056 = DIRECTION('',(4.440892098501E-15,-1.,-0.));
#14057 = FACE_BOUND('',#14058,.F.);
#14058 = EDGE_LOOP('',(#14059));
#14059 = ORIENTED_EDGE('',*,*,#14060,.T.);
#14060 = EDGE_CURVE('',#14061,#14061,#14063,.T.);
#14061 = VERTEX_POINT('',#14062);
#14062 = CARTESIAN_POINT('',(6.266777,1.41E-02,0.));
#14063 = CIRCLE('',#14064,0.8509);
#14064 = AXIS2_PLACEMENT_3D('',#14065,#14066,#14067);
#14065 = CARTESIAN_POINT('',(6.266777,0.865,0.));
#14066 = DIRECTION('',(-0.,0.,-1.));
#14067 = DIRECTION('',(1.043810576684E-15,-1.,-0.));
#14068 = FACE_BOUND('',#14069,.F.);
#14069 = EDGE_LOOP('',(#14070));
#14070 = ORIENTED_EDGE('',*,*,#14071,.T.);
#14071 = EDGE_CURVE('',#14072,#14072,#14074,.T.);
#14072 = VERTEX_POINT('',#14073);
#14073 = CARTESIAN_POINT('',(11.346777,-1.1289,0.));
#14074 = CIRCLE('',#14075,1.9939);
#14075 = AXIS2_PLACEMENT_3D('',#14076,#14077,#14078);
#14076 = CARTESIAN_POINT('',(11.346777,0.865,0.));
#14077 = DIRECTION('',(-0.,0.,-1.));
#14078 = DIRECTION('',(-0.,-1.,0.));
#14079 = FACE_BOUND('',#14080,.F.);
#14080 = EDGE_LOOP('',(#14081));
#14081 = ORIENTED_EDGE('',*,*,#14082,.T.);
#14082 = EDGE_CURVE('',#14083,#14083,#14085,.T.);
#14083 = VERTEX_POINT('',#14084);
#14084 = CARTESIAN_POINT('',(23.111777,-9.395,0.));
#14085 = CIRCLE('',#14086,0.4);
#14086 = AXIS2_PLACEMENT_3D('',#14087,#14088,#14089);
#14087 = CARTESIAN_POINT('',(23.111777,-8.995,0.));
#14088 = DIRECTION('',(-0.,0.,-1.));
#14089 = DIRECTION('',(-0.,-1.,0.));
#14090 = FACE_BOUND('',#14091,.F.);
#14091 = EDGE_LOOP('',(#14092));
#14092 = ORIENTED_EDGE('',*,*,#14093,.T.);
#14093 = EDGE_CURVE('',#14094,#14094,#14096,.T.);
#14094 = VERTEX_POINT('',#14095);
#14095 = CARTESIAN_POINT('',(16.426777,1.41E-02,0.));
#14096 = CIRCLE('',#14097,0.8509);
#14097 = AXIS2_PLACEMENT_3D('',#14098,#14099,#14100);
#14098 = CARTESIAN_POINT('',(16.426777,0.865,0.));
#14099 = DIRECTION('',(-0.,0.,-1.));
#14100 = DIRECTION('',(-0.,-1.,0.));
#14101 = FACE_BOUND('',#14102,.F.);
#14102 = EDGE_LOOP('',(#14103));
#14103 = ORIENTED_EDGE('',*,*,#14104,.T.);
#14104 = EDGE_CURVE('',#14105,#14105,#14107,.T.);
#14105 = VERTEX_POINT('',#14106);
#14106 = CARTESIAN_POINT('',(25.956777,-19.6759,0.));
#14107 = CIRCLE('',#14108,0.8509);
#14108 = AXIS2_PLACEMENT_3D('',#14109,#14110,#14111);
#14109 = CARTESIAN_POINT('',(25.956777,-18.825,0.));
#14110 = DIRECTION('',(-0.,0.,-1.));
#14111 = DIRECTION('',(-4.175242306735E-15,-1.,0.));
#14112 = FACE_BOUND('',#14113,.F.);
#14113 = EDGE_LOOP('',(#14114));
#14114 = ORIENTED_EDGE('',*,*,#14115,.T.);
#14115 = EDGE_CURVE('',#14116,#14116,#14118,.T.);
#14116 = VERTEX_POINT('',#14117);
#14117 = CARTESIAN_POINT('',(31.036777,-20.8189,0.));
#14118 = CIRCLE('',#14119,1.9939);
#14119 = AXIS2_PLACEMENT_3D('',#14120,#14121,#14122);
#14120 = CARTESIAN_POINT('',(31.036777,-18.825,0.));
#14121 = DIRECTION('',(-0.,0.,-1.));
#14122 = DIRECTION('',(-0.,-1.,0.));
#14123 = FACE_BOUND('',#14124,.F.);
#14124 = EDGE_LOOP('',(#14125));
#14125 = ORIENTED_EDGE('',*,*,#14126,.T.);
#14126 = EDGE_CURVE('',#14127,#14127,#14129,.T.);
#14127 = VERTEX_POINT('',#14128);
#14128 = CARTESIAN_POINT('',(36.116777,-19.6759,0.));
#14129 = CIRCLE('',#14130,0.8509);
#14130 = AXIS2_PLACEMENT_3D('',#14131,#14132,#14133);
#14131 = CARTESIAN_POINT('',(36.116777,-18.825,0.));
#14132 = DIRECTION('',(-0.,0.,-1.));
#14133 = DIRECTION('',(-0.,-1.,0.));
#14134 = FACE_BOUND('',#14135,.F.);
#14135 = EDGE_LOOP('',(#14136));
#14136 = ORIENTED_EDGE('',*,*,#14137,.T.);
#14137 = EDGE_CURVE('',#14138,#14138,#14140,.T.);
#14138 = VERTEX_POINT('',#14139);
#14139 = CARTESIAN_POINT('',(28.496777,-15.245,0.));
#14140 = CIRCLE('',#14141,1.5);
#14141 = AXIS2_PLACEMENT_3D('',#14142,#14143,#14144);
#14142 = CARTESIAN_POINT('',(28.496777,-13.745,0.));
#14143 = DIRECTION('',(-0.,0.,-1.));
#14144 = DIRECTION('',(-0.,-1.,0.));
#14145 = FACE_BOUND('',#14146,.F.);
#14146 = EDGE_LOOP('',(#14147));
#14147 = ORIENTED_EDGE('',*,*,#14148,.T.);
#14148 = EDGE_CURVE('',#14149,#14149,#14151,.T.);
#14149 = VERTEX_POINT('',#14150);
#14150 = CARTESIAN_POINT('',(34.846777,-17.785,0.));
#14151 = CIRCLE('',#14152,1.5);
#14152 = AXIS2_PLACEMENT_3D('',#14153,#14154,#14155);
#14153 = CARTESIAN_POINT('',(34.846777,-16.285,0.));
#14154 = DIRECTION('',(-0.,0.,-1.));
#14155 = DIRECTION('',(-0.,-1.,0.));
#14156 = FACE_BOUND('',#14157,.F.);
#14157 = EDGE_LOOP('',(#14158));
#14158 = ORIENTED_EDGE('',*,*,#14159,.T.);
#14159 = EDGE_CURVE('',#14160,#14160,#14162,.T.);
#14160 = VERTEX_POINT('',#14161);
#14161 = CARTESIAN_POINT('',(30.731777,-9.395,0.));
#14162 = CIRCLE('',#14163,0.4);
#14163 = AXIS2_PLACEMENT_3D('',#14164,#14165,#14166);
#14164 = CARTESIAN_POINT('',(30.731777,-8.995,0.));
#14165 = DIRECTION('',(-0.,0.,-1.));
#14166 = DIRECTION('',(-0.,-1.,0.));
#14167 = FACE_BOUND('',#14168,.F.);
#14168 = EDGE_LOOP('',(#14169));
#14169 = ORIENTED_EDGE('',*,*,#14170,.T.);
#14170 = EDGE_CURVE('',#14171,#14171,#14173,.T.);
#14171 = VERTEX_POINT('',#14172);
#14172 = CARTESIAN_POINT('',(25.956777,1.41E-02,0.));
#14173 = CIRCLE('',#14174,0.8509);
#14174 = AXIS2_PLACEMENT_3D('',#14175,#14176,#14177);
#14175 = CARTESIAN_POINT('',(25.956777,0.865,0.));
#14176 = DIRECTION('',(-0.,0.,-1.));
#14177 = DIRECTION('',(-4.175242306735E-15,-1.,0.));
#14178 = FACE_BOUND('',#14179,.F.);
#14179 = EDGE_LOOP('',(#14180));
#14180 = ORIENTED_EDGE('',*,*,#14181,.T.);
#14181 = EDGE_CURVE('',#14182,#14182,#14184,.T.);
#14182 = VERTEX_POINT('',#14183);
#14183 = CARTESIAN_POINT('',(31.036777,-1.1289,0.));
#14184 = CIRCLE('',#14185,1.9939);
#14185 = AXIS2_PLACEMENT_3D('',#14186,#14187,#14188);
#14186 = CARTESIAN_POINT('',(31.036777,0.865,0.));
#14187 = DIRECTION('',(-0.,0.,-1.));
#14188 = DIRECTION('',(-0.,-1.,0.));
#14189 = FACE_BOUND('',#14190,.F.);
#14190 = EDGE_LOOP('',(#14191));
#14191 = ORIENTED_EDGE('',*,*,#14192,.T.);
#14192 = EDGE_CURVE('',#14193,#14193,#14195,.T.);
#14193 = VERTEX_POINT('',#14194);
#14194 = CARTESIAN_POINT('',(36.116777,1.41E-02,0.));
#14195 = CIRCLE('',#14196,0.8509);
#14196 = AXIS2_PLACEMENT_3D('',#14197,#14198,#14199);
#14197 = CARTESIAN_POINT('',(36.116777,0.865,0.));
#14198 = DIRECTION('',(-0.,0.,-1.));
#14199 = DIRECTION('',(-0.,-1.,0.));
#14200 = FACE_BOUND('',#14201,.F.);
#14201 = EDGE_LOOP('',(#14202));
#14202 = ORIENTED_EDGE('',*,*,#14203,.T.);
#14203 = EDGE_CURVE('',#14204,#14204,#14206,.T.);
#14204 = VERTEX_POINT('',#14205);
#14205 = CARTESIAN_POINT('',(-48.338223,0.945,0.));
#14206 = CIRCLE('',#14207,0.5);
#14207 = AXIS2_PLACEMENT_3D('',#14208,#14209,#14210);
#14208 = CARTESIAN_POINT('',(-48.338223,1.445,0.));
#14209 = DIRECTION('',(-0.,0.,-1.));
#14210 = DIRECTION('',(-0.,-1.,0.));
#14211 = FACE_BOUND('',#14212,.F.);
#14212 = EDGE_LOOP('',(#14213));
#14213 = ORIENTED_EDGE('',*,*,#14214,.T.);
#14214 = EDGE_CURVE('',#14215,#14215,#14217,.T.);
#14215 = VERTEX_POINT('',#14216);
#14216 = CARTESIAN_POINT('',(-48.338223,3.485,0.));
#14217 = CIRCLE('',#14218,0.5);
#14218 = AXIS2_PLACEMENT_3D('',#14219,#14220,#14221);
#14219 = CARTESIAN_POINT('',(-48.338223,3.985,0.));
#14220 = DIRECTION('',(-0.,0.,-1.));
#14221 = DIRECTION('',(-0.,-1.,0.));
#14222 = FACE_BOUND('',#14223,.F.);
#14223 = EDGE_LOOP('',(#14224));
#14224 = ORIENTED_EDGE('',*,*,#14225,.T.);
#14225 = EDGE_CURVE('',#14226,#14226,#14228,.T.);
#14226 = VERTEX_POINT('',#14227);
#14227 = CARTESIAN_POINT('',(-48.338223,6.025,0.));
#14228 = CIRCLE('',#14229,0.5);
#14229 = AXIS2_PLACEMENT_3D('',#14230,#14231,#14232);
#14230 = CARTESIAN_POINT('',(-48.338223,6.525,0.));
#14231 = DIRECTION('',(-0.,0.,-1.));
#14232 = DIRECTION('',(-0.,-1.,0.));
#14233 = FACE_BOUND('',#14234,.F.);
#14234 = EDGE_LOOP('',(#14235));
#14235 = ORIENTED_EDGE('',*,*,#14236,.T.);
#14236 = EDGE_CURVE('',#14237,#14237,#14239,.T.);
#14237 = VERTEX_POINT('',#14238);
#14238 = CARTESIAN_POINT('',(-30.573223,4.445,0.));
#14239 = CIRCLE('',#14240,1.5);
#14240 = AXIS2_PLACEMENT_3D('',#14241,#14242,#14243);
#14241 = CARTESIAN_POINT('',(-30.573223,5.945,0.));
#14242 = DIRECTION('',(-0.,0.,-1.));
#14243 = DIRECTION('',(-0.,-1.,0.));
#14244 = FACE_BOUND('',#14245,.F.);
#14245 = EDGE_LOOP('',(#14246));
#14246 = ORIENTED_EDGE('',*,*,#14247,.T.);
#14247 = EDGE_CURVE('',#14248,#14248,#14250,.T.);
#14248 = VERTEX_POINT('',#14249);
#14249 = CARTESIAN_POINT('',(-24.223223,1.905,0.));
#14250 = CIRCLE('',#14251,1.5);
#14251 = AXIS2_PLACEMENT_3D('',#14252,#14253,#14254);
#14252 = CARTESIAN_POINT('',(-24.223223,3.405,0.));
#14253 = DIRECTION('',(-0.,0.,-1.));
#14254 = DIRECTION('',(-0.,-1.,0.));
#14255 = FACE_BOUND('',#14256,.F.);
#14256 = EDGE_LOOP('',(#14257));
#14257 = ORIENTED_EDGE('',*,*,#14258,.T.);
#14258 = EDGE_CURVE('',#14259,#14259,#14261,.T.);
#14259 = VERTEX_POINT('',#14260);
#14260 = CARTESIAN_POINT('',(-36.008223,10.225,0.));
#14261 = CIRCLE('',#14262,0.4);
#14262 = AXIS2_PLACEMENT_3D('',#14263,#14264,#14265);
#14263 = CARTESIAN_POINT('',(-36.008223,10.625,0.));
#14264 = DIRECTION('',(-0.,0.,-1.));
#14265 = DIRECTION('',(-0.,-1.,0.));
#14266 = FACE_BOUND('',#14267,.F.);
#14267 = EDGE_LOOP('',(#14268));
#14268 = ORIENTED_EDGE('',*,*,#14269,.T.);
#14269 = EDGE_CURVE('',#14270,#14270,#14272,.T.);
#14270 = VERTEX_POINT('',#14271);
#14271 = CARTESIAN_POINT('',(-28.388223,10.225,0.));
#14272 = CIRCLE('',#14273,0.4);
#14273 = AXIS2_PLACEMENT_3D('',#14274,#14275,#14276);
#14274 = CARTESIAN_POINT('',(-28.388223,10.625,0.));
#14275 = DIRECTION('',(-0.,0.,-1.));
#14276 = DIRECTION('',(-0.,-1.,0.));
#14277 = FACE_BOUND('',#14278,.F.);
#14278 = EDGE_LOOP('',(#14279));
#14279 = ORIENTED_EDGE('',*,*,#14280,.T.);
#14280 = EDGE_CURVE('',#14281,#14281,#14283,.T.);
#14281 = VERTEX_POINT('',#14282);
#14282 = CARTESIAN_POINT('',(-33.113223,19.7041,0.));
#14283 = CIRCLE('',#14284,0.8509);
#14284 = AXIS2_PLACEMENT_3D('',#14285,#14286,#14287);
#14285 = CARTESIAN_POINT('',(-33.113223,20.555,0.));
#14286 = DIRECTION('',(-0.,0.,-1.));
#14287 = DIRECTION('',(8.350484613469E-15,-1.,-0.));
#14288 = FACE_BOUND('',#14289,.F.);
#14289 = EDGE_LOOP('',(#14290));
#14290 = ORIENTED_EDGE('',*,*,#14291,.T.);
#14291 = EDGE_CURVE('',#14292,#14292,#14294,.T.);
#14292 = VERTEX_POINT('',#14293);
#14293 = CARTESIAN_POINT('',(-30.573223,24.135,0.));
#14294 = CIRCLE('',#14295,1.5);
#14295 = AXIS2_PLACEMENT_3D('',#14296,#14297,#14298);
#14296 = CARTESIAN_POINT('',(-30.573223,25.635,0.));
#14297 = DIRECTION('',(-0.,0.,-1.));
#14298 = DIRECTION('',(-0.,-1.,0.));
#14299 = FACE_BOUND('',#14300,.F.);
#14300 = EDGE_LOOP('',(#14301));
#14301 = ORIENTED_EDGE('',*,*,#14302,.T.);
#14302 = EDGE_CURVE('',#14303,#14303,#14305,.T.);
#14303 = VERTEX_POINT('',#14304);
#14304 = CARTESIAN_POINT('',(-28.033223,18.5611,0.));
#14305 = CIRCLE('',#14306,1.9939);
#14306 = AXIS2_PLACEMENT_3D('',#14307,#14308,#14309);
#14307 = CARTESIAN_POINT('',(-28.033223,20.555,0.));
#14308 = DIRECTION('',(-0.,0.,-1.));
#14309 = DIRECTION('',(-0.,-1.,0.));
#14310 = FACE_BOUND('',#14311,.F.);
#14311 = EDGE_LOOP('',(#14312));
#14312 = ORIENTED_EDGE('',*,*,#14313,.T.);
#14313 = EDGE_CURVE('',#14314,#14314,#14316,.T.);
#14314 = VERTEX_POINT('',#14315);
#14315 = CARTESIAN_POINT('',(-24.223223,21.595,0.));
#14316 = CIRCLE('',#14317,1.5);
#14317 = AXIS2_PLACEMENT_3D('',#14318,#14319,#14320);
#14318 = CARTESIAN_POINT('',(-24.223223,23.095,0.));
#14319 = DIRECTION('',(-0.,0.,-1.));
#14320 = DIRECTION('',(-0.,-1.,0.));
#14321 = FACE_BOUND('',#14322,.F.);
#14322 = EDGE_LOOP('',(#14323));
#14323 = ORIENTED_EDGE('',*,*,#14324,.T.);
#14324 = EDGE_CURVE('',#14325,#14325,#14327,.T.);
#14325 = VERTEX_POINT('',#14326);
#14326 = CARTESIAN_POINT('',(-16.368223,10.345,0.));
#14327 = CIRCLE('',#14328,0.4);
#14328 = AXIS2_PLACEMENT_3D('',#14329,#14330,#14331);
#14329 = CARTESIAN_POINT('',(-16.368223,10.745,0.));
#14330 = DIRECTION('',(-0.,0.,-1.));
#14331 = DIRECTION('',(-0.,-1.,0.));
#14332 = FACE_BOUND('',#14333,.F.);
#14333 = EDGE_LOOP('',(#14334));
#14334 = ORIENTED_EDGE('',*,*,#14335,.T.);
#14335 = EDGE_CURVE('',#14336,#14336,#14338,.T.);
#14336 = VERTEX_POINT('',#14337);
#14337 = CARTESIAN_POINT('',(-10.883223,4.445,0.));
#14338 = CIRCLE('',#14339,1.5);
#14339 = AXIS2_PLACEMENT_3D('',#14340,#14341,#14342);
#14340 = CARTESIAN_POINT('',(-10.883223,5.945,0.));
#14341 = DIRECTION('',(-0.,0.,-1.));
#14342 = DIRECTION('',(-0.,-1.,0.));
#14343 = FACE_BOUND('',#14344,.F.);
#14344 = EDGE_LOOP('',(#14345));
#14345 = ORIENTED_EDGE('',*,*,#14346,.T.);
#14346 = EDGE_CURVE('',#14347,#14347,#14349,.T.);
#14347 = VERTEX_POINT('',#14348);
#14348 = CARTESIAN_POINT('',(-4.533223,1.905,0.));
#14349 = CIRCLE('',#14350,1.5);
#14350 = AXIS2_PLACEMENT_3D('',#14351,#14352,#14353);
#14351 = CARTESIAN_POINT('',(-4.533223,3.405,0.));
#14352 = DIRECTION('',(-0.,0.,-1.));
#14353 = DIRECTION('',(-0.,-1.,0.));
#14354 = FACE_BOUND('',#14355,.F.);
#14355 = EDGE_LOOP('',(#14356));
#14356 = ORIENTED_EDGE('',*,*,#14357,.T.);
#14357 = EDGE_CURVE('',#14358,#14358,#14360,.T.);
#14358 = VERTEX_POINT('',#14359);
#14359 = CARTESIAN_POINT('',(-8.748223,10.345,0.));
#14360 = CIRCLE('',#14361,0.4);
#14361 = AXIS2_PLACEMENT_3D('',#14362,#14363,#14364);
#14362 = CARTESIAN_POINT('',(-8.748223,10.745,0.));
#14363 = DIRECTION('',(-0.,0.,-1.));
#14364 = DIRECTION('',(-0.,-1.,0.));
#14365 = FACE_BOUND('',#14366,.F.);
#14366 = EDGE_LOOP('',(#14367));
#14367 = ORIENTED_EDGE('',*,*,#14368,.T.);
#14368 = EDGE_CURVE('',#14369,#14369,#14371,.T.);
#14369 = VERTEX_POINT('',#14370);
#14370 = CARTESIAN_POINT('',(-22.953223,19.7041,0.));
#14371 = CIRCLE('',#14372,0.8509);
#14372 = AXIS2_PLACEMENT_3D('',#14373,#14374,#14375);
#14373 = CARTESIAN_POINT('',(-22.953223,20.555,0.));
#14374 = DIRECTION('',(-0.,0.,-1.));
#14375 = DIRECTION('',(-0.,-1.,0.));
#14376 = FACE_BOUND('',#14377,.F.);
#14377 = EDGE_LOOP('',(#14378));
#14378 = ORIENTED_EDGE('',*,*,#14379,.T.);
#14379 = EDGE_CURVE('',#14380,#14380,#14382,.T.);
#14380 = VERTEX_POINT('',#14381);
#14381 = CARTESIAN_POINT('',(-13.423223,19.7041,0.));
#14382 = CIRCLE('',#14383,0.8509);
#14383 = AXIS2_PLACEMENT_3D('',#14384,#14385,#14386);
#14384 = CARTESIAN_POINT('',(-13.423223,20.555,0.));
#14385 = DIRECTION('',(-0.,0.,-1.));
#14386 = DIRECTION('',(-0.,-1.,0.));
#14387 = FACE_BOUND('',#14388,.F.);
#14388 = EDGE_LOOP('',(#14389));
#14389 = ORIENTED_EDGE('',*,*,#14390,.T.);
#14390 = EDGE_CURVE('',#14391,#14391,#14393,.T.);
#14391 = VERTEX_POINT('',#14392);
#14392 = CARTESIAN_POINT('',(-8.343223,18.5611,0.));
#14393 = CIRCLE('',#14394,1.9939);
#14394 = AXIS2_PLACEMENT_3D('',#14395,#14396,#14397);
#14395 = CARTESIAN_POINT('',(-8.343223,20.555,0.));
#14396 = DIRECTION('',(-0.,0.,-1.));
#14397 = DIRECTION('',(-0.,-1.,0.));
#14398 = FACE_BOUND('',#14399,.F.);
#14399 = EDGE_LOOP('',(#14400));
#14400 = ORIENTED_EDGE('',*,*,#14401,.T.);
#14401 = EDGE_CURVE('',#14402,#14402,#14404,.T.);
#14402 = VERTEX_POINT('',#14403);
#14403 = CARTESIAN_POINT('',(-10.883223,24.135,0.));
#14404 = CIRCLE('',#14405,1.5);
#14405 = AXIS2_PLACEMENT_3D('',#14406,#14407,#14408);
#14406 = CARTESIAN_POINT('',(-10.883223,25.635,0.));
#14407 = DIRECTION('',(-0.,0.,-1.));
#14408 = DIRECTION('',(-0.,-1.,0.));
#14409 = FACE_BOUND('',#14410,.F.);
#14410 = EDGE_LOOP('',(#14411));
#14411 = ORIENTED_EDGE('',*,*,#14412,.T.);
#14412 = EDGE_CURVE('',#14413,#14413,#14415,.T.);
#14413 = VERTEX_POINT('',#14414);
#14414 = CARTESIAN_POINT('',(-3.263223,19.7041,0.));
#14415 = CIRCLE('',#14416,0.8509);
#14416 = AXIS2_PLACEMENT_3D('',#14417,#14418,#14419);
#14417 = CARTESIAN_POINT('',(-3.263223,20.555,0.));
#14418 = DIRECTION('',(-0.,0.,-1.));
#14419 = DIRECTION('',(-0.,-1.,0.));
#14420 = FACE_BOUND('',#14421,.F.);
#14421 = EDGE_LOOP('',(#14422));
#14422 = ORIENTED_EDGE('',*,*,#14423,.T.);
#14423 = EDGE_CURVE('',#14424,#14424,#14426,.T.);
#14424 = VERTEX_POINT('',#14425);
#14425 = CARTESIAN_POINT('',(-4.533223,21.595,0.));
#14426 = CIRCLE('',#14427,1.5);
#14427 = AXIS2_PLACEMENT_3D('',#14428,#14429,#14430);
#14428 = CARTESIAN_POINT('',(-4.533223,23.095,0.));
#14429 = DIRECTION('',(-0.,0.,-1.));
#14430 = DIRECTION('',(-0.,-1.,0.));
#14431 = FACE_BOUND('',#14432,.F.);
#14432 = EDGE_LOOP('',(#14433,#14444,#14452,#14461));
#14433 = ORIENTED_EDGE('',*,*,#14434,.T.);
#14434 = EDGE_CURVE('',#14435,#14437,#14439,.T.);
#14435 = VERTEX_POINT('',#14436);
#14436 = CARTESIAN_POINT('',(-40.288223,37.225,0.));
#14437 = VERTEX_POINT('',#14438);
#14438 = CARTESIAN_POINT('',(-40.288223,35.725,0.));
#14439 = CIRCLE('',#14440,0.75);
#14440 = AXIS2_PLACEMENT_3D('',#14441,#14442,#14443);
#14441 = CARTESIAN_POINT('',(-40.288223,36.475,0.));
#14442 = DIRECTION('',(-0.,0.,-1.));
#14443 = DIRECTION('',(-0.,-1.,0.));
#14444 = ORIENTED_EDGE('',*,*,#14445,.T.);
#14445 = EDGE_CURVE('',#14437,#14446,#14448,.T.);
#14446 = VERTEX_POINT('',#14447);
#14447 = CARTESIAN_POINT('',(-41.588223,35.725,0.));
#14448 = LINE('',#14449,#14450);
#14449 = CARTESIAN_POINT('',(-20.7941115,35.725,0.));
#14450 = VECTOR('',#14451,1.);
#14451 = DIRECTION('',(-1.,0.,0.));
#14452 = ORIENTED_EDGE('',*,*,#14453,.T.);
#14453 = EDGE_CURVE('',#14446,#14454,#14456,.T.);
#14454 = VERTEX_POINT('',#14455);
#14455 = CARTESIAN_POINT('',(-41.588223,37.225,0.));
#14456 = CIRCLE('',#14457,0.75);
#14457 = AXIS2_PLACEMENT_3D('',#14458,#14459,#14460);
#14458 = CARTESIAN_POINT('',(-41.588223,36.475,0.));
#14459 = DIRECTION('',(-0.,0.,-1.));
#14460 = DIRECTION('',(0.,1.,0.));
#14461 = ORIENTED_EDGE('',*,*,#14462,.T.);
#14462 = EDGE_CURVE('',#14454,#14435,#14463,.T.);
#14463 = LINE('',#14464,#14465);
#14464 = CARTESIAN_POINT('',(-20.1441115,37.225,0.));
#14465 = VECTOR('',#14466,1.);
#14466 = DIRECTION('',(1.,0.,-0.));
#14467 = FACE_BOUND('',#14468,.F.);
#14468 = EDGE_LOOP('',(#14469));
#14469 = ORIENTED_EDGE('',*,*,#14470,.T.);
#14470 = EDGE_CURVE('',#14471,#14471,#14473,.T.);
#14471 = VERTEX_POINT('',#14472);
#14472 = CARTESIAN_POINT('',(-48.438223,39.075,0.));
#14473 = CIRCLE('',#14474,0.5);
#14474 = AXIS2_PLACEMENT_3D('',#14475,#14476,#14477);
#14475 = CARTESIAN_POINT('',(-48.438223,39.575,0.));
#14476 = DIRECTION('',(-0.,0.,-1.));
#14477 = DIRECTION('',(-0.,-1.,0.));
#14478 = FACE_BOUND('',#14479,.F.);
#14479 = EDGE_LOOP('',(#14480));
#14480 = ORIENTED_EDGE('',*,*,#14481,.T.);
#14481 = EDGE_CURVE('',#14482,#14482,#14484,.T.);
#14482 = VERTEX_POINT('',#14483);
#14483 = CARTESIAN_POINT('',(-48.438223,41.575,0.));
#14484 = CIRCLE('',#14485,0.5);
#14485 = AXIS2_PLACEMENT_3D('',#14486,#14487,#14488);
#14486 = CARTESIAN_POINT('',(-48.438223,42.075,0.));
#14487 = DIRECTION('',(-0.,0.,-1.));
#14488 = DIRECTION('',(-0.,-1.,0.));
#14489 = FACE_BOUND('',#14490,.F.);
#14490 = EDGE_LOOP('',(#14491));
#14491 = ORIENTED_EDGE('',*,*,#14492,.T.);
#14492 = EDGE_CURVE('',#14493,#14493,#14495,.T.);
#14493 = VERTEX_POINT('',#14494);
#14494 = CARTESIAN_POINT('',(-48.438223,44.075,0.));
#14495 = CIRCLE('',#14496,0.5);
#14496 = AXIS2_PLACEMENT_3D('',#14497,#14498,#14499);
#14497 = CARTESIAN_POINT('',(-48.438223,44.575,0.));
#14498 = DIRECTION('',(-0.,0.,-1.));
#14499 = DIRECTION('',(-0.,-1.,0.));
#14500 = FACE_BOUND('',#14501,.F.);
#14501 = EDGE_LOOP('',(#14502));
#14502 = ORIENTED_EDGE('',*,*,#14503,.T.);
#14503 = EDGE_CURVE('',#14504,#14504,#14506,.T.);
#14504 = VERTEX_POINT('',#14505);
#14505 = CARTESIAN_POINT('',(-44.158223,50.625,0.));
#14506 = CIRCLE('',#14507,0.4);
#14507 = AXIS2_PLACEMENT_3D('',#14508,#14509,#14510);
#14508 = CARTESIAN_POINT('',(-44.158223,51.025,0.));
#14509 = DIRECTION('',(-0.,0.,-1.));
#14510 = DIRECTION('',(-0.,-1.,0.));
#14511 = FACE_BOUND('',#14512,.F.);
#14512 = EDGE_LOOP('',(#14513,#14524,#14532,#14541));
#14513 = ORIENTED_EDGE('',*,*,#14514,.T.);
#14514 = EDGE_CURVE('',#14515,#14517,#14519,.T.);
#14515 = VERTEX_POINT('',#14516);
#14516 = CARTESIAN_POINT('',(-40.288223,48.425,0.));
#14517 = VERTEX_POINT('',#14518);
#14518 = CARTESIAN_POINT('',(-40.288223,46.925,0.));
#14519 = CIRCLE('',#14520,0.75);
#14520 = AXIS2_PLACEMENT_3D('',#14521,#14522,#14523);
#14521 = CARTESIAN_POINT('',(-40.288223,47.675,0.));
#14522 = DIRECTION('',(-0.,0.,-1.));
#14523 = DIRECTION('',(-0.,-1.,0.));
#14524 = ORIENTED_EDGE('',*,*,#14525,.T.);
#14525 = EDGE_CURVE('',#14517,#14526,#14528,.T.);
#14526 = VERTEX_POINT('',#14527);
#14527 = CARTESIAN_POINT('',(-41.588223,46.925,0.));
#14528 = LINE('',#14529,#14530);
#14529 = CARTESIAN_POINT('',(-20.7941115,46.925,0.));
#14530 = VECTOR('',#14531,1.);
#14531 = DIRECTION('',(-1.,0.,0.));
#14532 = ORIENTED_EDGE('',*,*,#14533,.T.);
#14533 = EDGE_CURVE('',#14526,#14534,#14536,.T.);
#14534 = VERTEX_POINT('',#14535);
#14535 = CARTESIAN_POINT('',(-41.588223,48.425,0.));
#14536 = CIRCLE('',#14537,0.75);
#14537 = AXIS2_PLACEMENT_3D('',#14538,#14539,#14540);
#14538 = CARTESIAN_POINT('',(-41.588223,47.675,0.));
#14539 = DIRECTION('',(-0.,0.,-1.));
#14540 = DIRECTION('',(0.,1.,0.));
#14541 = ORIENTED_EDGE('',*,*,#14542,.T.);
#14542 = EDGE_CURVE('',#14534,#14515,#14543,.T.);
#14543 = LINE('',#14544,#14545);
#14544 = CARTESIAN_POINT('',(-20.1441115,48.425,0.));
#14545 = VECTOR('',#14546,1.);
#14546 = DIRECTION('',(1.,0.,-0.));
#14547 = FACE_BOUND('',#14548,.F.);
#14548 = EDGE_LOOP('',(#14549));
#14549 = ORIENTED_EDGE('',*,*,#14550,.T.);
#14550 = EDGE_CURVE('',#14551,#14551,#14553,.T.);
#14551 = VERTEX_POINT('',#14552);
#14552 = CARTESIAN_POINT('',(-36.538223,50.625,0.));
#14553 = CIRCLE('',#14554,0.4);
#14554 = AXIS2_PLACEMENT_3D('',#14555,#14556,#14557);
#14555 = CARTESIAN_POINT('',(-36.538223,51.025,0.));
#14556 = DIRECTION('',(-0.,0.,-1.));
#14557 = DIRECTION('',(-0.,-1.,0.));
#14558 = FACE_BOUND('',#14559,.F.);
#14559 = EDGE_LOOP('',(#14560));
#14560 = ORIENTED_EDGE('',*,*,#14561,.T.);
#14561 = EDGE_CURVE('',#14562,#14562,#14564,.T.);
#14562 = VERTEX_POINT('',#14563);
#14563 = CARTESIAN_POINT('',(-33.938223,39.075,0.));
#14564 = CIRCLE('',#14565,0.5);
#14565 = AXIS2_PLACEMENT_3D('',#14566,#14567,#14568);
#14566 = CARTESIAN_POINT('',(-33.938223,39.575,0.));
#14567 = DIRECTION('',(-0.,0.,-1.));
#14568 = DIRECTION('',(-0.,-1.,0.));
#14569 = FACE_BOUND('',#14570,.F.);
#14570 = EDGE_LOOP('',(#14571));
#14571 = ORIENTED_EDGE('',*,*,#14572,.T.);
#14572 = EDGE_CURVE('',#14573,#14573,#14575,.T.);
#14573 = VERTEX_POINT('',#14574);
#14574 = CARTESIAN_POINT('',(-30.638223,38.555,0.));
#14575 = CIRCLE('',#14576,0.4);
#14576 = AXIS2_PLACEMENT_3D('',#14577,#14578,#14579);
#14577 = CARTESIAN_POINT('',(-30.638223,38.955,0.));
#14578 = DIRECTION('',(-0.,0.,-1.));
#14579 = DIRECTION('',(-0.,-1.,0.));
#14580 = FACE_BOUND('',#14581,.F.);
#14581 = EDGE_LOOP('',(#14582));
#14582 = ORIENTED_EDGE('',*,*,#14583,.T.);
#14583 = EDGE_CURVE('',#14584,#14584,#14586,.T.);
#14584 = VERTEX_POINT('',#14585);
#14585 = CARTESIAN_POINT('',(-33.938223,44.075,0.));
#14586 = CIRCLE('',#14587,0.5);
#14587 = AXIS2_PLACEMENT_3D('',#14588,#14589,#14590);
#14588 = CARTESIAN_POINT('',(-33.938223,44.575,0.));
#14589 = DIRECTION('',(-0.,0.,-1.));
#14590 = DIRECTION('',(-0.,-1.,0.));
#14591 = FACE_BOUND('',#14592,.F.);
#14592 = EDGE_LOOP('',(#14593));
#14593 = ORIENTED_EDGE('',*,*,#14594,.T.);
#14594 = EDGE_CURVE('',#14595,#14595,#14597,.T.);
#14595 = VERTEX_POINT('',#14596);
#14596 = CARTESIAN_POINT('',(-30.638223,46.175,0.));
#14597 = CIRCLE('',#14598,0.4);
#14598 = AXIS2_PLACEMENT_3D('',#14599,#14600,#14601);
#14599 = CARTESIAN_POINT('',(-30.638223,46.575,0.));
#14600 = DIRECTION('',(-0.,0.,-1.));
#14601 = DIRECTION('',(-0.,-1.,0.));
#14602 = FACE_BOUND('',#14603,.F.);
#14603 = EDGE_LOOP('',(#14604));
#14604 = ORIENTED_EDGE('',*,*,#14605,.T.);
#14605 = EDGE_CURVE('',#14606,#14606,#14608,.T.);
#14606 = VERTEX_POINT('',#14607);
#14607 = CARTESIAN_POINT('',(-18.388223,41.005,0.));
#14608 = CIRCLE('',#14609,0.5);
#14609 = AXIS2_PLACEMENT_3D('',#14610,#14611,#14612);
#14610 = CARTESIAN_POINT('',(-18.388223,41.505,0.));
#14611 = DIRECTION('',(-0.,0.,-1.));
#14612 = DIRECTION('',(-0.,-1.,0.));
#14613 = FACE_BOUND('',#14614,.F.);
#14614 = EDGE_LOOP('',(#14615));
#14615 = ORIENTED_EDGE('',*,*,#14616,.T.);
#14616 = EDGE_CURVE('',#14617,#14617,#14619,.T.);
#14617 = VERTEX_POINT('',#14618);
#14618 = CARTESIAN_POINT('',(-18.388223,43.545,0.));
#14619 = CIRCLE('',#14620,0.5);
#14620 = AXIS2_PLACEMENT_3D('',#14621,#14622,#14623);
#14621 = CARTESIAN_POINT('',(-18.388223,44.045,0.));
#14622 = DIRECTION('',(-0.,0.,-1.));
#14623 = DIRECTION('',(-0.,-1.,0.));
#14624 = FACE_BOUND('',#14625,.F.);
#14625 = EDGE_LOOP('',(#14626));
#14626 = ORIENTED_EDGE('',*,*,#14627,.T.);
#14627 = EDGE_CURVE('',#14628,#14628,#14630,.T.);
#14628 = VERTEX_POINT('',#14629);
#14629 = CARTESIAN_POINT('',(-18.388223,46.085,0.));
#14630 = CIRCLE('',#14631,0.5);
#14631 = AXIS2_PLACEMENT_3D('',#14632,#14633,#14634);
#14632 = CARTESIAN_POINT('',(-18.388223,46.585,0.));
#14633 = DIRECTION('',(-0.,0.,-1.));
#14634 = DIRECTION('',(-0.,-1.,0.));
#14635 = FACE_BOUND('',#14636,.F.);
#14636 = EDGE_LOOP('',(#14637));
#14637 = ORIENTED_EDGE('',*,*,#14638,.T.);
#14638 = EDGE_CURVE('',#14639,#14639,#14641,.T.);
#14639 = VERTEX_POINT('',#14640);
#14640 = CARTESIAN_POINT('',(-18.388223,48.625,0.));
#14641 = CIRCLE('',#14642,0.5);
#14642 = AXIS2_PLACEMENT_3D('',#14643,#14644,#14645);
#14643 = CARTESIAN_POINT('',(-18.388223,49.125,0.));
#14644 = DIRECTION('',(-0.,0.,-1.));
#14645 = DIRECTION('',(-0.,-1.,0.));
#14646 = FACE_BOUND('',#14647,.F.);
#14647 = EDGE_LOOP('',(#14648));
#14648 = ORIENTED_EDGE('',*,*,#14649,.T.);
#14649 = EDGE_CURVE('',#14650,#14650,#14652,.T.);
#14650 = VERTEX_POINT('',#14651);
#14651 = CARTESIAN_POINT('',(8.806777,4.445,0.));
#14652 = CIRCLE('',#14653,1.5);
#14653 = AXIS2_PLACEMENT_3D('',#14654,#14655,#14656);
#14654 = CARTESIAN_POINT('',(8.806777,5.945,0.));
#14655 = DIRECTION('',(-0.,0.,-1.));
#14656 = DIRECTION('',(-0.,-1.,0.));
#14657 = FACE_BOUND('',#14658,.F.);
#14658 = EDGE_LOOP('',(#14659));
#14659 = ORIENTED_EDGE('',*,*,#14660,.T.);
#14660 = EDGE_CURVE('',#14661,#14661,#14663,.T.);
#14661 = VERTEX_POINT('',#14662);
#14662 = CARTESIAN_POINT('',(3.371777,10.345,0.));
#14663 = CIRCLE('',#14664,0.4);
#14664 = AXIS2_PLACEMENT_3D('',#14665,#14666,#14667);
#14665 = CARTESIAN_POINT('',(3.371777,10.745,0.));
#14666 = DIRECTION('',(-0.,0.,-1.));
#14667 = DIRECTION('',(-0.,-1.,0.));
#14668 = FACE_BOUND('',#14669,.F.);
#14669 = EDGE_LOOP('',(#14670));
#14670 = ORIENTED_EDGE('',*,*,#14671,.T.);
#14671 = EDGE_CURVE('',#14672,#14672,#14674,.T.);
#14672 = VERTEX_POINT('',#14673);
#14673 = CARTESIAN_POINT('',(10.991777,10.345,0.));
#14674 = CIRCLE('',#14675,0.4);
#14675 = AXIS2_PLACEMENT_3D('',#14676,#14677,#14678);
#14676 = CARTESIAN_POINT('',(10.991777,10.745,0.));
#14677 = DIRECTION('',(-0.,0.,-1.));
#14678 = DIRECTION('',(4.440892098501E-15,-1.,-0.));
#14679 = FACE_BOUND('',#14680,.F.);
#14680 = EDGE_LOOP('',(#14681));
#14681 = ORIENTED_EDGE('',*,*,#14682,.T.);
#14682 = EDGE_CURVE('',#14683,#14683,#14685,.T.);
#14683 = VERTEX_POINT('',#14684);
#14684 = CARTESIAN_POINT('',(15.156777,1.905,0.));
#14685 = CIRCLE('',#14686,1.5);
#14686 = AXIS2_PLACEMENT_3D('',#14687,#14688,#14689);
#14687 = CARTESIAN_POINT('',(15.156777,3.405,0.));
#14688 = DIRECTION('',(-0.,0.,-1.));
#14689 = DIRECTION('',(-1.184237892933E-15,-1.,0.));
#14690 = FACE_BOUND('',#14691,.F.);
#14691 = EDGE_LOOP('',(#14692));
#14692 = ORIENTED_EDGE('',*,*,#14693,.T.);
#14693 = EDGE_CURVE('',#14694,#14694,#14696,.T.);
#14694 = VERTEX_POINT('',#14695);
#14695 = CARTESIAN_POINT('',(23.111777,10.345,0.));
#14696 = CIRCLE('',#14697,0.4);
#14697 = AXIS2_PLACEMENT_3D('',#14698,#14699,#14700);
#14698 = CARTESIAN_POINT('',(23.111777,10.745,0.));
#14699 = DIRECTION('',(-0.,0.,-1.));
#14700 = DIRECTION('',(-0.,-1.,0.));
#14701 = FACE_BOUND('',#14702,.F.);
#14702 = EDGE_LOOP('',(#14703));
#14703 = ORIENTED_EDGE('',*,*,#14704,.T.);
#14704 = EDGE_CURVE('',#14705,#14705,#14707,.T.);
#14705 = VERTEX_POINT('',#14706);
#14706 = CARTESIAN_POINT('',(6.266777,19.7041,0.));
#14707 = CIRCLE('',#14708,0.8509);
#14708 = AXIS2_PLACEMENT_3D('',#14709,#14710,#14711);
#14709 = CARTESIAN_POINT('',(6.266777,20.555,0.));
#14710 = DIRECTION('',(-0.,0.,-1.));
#14711 = DIRECTION('',(1.043810576684E-15,-1.,-0.));
#14712 = FACE_BOUND('',#14713,.F.);
#14713 = EDGE_LOOP('',(#14714));
#14714 = ORIENTED_EDGE('',*,*,#14715,.T.);
#14715 = EDGE_CURVE('',#14716,#14716,#14718,.T.);
#14716 = VERTEX_POINT('',#14717);
#14717 = CARTESIAN_POINT('',(11.346777,18.5611,0.));
#14718 = CIRCLE('',#14719,1.9939);
#14719 = AXIS2_PLACEMENT_3D('',#14720,#14721,#14722);
#14720 = CARTESIAN_POINT('',(11.346777,20.555,0.));
#14721 = DIRECTION('',(-0.,0.,-1.));
#14722 = DIRECTION('',(-0.,-1.,0.));
#14723 = FACE_BOUND('',#14724,.F.);
#14724 = EDGE_LOOP('',(#14725));
#14725 = ORIENTED_EDGE('',*,*,#14726,.T.);
#14726 = EDGE_CURVE('',#14727,#14727,#14729,.T.);
#14727 = VERTEX_POINT('',#14728);
#14728 = CARTESIAN_POINT('',(8.806777,24.135,0.));
#14729 = CIRCLE('',#14730,1.5);
#14730 = AXIS2_PLACEMENT_3D('',#14731,#14732,#14733);
#14731 = CARTESIAN_POINT('',(8.806777,25.635,0.));
#14732 = DIRECTION('',(-0.,0.,-1.));
#14733 = DIRECTION('',(-0.,-1.,0.));
#14734 = FACE_BOUND('',#14735,.F.);
#14735 = EDGE_LOOP('',(#14736));
#14736 = ORIENTED_EDGE('',*,*,#14737,.T.);
#14737 = EDGE_CURVE('',#14738,#14738,#14740,.T.);
#14738 = VERTEX_POINT('',#14739);
#14739 = CARTESIAN_POINT('',(16.426777,19.7041,0.));
#14740 = CIRCLE('',#14741,0.8509);
#14741 = AXIS2_PLACEMENT_3D('',#14742,#14743,#14744);
#14742 = CARTESIAN_POINT('',(16.426777,20.555,0.));
#14743 = DIRECTION('',(-0.,0.,-1.));
#14744 = DIRECTION('',(-0.,-1.,0.));
#14745 = FACE_BOUND('',#14746,.F.);
#14746 = EDGE_LOOP('',(#14747));
#14747 = ORIENTED_EDGE('',*,*,#14748,.T.);
#14748 = EDGE_CURVE('',#14749,#14749,#14751,.T.);
#14749 = VERTEX_POINT('',#14750);
#14750 = CARTESIAN_POINT('',(15.156777,21.595,0.));
#14751 = CIRCLE('',#14752,1.5);
#14752 = AXIS2_PLACEMENT_3D('',#14753,#14754,#14755);
#14753 = CARTESIAN_POINT('',(15.156777,23.095,0.));
#14754 = DIRECTION('',(-0.,0.,-1.));
#14755 = DIRECTION('',(-1.184237892934E-15,-1.,0.));
#14756 = FACE_BOUND('',#14757,.F.);
#14757 = EDGE_LOOP('',(#14758));
#14758 = ORIENTED_EDGE('',*,*,#14759,.T.);
#14759 = EDGE_CURVE('',#14760,#14760,#14762,.T.);
#14760 = VERTEX_POINT('',#14761);
#14761 = CARTESIAN_POINT('',(28.496777,4.445,0.));
#14762 = CIRCLE('',#14763,1.5);
#14763 = AXIS2_PLACEMENT_3D('',#14764,#14765,#14766);
#14764 = CARTESIAN_POINT('',(28.496777,5.945,0.));
#14765 = DIRECTION('',(-0.,0.,-1.));
#14766 = DIRECTION('',(-0.,-1.,0.));
#14767 = FACE_BOUND('',#14768,.F.);
#14768 = EDGE_LOOP('',(#14769));
#14769 = ORIENTED_EDGE('',*,*,#14770,.T.);
#14770 = EDGE_CURVE('',#14771,#14771,#14773,.T.);
#14771 = VERTEX_POINT('',#14772);
#14772 = CARTESIAN_POINT('',(34.846777,1.905,0.));
#14773 = CIRCLE('',#14774,1.5);
#14774 = AXIS2_PLACEMENT_3D('',#14775,#14776,#14777);
#14775 = CARTESIAN_POINT('',(34.846777,3.405,0.));
#14776 = DIRECTION('',(-0.,0.,-1.));
#14777 = DIRECTION('',(-0.,-1.,0.));
#14778 = FACE_BOUND('',#14779,.F.);
#14779 = EDGE_LOOP('',(#14780));
#14780 = ORIENTED_EDGE('',*,*,#14781,.T.);
#14781 = EDGE_CURVE('',#14782,#14782,#14784,.T.);
#14782 = VERTEX_POINT('',#14783);
#14783 = CARTESIAN_POINT('',(30.731777,10.345,0.));
#14784 = CIRCLE('',#14785,0.4);
#14785 = AXIS2_PLACEMENT_3D('',#14786,#14787,#14788);
#14786 = CARTESIAN_POINT('',(30.731777,10.745,0.));
#14787 = DIRECTION('',(-0.,0.,-1.));
#14788 = DIRECTION('',(-0.,-1.,0.));
#14789 = FACE_BOUND('',#14790,.F.);
#14790 = EDGE_LOOP('',(#14791));
#14791 = ORIENTED_EDGE('',*,*,#14792,.T.);
#14792 = EDGE_CURVE('',#14793,#14793,#14795,.T.);
#14793 = VERTEX_POINT('',#14794);
#14794 = CARTESIAN_POINT('',(25.956777,19.7041,0.));
#14795 = CIRCLE('',#14796,0.8509);
#14796 = AXIS2_PLACEMENT_3D('',#14797,#14798,#14799);
#14797 = CARTESIAN_POINT('',(25.956777,20.555,0.));
#14798 = DIRECTION('',(-0.,0.,-1.));
#14799 = DIRECTION('',(-4.175242306735E-15,-1.,0.));
#14800 = FACE_BOUND('',#14801,.F.);
#14801 = EDGE_LOOP('',(#14802));
#14802 = ORIENTED_EDGE('',*,*,#14803,.T.);
#14803 = EDGE_CURVE('',#14804,#14804,#14806,.T.);
#14804 = VERTEX_POINT('',#14805);
#14805 = CARTESIAN_POINT('',(31.036777,18.5611,0.));
#14806 = CIRCLE('',#14807,1.9939);
#14807 = AXIS2_PLACEMENT_3D('',#14808,#14809,#14810);
#14808 = CARTESIAN_POINT('',(31.036777,20.555,0.));
#14809 = DIRECTION('',(-0.,0.,-1.));
#14810 = DIRECTION('',(-0.,-1.,0.));
#14811 = FACE_BOUND('',#14812,.F.);
#14812 = EDGE_LOOP('',(#14813));
#14813 = ORIENTED_EDGE('',*,*,#14814,.T.);
#14814 = EDGE_CURVE('',#14815,#14815,#14817,.T.);
#14815 = VERTEX_POINT('',#14816);
#14816 = CARTESIAN_POINT('',(28.496777,24.135,0.));
#14817 = CIRCLE('',#14818,1.5);
#14818 = AXIS2_PLACEMENT_3D('',#14819,#14820,#14821);
#14819 = CARTESIAN_POINT('',(28.496777,25.635,0.));
#14820 = DIRECTION('',(-0.,0.,-1.));
#14821 = DIRECTION('',(-0.,-1.,0.));
#14822 = FACE_BOUND('',#14823,.F.);
#14823 = EDGE_LOOP('',(#14824));
#14824 = ORIENTED_EDGE('',*,*,#14825,.T.);
#14825 = EDGE_CURVE('',#14826,#14826,#14828,.T.);
#14826 = VERTEX_POINT('',#14827);
#14827 = CARTESIAN_POINT('',(34.846777,21.595,0.));
#14828 = CIRCLE('',#14829,1.5);
#14829 = AXIS2_PLACEMENT_3D('',#14830,#14831,#14832);
#14830 = CARTESIAN_POINT('',(34.846777,23.095,0.));
#14831 = DIRECTION('',(-0.,0.,-1.));
#14832 = DIRECTION('',(-0.,-1.,0.));
#14833 = FACE_BOUND('',#14834,.F.);
#14834 = EDGE_LOOP('',(#14835));
#14835 = ORIENTED_EDGE('',*,*,#14836,.T.);
#14836 = EDGE_CURVE('',#14837,#14837,#14839,.T.);
#14837 = VERTEX_POINT('',#14838);
#14838 = CARTESIAN_POINT('',(36.116777,19.7041,0.));
#14839 = CIRCLE('',#14840,0.8509);
#14840 = AXIS2_PLACEMENT_3D('',#14841,#14842,#14843);
#14841 = CARTESIAN_POINT('',(36.116777,20.555,0.));
#14842 = DIRECTION('',(-0.,0.,-1.));
#14843 = DIRECTION('',(-0.,-1.,0.));
#14844 = FACE_BOUND('',#14845,.F.);
#14845 = EDGE_LOOP('',(#14846));
#14846 = ORIENTED_EDGE('',*,*,#14847,.T.);
#14847 = EDGE_CURVE('',#14848,#14848,#14850,.T.);
#14848 = VERTEX_POINT('',#14849);
#14849 = CARTESIAN_POINT('',(35.041777,34.575,0.));
#14850 = CIRCLE('',#14851,0.5);
#14851 = AXIS2_PLACEMENT_3D('',#14852,#14853,#14854);
#14852 = CARTESIAN_POINT('',(35.041777,35.075,0.));
#14853 = DIRECTION('',(-0.,0.,-1.));
#14854 = DIRECTION('',(-0.,-1.,0.));
#14855 = FACE_BOUND('',#14856,.F.);
#14856 = EDGE_LOOP('',(#14857));
#14857 = ORIENTED_EDGE('',*,*,#14858,.T.);
#14858 = EDGE_CURVE('',#14859,#14859,#14861,.T.);
#14859 = VERTEX_POINT('',#14860);
#14860 = CARTESIAN_POINT('',(37.581777,34.575,0.));
#14861 = CIRCLE('',#14862,0.5);
#14862 = AXIS2_PLACEMENT_3D('',#14863,#14864,#14865);
#14863 = CARTESIAN_POINT('',(37.581777,35.075,0.));
#14864 = DIRECTION('',(-0.,0.,-1.));
#14865 = DIRECTION('',(-0.,-1.,0.));
#14866 = FACE_BOUND('',#14867,.F.);
#14867 = EDGE_LOOP('',(#14868));
#14868 = ORIENTED_EDGE('',*,*,#14869,.T.);
#14869 = EDGE_CURVE('',#14870,#14870,#14872,.T.);
#14870 = VERTEX_POINT('',#14871);
#14871 = CARTESIAN_POINT('',(40.121777,34.575,0.));
#14872 = CIRCLE('',#14873,0.5);
#14873 = AXIS2_PLACEMENT_3D('',#14874,#14875,#14876);
#14874 = CARTESIAN_POINT('',(40.121777,35.075,0.));
#14875 = DIRECTION('',(-0.,0.,-1.));
#14876 = DIRECTION('',(-0.,-1.,0.));
#14877 = FACE_BOUND('',#14878,.F.);
#14878 = EDGE_LOOP('',(#14879));
#14879 = ORIENTED_EDGE('',*,*,#14880,.T.);
#14880 = EDGE_CURVE('',#14881,#14881,#14883,.T.);
#14881 = VERTEX_POINT('',#14882);
#14882 = CARTESIAN_POINT('',(42.661777,34.575,0.));
#14883 = CIRCLE('',#14884,0.5);
#14884 = AXIS2_PLACEMENT_3D('',#14885,#14886,#14887);
#14885 = CARTESIAN_POINT('',(42.661777,35.075,0.));
#14886 = DIRECTION('',(-0.,0.,-1.));
#14887 = DIRECTION('',(-0.,-1.,0.));
#14888 = FACE_BOUND('',#14889,.F.);
#14889 = EDGE_LOOP('',(#14890));
#14890 = ORIENTED_EDGE('',*,*,#14891,.T.);
#14891 = EDGE_CURVE('',#14892,#14892,#14894,.T.);
#14892 = VERTEX_POINT('',#14893);
#14893 = CARTESIAN_POINT('',(45.201777,34.575,0.));
#14894 = CIRCLE('',#14895,0.5);
#14895 = AXIS2_PLACEMENT_3D('',#14896,#14897,#14898);
#14896 = CARTESIAN_POINT('',(45.201777,35.075,0.));
#14897 = DIRECTION('',(-0.,0.,-1.));
#14898 = DIRECTION('',(-0.,-1.,0.));
#14899 = FACE_BOUND('',#14900,.F.);
#14900 = EDGE_LOOP('',(#14901));
#14901 = ORIENTED_EDGE('',*,*,#14902,.T.);
#14902 = EDGE_CURVE('',#14903,#14903,#14905,.T.);
#14903 = VERTEX_POINT('',#14904);
#14904 = CARTESIAN_POINT('',(47.741777,34.575,0.));
#14905 = CIRCLE('',#14906,0.5);
#14906 = AXIS2_PLACEMENT_3D('',#14907,#14908,#14909);
#14907 = CARTESIAN_POINT('',(47.741777,35.075,0.));
#14908 = DIRECTION('',(-0.,0.,-1.));
#14909 = DIRECTION('',(-0.,-1.,0.));
#14910 = FACE_BOUND('',#14911,.F.);
#14911 = EDGE_LOOP('',(#14912));
#14912 = ORIENTED_EDGE('',*,*,#14913,.T.);
#14913 = EDGE_CURVE('',#14914,#14914,#14916,.T.);
#14914 = VERTEX_POINT('',#14915);
#14915 = CARTESIAN_POINT('',(50.281777,34.575,0.));
#14916 = CIRCLE('',#14917,0.5);
#14917 = AXIS2_PLACEMENT_3D('',#14918,#14919,#14920);
#14918 = CARTESIAN_POINT('',(50.281777,35.075,0.));
#14919 = DIRECTION('',(-0.,0.,-1.));
#14920 = DIRECTION('',(-0.,-1.,0.));
#14921 = FACE_BOUND('',#14922,.F.);
#14922 = EDGE_LOOP('',(#14923));
#14923 = ORIENTED_EDGE('',*,*,#14924,.T.);
#14924 = EDGE_CURVE('',#14925,#14925,#14927,.T.);
#14925 = VERTEX_POINT('',#14926);
#14926 = CARTESIAN_POINT('',(35.041777,49.825,0.));
#14927 = CIRCLE('',#14928,0.5);
#14928 = AXIS2_PLACEMENT_3D('',#14929,#14930,#14931);
#14929 = CARTESIAN_POINT('',(35.041777,50.325,0.));
#14930 = DIRECTION('',(-0.,0.,-1.));
#14931 = DIRECTION('',(-0.,-1.,0.));
#14932 = FACE_BOUND('',#14933,.F.);
#14933 = EDGE_LOOP('',(#14934));
#14934 = ORIENTED_EDGE('',*,*,#14935,.T.);
#14935 = EDGE_CURVE('',#14936,#14936,#14938,.T.);
#14936 = VERTEX_POINT('',#14937);
#14937 = CARTESIAN_POINT('',(37.581777,49.825,0.));
#14938 = CIRCLE('',#14939,0.5);
#14939 = AXIS2_PLACEMENT_3D('',#14940,#14941,#14942);
#14940 = CARTESIAN_POINT('',(37.581777,50.325,0.));
#14941 = DIRECTION('',(-0.,0.,-1.));
#14942 = DIRECTION('',(-0.,-1.,0.));
#14943 = FACE_BOUND('',#14944,.F.);
#14944 = EDGE_LOOP('',(#14945));
#14945 = ORIENTED_EDGE('',*,*,#14946,.T.);
#14946 = EDGE_CURVE('',#14947,#14947,#14949,.T.);
#14947 = VERTEX_POINT('',#14948);
#14948 = CARTESIAN_POINT('',(40.121777,49.825,0.));
#14949 = CIRCLE('',#14950,0.5);
#14950 = AXIS2_PLACEMENT_3D('',#14951,#14952,#14953);
#14951 = CARTESIAN_POINT('',(40.121777,50.325,0.));
#14952 = DIRECTION('',(-0.,0.,-1.));
#14953 = DIRECTION('',(-0.,-1.,0.));
#14954 = FACE_BOUND('',#14955,.F.);
#14955 = EDGE_LOOP('',(#14956));
#14956 = ORIENTED_EDGE('',*,*,#14957,.T.);
#14957 = EDGE_CURVE('',#14958,#14958,#14960,.T.);
#14958 = VERTEX_POINT('',#14959);
#14959 = CARTESIAN_POINT('',(42.661777,49.825,0.));
#14960 = CIRCLE('',#14961,0.5);
#14961 = AXIS2_PLACEMENT_3D('',#14962,#14963,#14964);
#14962 = CARTESIAN_POINT('',(42.661777,50.325,0.));
#14963 = DIRECTION('',(-0.,0.,-1.));
#14964 = DIRECTION('',(-0.,-1.,0.));
#14965 = FACE_BOUND('',#14966,.F.);
#14966 = EDGE_LOOP('',(#14967));
#14967 = ORIENTED_EDGE('',*,*,#14968,.T.);
#14968 = EDGE_CURVE('',#14969,#14969,#14971,.T.);
#14969 = VERTEX_POINT('',#14970);
#14970 = CARTESIAN_POINT('',(45.201777,49.825,0.));
#14971 = CIRCLE('',#14972,0.5);
#14972 = AXIS2_PLACEMENT_3D('',#14973,#14974,#14975);
#14973 = CARTESIAN_POINT('',(45.201777,50.325,0.));
#14974 = DIRECTION('',(-0.,0.,-1.));
#14975 = DIRECTION('',(-0.,-1.,0.));
#14976 = FACE_BOUND('',#14977,.F.);
#14977 = EDGE_LOOP('',(#14978));
#14978 = ORIENTED_EDGE('',*,*,#14979,.T.);
#14979 = EDGE_CURVE('',#14980,#14980,#14982,.T.);
#14980 = VERTEX_POINT('',#14981);
#14981 = CARTESIAN_POINT('',(47.741777,49.825,0.));
#14982 = CIRCLE('',#14983,0.5);
#14983 = AXIS2_PLACEMENT_3D('',#14984,#14985,#14986);
#14984 = CARTESIAN_POINT('',(47.741777,50.325,0.));
#14985 = DIRECTION('',(-0.,0.,-1.));
#14986 = DIRECTION('',(-0.,-1.,0.));
#14987 = FACE_BOUND('',#14988,.F.);
#14988 = EDGE_LOOP('',(#14989));
#14989 = ORIENTED_EDGE('',*,*,#14990,.T.);
#14990 = EDGE_CURVE('',#14991,#14991,#14993,.T.);
#14991 = VERTEX_POINT('',#14992);
#14992 = CARTESIAN_POINT('',(50.281777,49.825,0.));
#14993 = CIRCLE('',#14994,0.5);
#14994 = AXIS2_PLACEMENT_3D('',#14995,#14996,#14997);
#14995 = CARTESIAN_POINT('',(50.281777,50.325,0.));
#14996 = DIRECTION('',(-0.,0.,-1.));
#14997 = DIRECTION('',(-0.,-1.,0.));
#14998 = PLANE('',#14999);
#14999 = AXIS2_PLACEMENT_3D('',#15000,#15001,#15002);
#15000 = CARTESIAN_POINT('',(0.,0.,0.));
#15001 = DIRECTION('',(0.,0.,1.));
#15002 = DIRECTION('',(1.,0.,-0.));
#15003 = ADVANCED_FACE('',(#15004,#15050,#15061,#15072,#15083,#15094,
    #15105,#15116,#15127,#15138,#15149,#15160,#15171,#15182,#15193,
    #15204,#15215,#15226,#15237,#15248,#15259,#15270,#15281,#15292,
    #15303,#15314,#15325,#15336,#15347,#15358,#15369,#15380,#15391,
    #15402,#15413,#15424,#15435,#15446,#15457,#15468,#15479,#15490,
    #15501,#15512,#15523,#15534,#15545,#15556,#15567,#15578,#15589,
    #15600,#15611,#15622,#15633,#15644,#15655,#15666,#15677,#15688,
    #15699,#15710,#15721,#15732,#15743,#15754,#15765,#15776,#15787,
    #15798,#15809,#15820,#15831,#15842,#15853,#15864,#15875,#15886,
    #15897,#15908,#15919,#15930,#15941,#15952,#15963,#15974,#15985,
    #15996,#16007,#16018,#16029,#16040,#16051,#16062,#16073,#16084,
    #16095,#16106,#16117,#16153,#16164,#16175,#16186,#16197,#16233,
    #16244,#16255,#16266,#16277,#16288,#16299,#16310,#16321,#16332,
    #16343,#16354,#16365,#16376,#16387,#16398,#16409,#16420,#16431,
    #16442,#16453,#16464,#16475,#16486,#16497,#16508,#16519,#16530,
    #16541,#16552,#16563,#16574,#16585,#16596,#16607,#16618,#16629,
    #16640,#16651,#16662,#16673),#16684,.T.);
#15004 = FACE_BOUND('',#15005,.T.);
#15005 = EDGE_LOOP('',(#15006,#15007,#15008,#15017,#15025,#15034,#15042,
    #15049));
#15006 = ORIENTED_EDGE('',*,*,#13227,.F.);
#15007 = ORIENTED_EDGE('',*,*,#13269,.F.);
#15008 = ORIENTED_EDGE('',*,*,#15009,.F.);
#15009 = EDGE_CURVE('',#15010,#13262,#15012,.T.);
#15010 = VERTEX_POINT('',#15011);
#15011 = CARTESIAN_POINT('',(-54.888223,48.375,1.51));
#15012 = CIRCLE('',#15013,7.000001598897);
#15013 = AXIS2_PLACEMENT_3D('',#15014,#15015,#15016);
#15014 = CARTESIAN_POINT('',(-47.8882214011,48.374998401103,1.51));
#15015 = DIRECTION('',(0.,0.,-1.));
#15016 = DIRECTION('',(-1.,2.284137441487E-07,0.));
#15017 = ORIENTED_EDGE('',*,*,#15018,.F.);
#15018 = EDGE_CURVE('',#15019,#15010,#15021,.T.);
#15019 = VERTEX_POINT('',#15020);
#15020 = CARTESIAN_POINT('',(-54.888223,-48.375,1.51));
#15021 = LINE('',#15022,#15023);
#15022 = CARTESIAN_POINT('',(-54.888223,-48.375,1.51));
#15023 = VECTOR('',#15024,1.);
#15024 = DIRECTION('',(0.,1.,0.));
#15025 = ORIENTED_EDGE('',*,*,#15026,.F.);
#15026 = EDGE_CURVE('',#15027,#15019,#15029,.T.);
#15027 = VERTEX_POINT('',#15028);
#15028 = CARTESIAN_POINT('',(-47.888223,-55.375,1.51));
#15029 = CIRCLE('',#15030,7.000001598897);
#15030 = AXIS2_PLACEMENT_3D('',#15031,#15032,#15033);
#15031 = CARTESIAN_POINT('',(-47.8882214011,-48.3749984011,1.51));
#15032 = DIRECTION('',(0.,0.,-1.));
#15033 = DIRECTION('',(-2.284137441487E-07,-1.,-0.));
#15034 = ORIENTED_EDGE('',*,*,#15035,.F.);
#15035 = EDGE_CURVE('',#15036,#15027,#15038,.T.);
#15036 = VERTEX_POINT('',#15037);
#15037 = CARTESIAN_POINT('',(47.661777,-55.375,1.51));
#15038 = LINE('',#15039,#15040);
#15039 = CARTESIAN_POINT('',(47.661777,-55.375,1.51));
#15040 = VECTOR('',#15041,1.);
#15041 = DIRECTION('',(-1.,0.,0.));
#15042 = ORIENTED_EDGE('',*,*,#15043,.F.);
#15043 = EDGE_CURVE('',#13292,#15036,#15044,.T.);
#15044 = CIRCLE('',#15045,7.000001598897);
#15045 = AXIS2_PLACEMENT_3D('',#15046,#15047,#15048);
#15046 = CARTESIAN_POINT('',(47.661775401103,-48.3749984011,1.51));
#15047 = DIRECTION('',(0.,0.,-1.));
#15048 = DIRECTION('',(1.,-2.284137421186E-07,0.));
#15049 = ORIENTED_EDGE('',*,*,#13291,.F.);
#15050 = FACE_BOUND('',#15051,.T.);
#15051 = EDGE_LOOP('',(#15052));
#15052 = ORIENTED_EDGE('',*,*,#15053,.T.);
#15053 = EDGE_CURVE('',#15054,#15054,#15056,.T.);
#15054 = VERTEX_POINT('',#15055);
#15055 = CARTESIAN_POINT('',(-35.998223,-48.775,1.51));
#15056 = CIRCLE('',#15057,0.4);
#15057 = AXIS2_PLACEMENT_3D('',#15058,#15059,#15060);
#15058 = CARTESIAN_POINT('',(-35.998223,-48.375,1.51));
#15059 = DIRECTION('',(-0.,0.,-1.));
#15060 = DIRECTION('',(-1.7763568394E-14,-1.,0.));
#15061 = FACE_BOUND('',#15062,.T.);
#15062 = EDGE_LOOP('',(#15063));
#15063 = ORIENTED_EDGE('',*,*,#15064,.T.);
#15064 = EDGE_CURVE('',#15065,#15065,#15067,.T.);
#15065 = VERTEX_POINT('',#15066);
#15066 = CARTESIAN_POINT('',(-28.378223,-48.775,1.51));
#15067 = CIRCLE('',#15068,0.4);
#15068 = AXIS2_PLACEMENT_3D('',#15069,#15070,#15071);
#15069 = CARTESIAN_POINT('',(-28.378223,-48.375,1.51));
#15070 = DIRECTION('',(-0.,0.,-1.));
#15071 = DIRECTION('',(-0.,-1.,0.));
#15072 = FACE_BOUND('',#15073,.T.);
#15073 = EDGE_LOOP('',(#15074));
#15074 = ORIENTED_EDGE('',*,*,#15075,.T.);
#15075 = EDGE_CURVE('',#15076,#15076,#15078,.T.);
#15076 = VERTEX_POINT('',#15077);
#15077 = CARTESIAN_POINT('',(-33.113223,-39.3659,1.51));
#15078 = CIRCLE('',#15079,0.8509);
#15079 = AXIS2_PLACEMENT_3D('',#15080,#15081,#15082);
#15080 = CARTESIAN_POINT('',(-33.113223,-38.515,1.51));
#15081 = DIRECTION('',(-0.,0.,-1.));
#15082 = DIRECTION('',(8.350484613469E-15,-1.,-0.));
#15083 = FACE_BOUND('',#15084,.T.);
#15084 = EDGE_LOOP('',(#15085));
#15085 = ORIENTED_EDGE('',*,*,#15086,.T.);
#15086 = EDGE_CURVE('',#15087,#15087,#15089,.T.);
#15087 = VERTEX_POINT('',#15088);
#15088 = CARTESIAN_POINT('',(-28.033223,-40.5089,1.51));
#15089 = CIRCLE('',#15090,1.9939);
#15090 = AXIS2_PLACEMENT_3D('',#15091,#15092,#15093);
#15091 = CARTESIAN_POINT('',(-28.033223,-38.515,1.51));
#15092 = DIRECTION('',(-0.,0.,-1.));
#15093 = DIRECTION('',(-0.,-1.,0.));
#15094 = FACE_BOUND('',#15095,.T.);
#15095 = EDGE_LOOP('',(#15096));
#15096 = ORIENTED_EDGE('',*,*,#15097,.T.);
#15097 = EDGE_CURVE('',#15098,#15098,#15100,.T.);
#15098 = VERTEX_POINT('',#15099);
#15099 = CARTESIAN_POINT('',(-30.573223,-34.935,1.51));
#15100 = CIRCLE('',#15101,1.5);
#15101 = AXIS2_PLACEMENT_3D('',#15102,#15103,#15104);
#15102 = CARTESIAN_POINT('',(-30.573223,-33.435,1.51));
#15103 = DIRECTION('',(-0.,0.,-1.));
#15104 = DIRECTION('',(-0.,-1.,0.));
#15105 = FACE_BOUND('',#15106,.T.);
#15106 = EDGE_LOOP('',(#15107));
#15107 = ORIENTED_EDGE('',*,*,#15108,.T.);
#15108 = EDGE_CURVE('',#15109,#15109,#15111,.T.);
#15109 = VERTEX_POINT('',#15110);
#15110 = CARTESIAN_POINT('',(-24.223223,-37.475,1.51));
#15111 = CIRCLE('',#15112,1.5);
#15112 = AXIS2_PLACEMENT_3D('',#15113,#15114,#15115);
#15113 = CARTESIAN_POINT('',(-24.223223,-35.975,1.51));
#15114 = DIRECTION('',(-0.,0.,-1.));
#15115 = DIRECTION('',(-0.,-1.,0.));
#15116 = FACE_BOUND('',#15117,.T.);
#15117 = EDGE_LOOP('',(#15118));
#15118 = ORIENTED_EDGE('',*,*,#15119,.T.);
#15119 = EDGE_CURVE('',#15120,#15120,#15122,.T.);
#15120 = VERTEX_POINT('',#15121);
#15121 = CARTESIAN_POINT('',(-35.998223,-29.095,1.51));
#15122 = CIRCLE('',#15123,0.4);
#15123 = AXIS2_PLACEMENT_3D('',#15124,#15125,#15126);
#15124 = CARTESIAN_POINT('',(-35.998223,-28.695,1.51));
#15125 = DIRECTION('',(-0.,0.,-1.));
#15126 = DIRECTION('',(-1.7763568394E-14,-1.,0.));
#15127 = FACE_BOUND('',#15128,.T.);
#15128 = EDGE_LOOP('',(#15129));
#15129 = ORIENTED_EDGE('',*,*,#15130,.T.);
#15130 = EDGE_CURVE('',#15131,#15131,#15133,.T.);
#15131 = VERTEX_POINT('',#15132);
#15132 = CARTESIAN_POINT('',(-28.378223,-29.095,1.51));
#15133 = CIRCLE('',#15134,0.4);
#15134 = AXIS2_PLACEMENT_3D('',#15135,#15136,#15137);
#15135 = CARTESIAN_POINT('',(-28.378223,-28.695,1.51));
#15136 = DIRECTION('',(-0.,0.,-1.));
#15137 = DIRECTION('',(-0.,-1.,0.));
#15138 = FACE_BOUND('',#15139,.T.);
#15139 = EDGE_LOOP('',(#15140));
#15140 = ORIENTED_EDGE('',*,*,#15141,.T.);
#15141 = EDGE_CURVE('',#15142,#15142,#15144,.T.);
#15142 = VERTEX_POINT('',#15143);
#15143 = CARTESIAN_POINT('',(-16.368223,-48.775,1.51));
#15144 = CIRCLE('',#15145,0.4);
#15145 = AXIS2_PLACEMENT_3D('',#15146,#15147,#15148);
#15146 = CARTESIAN_POINT('',(-16.368223,-48.375,1.51));
#15147 = DIRECTION('',(-0.,0.,-1.));
#15148 = DIRECTION('',(-0.,-1.,0.));
#15149 = FACE_BOUND('',#15150,.T.);
#15150 = EDGE_LOOP('',(#15151));
#15151 = ORIENTED_EDGE('',*,*,#15152,.T.);
#15152 = EDGE_CURVE('',#15153,#15153,#15155,.T.);
#15153 = VERTEX_POINT('',#15154);
#15154 = CARTESIAN_POINT('',(-22.953223,-39.3659,1.51));
#15155 = CIRCLE('',#15156,0.8509);
#15156 = AXIS2_PLACEMENT_3D('',#15157,#15158,#15159);
#15157 = CARTESIAN_POINT('',(-22.953223,-38.515,1.51));
#15158 = DIRECTION('',(-0.,0.,-1.));
#15159 = DIRECTION('',(-0.,-1.,0.));
#15160 = FACE_BOUND('',#15161,.T.);
#15161 = EDGE_LOOP('',(#15162));
#15162 = ORIENTED_EDGE('',*,*,#15163,.T.);
#15163 = EDGE_CURVE('',#15164,#15164,#15166,.T.);
#15164 = VERTEX_POINT('',#15165);
#15165 = CARTESIAN_POINT('',(-13.423223,-39.3659,1.51));
#15166 = CIRCLE('',#15167,0.8509);
#15167 = AXIS2_PLACEMENT_3D('',#15168,#15169,#15170);
#15168 = CARTESIAN_POINT('',(-13.423223,-38.515,1.51));
#15169 = DIRECTION('',(-0.,0.,-1.));
#15170 = DIRECTION('',(-0.,-1.,0.));
#15171 = FACE_BOUND('',#15172,.T.);
#15172 = EDGE_LOOP('',(#15173));
#15173 = ORIENTED_EDGE('',*,*,#15174,.T.);
#15174 = EDGE_CURVE('',#15175,#15175,#15177,.T.);
#15175 = VERTEX_POINT('',#15176);
#15176 = CARTESIAN_POINT('',(-8.748223,-48.775,1.51));
#15177 = CIRCLE('',#15178,0.4);
#15178 = AXIS2_PLACEMENT_3D('',#15179,#15180,#15181);
#15179 = CARTESIAN_POINT('',(-8.748223,-48.375,1.51));
#15180 = DIRECTION('',(-0.,0.,-1.));
#15181 = DIRECTION('',(-0.,-1.,0.));
#15182 = FACE_BOUND('',#15183,.T.);
#15183 = EDGE_LOOP('',(#15184));
#15184 = ORIENTED_EDGE('',*,*,#15185,.T.);
#15185 = EDGE_CURVE('',#15186,#15186,#15188,.T.);
#15186 = VERTEX_POINT('',#15187);
#15187 = CARTESIAN_POINT('',(-8.343223,-40.5089,1.51));
#15188 = CIRCLE('',#15189,1.9939);
#15189 = AXIS2_PLACEMENT_3D('',#15190,#15191,#15192);
#15190 = CARTESIAN_POINT('',(-8.343223,-38.515,1.51));
#15191 = DIRECTION('',(-0.,0.,-1.));
#15192 = DIRECTION('',(-0.,-1.,0.));
#15193 = FACE_BOUND('',#15194,.T.);
#15194 = EDGE_LOOP('',(#15195));
#15195 = ORIENTED_EDGE('',*,*,#15196,.T.);
#15196 = EDGE_CURVE('',#15197,#15197,#15199,.T.);
#15197 = VERTEX_POINT('',#15198);
#15198 = CARTESIAN_POINT('',(-3.263223,-39.3659,1.51));
#15199 = CIRCLE('',#15200,0.8509);
#15200 = AXIS2_PLACEMENT_3D('',#15201,#15202,#15203);
#15201 = CARTESIAN_POINT('',(-3.263223,-38.515,1.51));
#15202 = DIRECTION('',(-0.,0.,-1.));
#15203 = DIRECTION('',(-0.,-1.,0.));
#15204 = FACE_BOUND('',#15205,.T.);
#15205 = EDGE_LOOP('',(#15206));
#15206 = ORIENTED_EDGE('',*,*,#15207,.T.);
#15207 = EDGE_CURVE('',#15208,#15208,#15210,.T.);
#15208 = VERTEX_POINT('',#15209);
#15209 = CARTESIAN_POINT('',(-16.368223,-29.135,1.51));
#15210 = CIRCLE('',#15211,0.4);
#15211 = AXIS2_PLACEMENT_3D('',#15212,#15213,#15214);
#15212 = CARTESIAN_POINT('',(-16.368223,-28.735,1.51));
#15213 = DIRECTION('',(-0.,0.,-1.));
#15214 = DIRECTION('',(-0.,-1.,0.));
#15215 = FACE_BOUND('',#15216,.T.);
#15216 = EDGE_LOOP('',(#15217));
#15217 = ORIENTED_EDGE('',*,*,#15218,.T.);
#15218 = EDGE_CURVE('',#15219,#15219,#15221,.T.);
#15219 = VERTEX_POINT('',#15220);
#15220 = CARTESIAN_POINT('',(-10.883223,-34.935,1.51));
#15221 = CIRCLE('',#15222,1.5);
#15222 = AXIS2_PLACEMENT_3D('',#15223,#15224,#15225);
#15223 = CARTESIAN_POINT('',(-10.883223,-33.435,1.51));
#15224 = DIRECTION('',(-0.,0.,-1.));
#15225 = DIRECTION('',(-0.,-1.,0.));
#15226 = FACE_BOUND('',#15227,.T.);
#15227 = EDGE_LOOP('',(#15228));
#15228 = ORIENTED_EDGE('',*,*,#15229,.T.);
#15229 = EDGE_CURVE('',#15230,#15230,#15232,.T.);
#15230 = VERTEX_POINT('',#15231);
#15231 = CARTESIAN_POINT('',(-4.533223,-37.475,1.51));
#15232 = CIRCLE('',#15233,1.5);
#15233 = AXIS2_PLACEMENT_3D('',#15234,#15235,#15236);
#15234 = CARTESIAN_POINT('',(-4.533223,-35.975,1.51));
#15235 = DIRECTION('',(-0.,0.,-1.));
#15236 = DIRECTION('',(-0.,-1.,0.));
#15237 = FACE_BOUND('',#15238,.T.);
#15238 = EDGE_LOOP('',(#15239));
#15239 = ORIENTED_EDGE('',*,*,#15240,.T.);
#15240 = EDGE_CURVE('',#15241,#15241,#15243,.T.);
#15241 = VERTEX_POINT('',#15242);
#15242 = CARTESIAN_POINT('',(-8.748223,-29.135,1.51));
#15243 = CIRCLE('',#15244,0.4);
#15244 = AXIS2_PLACEMENT_3D('',#15245,#15246,#15247);
#15245 = CARTESIAN_POINT('',(-8.748223,-28.735,1.51));
#15246 = DIRECTION('',(-0.,0.,-1.));
#15247 = DIRECTION('',(-0.,-1.,0.));
#15248 = FACE_BOUND('',#15249,.T.);
#15249 = EDGE_LOOP('',(#15250));
#15250 = ORIENTED_EDGE('',*,*,#15251,.T.);
#15251 = EDGE_CURVE('',#15252,#15252,#15254,.T.);
#15252 = VERTEX_POINT('',#15253);
#15253 = CARTESIAN_POINT('',(-33.113223,-19.6759,1.51));
#15254 = CIRCLE('',#15255,0.8509);
#15255 = AXIS2_PLACEMENT_3D('',#15256,#15257,#15258);
#15256 = CARTESIAN_POINT('',(-33.113223,-18.825,1.51));
#15257 = DIRECTION('',(-0.,0.,-1.));
#15258 = DIRECTION('',(8.350484613469E-15,-1.,-0.));
#15259 = FACE_BOUND('',#15260,.T.);
#15260 = EDGE_LOOP('',(#15261));
#15261 = ORIENTED_EDGE('',*,*,#15262,.T.);
#15262 = EDGE_CURVE('',#15263,#15263,#15265,.T.);
#15263 = VERTEX_POINT('',#15264);
#15264 = CARTESIAN_POINT('',(-28.033223,-20.8189,1.51));
#15265 = CIRCLE('',#15266,1.9939);
#15266 = AXIS2_PLACEMENT_3D('',#15267,#15268,#15269);
#15267 = CARTESIAN_POINT('',(-28.033223,-18.825,1.51));
#15268 = DIRECTION('',(-0.,0.,-1.));
#15269 = DIRECTION('',(-0.,-1.,0.));
#15270 = FACE_BOUND('',#15271,.T.);
#15271 = EDGE_LOOP('',(#15272));
#15272 = ORIENTED_EDGE('',*,*,#15273,.T.);
#15273 = EDGE_CURVE('',#15274,#15274,#15276,.T.);
#15274 = VERTEX_POINT('',#15275);
#15275 = CARTESIAN_POINT('',(-30.573223,-15.245,1.51));
#15276 = CIRCLE('',#15277,1.5);
#15277 = AXIS2_PLACEMENT_3D('',#15278,#15279,#15280);
#15278 = CARTESIAN_POINT('',(-30.573223,-13.745,1.51));
#15279 = DIRECTION('',(-0.,0.,-1.));
#15280 = DIRECTION('',(-0.,-1.,0.));
#15281 = FACE_BOUND('',#15282,.T.);
#15282 = EDGE_LOOP('',(#15283));
#15283 = ORIENTED_EDGE('',*,*,#15284,.T.);
#15284 = EDGE_CURVE('',#15285,#15285,#15287,.T.);
#15285 = VERTEX_POINT('',#15286);
#15286 = CARTESIAN_POINT('',(-24.223223,-17.785,1.51));
#15287 = CIRCLE('',#15288,1.5);
#15288 = AXIS2_PLACEMENT_3D('',#15289,#15290,#15291);
#15289 = CARTESIAN_POINT('',(-24.223223,-16.285,1.51));
#15290 = DIRECTION('',(-0.,0.,-1.));
#15291 = DIRECTION('',(-0.,-1.,0.));
#15292 = FACE_BOUND('',#15293,.T.);
#15293 = EDGE_LOOP('',(#15294));
#15294 = ORIENTED_EDGE('',*,*,#15295,.T.);
#15295 = EDGE_CURVE('',#15296,#15296,#15298,.T.);
#15296 = VERTEX_POINT('',#15297);
#15297 = CARTESIAN_POINT('',(-35.998223,-9.355,1.51));
#15298 = CIRCLE('',#15299,0.4);
#15299 = AXIS2_PLACEMENT_3D('',#15300,#15301,#15302);
#15300 = CARTESIAN_POINT('',(-35.998223,-8.955,1.51));
#15301 = DIRECTION('',(-0.,0.,-1.));
#15302 = DIRECTION('',(-1.7763568394E-14,-1.,0.));
#15303 = FACE_BOUND('',#15304,.T.);
#15304 = EDGE_LOOP('',(#15305));
#15305 = ORIENTED_EDGE('',*,*,#15306,.T.);
#15306 = EDGE_CURVE('',#15307,#15307,#15309,.T.);
#15307 = VERTEX_POINT('',#15308);
#15308 = CARTESIAN_POINT('',(-28.378223,-9.355,1.51));
#15309 = CIRCLE('',#15310,0.4);
#15310 = AXIS2_PLACEMENT_3D('',#15311,#15312,#15313);
#15311 = CARTESIAN_POINT('',(-28.378223,-8.955,1.51));
#15312 = DIRECTION('',(-0.,0.,-1.));
#15313 = DIRECTION('',(-0.,-1.,0.));
#15314 = FACE_BOUND('',#15315,.T.);
#15315 = EDGE_LOOP('',(#15316));
#15316 = ORIENTED_EDGE('',*,*,#15317,.T.);
#15317 = EDGE_CURVE('',#15318,#15318,#15320,.T.);
#15318 = VERTEX_POINT('',#15319);
#15319 = CARTESIAN_POINT('',(-33.113223,1.41E-02,1.51));
#15320 = CIRCLE('',#15321,0.8509);
#15321 = AXIS2_PLACEMENT_3D('',#15322,#15323,#15324);
#15322 = CARTESIAN_POINT('',(-33.113223,0.865,1.51));
#15323 = DIRECTION('',(-0.,0.,-1.));
#15324 = DIRECTION('',(8.350484613469E-15,-1.,-0.));
#15325 = FACE_BOUND('',#15326,.T.);
#15326 = EDGE_LOOP('',(#15327));
#15327 = ORIENTED_EDGE('',*,*,#15328,.T.);
#15328 = EDGE_CURVE('',#15329,#15329,#15331,.T.);
#15329 = VERTEX_POINT('',#15330);
#15330 = CARTESIAN_POINT('',(-28.033223,-1.1289,1.51));
#15331 = CIRCLE('',#15332,1.9939);
#15332 = AXIS2_PLACEMENT_3D('',#15333,#15334,#15335);
#15333 = CARTESIAN_POINT('',(-28.033223,0.865,1.51));
#15334 = DIRECTION('',(-0.,0.,-1.));
#15335 = DIRECTION('',(-0.,-1.,0.));
#15336 = FACE_BOUND('',#15337,.T.);
#15337 = EDGE_LOOP('',(#15338));
#15338 = ORIENTED_EDGE('',*,*,#15339,.T.);
#15339 = EDGE_CURVE('',#15340,#15340,#15342,.T.);
#15340 = VERTEX_POINT('',#15341);
#15341 = CARTESIAN_POINT('',(-22.953223,-19.6759,1.51));
#15342 = CIRCLE('',#15343,0.8509);
#15343 = AXIS2_PLACEMENT_3D('',#15344,#15345,#15346);
#15344 = CARTESIAN_POINT('',(-22.953223,-18.825,1.51));
#15345 = DIRECTION('',(-0.,0.,-1.));
#15346 = DIRECTION('',(-0.,-1.,0.));
#15347 = FACE_BOUND('',#15348,.T.);
#15348 = EDGE_LOOP('',(#15349));
#15349 = ORIENTED_EDGE('',*,*,#15350,.T.);
#15350 = EDGE_CURVE('',#15351,#15351,#15353,.T.);
#15351 = VERTEX_POINT('',#15352);
#15352 = CARTESIAN_POINT('',(-13.423223,-19.6759,1.51));
#15353 = CIRCLE('',#15354,0.8509);
#15354 = AXIS2_PLACEMENT_3D('',#15355,#15356,#15357);
#15355 = CARTESIAN_POINT('',(-13.423223,-18.825,1.51));
#15356 = DIRECTION('',(-0.,0.,-1.));
#15357 = DIRECTION('',(-0.,-1.,0.));
#15358 = FACE_BOUND('',#15359,.T.);
#15359 = EDGE_LOOP('',(#15360));
#15360 = ORIENTED_EDGE('',*,*,#15361,.T.);
#15361 = EDGE_CURVE('',#15362,#15362,#15364,.T.);
#15362 = VERTEX_POINT('',#15363);
#15363 = CARTESIAN_POINT('',(-8.343223,-20.8189,1.51));
#15364 = CIRCLE('',#15365,1.9939);
#15365 = AXIS2_PLACEMENT_3D('',#15366,#15367,#15368);
#15366 = CARTESIAN_POINT('',(-8.343223,-18.825,1.51));
#15367 = DIRECTION('',(-0.,0.,-1.));
#15368 = DIRECTION('',(-0.,-1.,0.));
#15369 = FACE_BOUND('',#15370,.T.);
#15370 = EDGE_LOOP('',(#15371));
#15371 = ORIENTED_EDGE('',*,*,#15372,.T.);
#15372 = EDGE_CURVE('',#15373,#15373,#15375,.T.);
#15373 = VERTEX_POINT('',#15374);
#15374 = CARTESIAN_POINT('',(-3.263223,-19.6759,1.51));
#15375 = CIRCLE('',#15376,0.8509);
#15376 = AXIS2_PLACEMENT_3D('',#15377,#15378,#15379);
#15377 = CARTESIAN_POINT('',(-3.263223,-18.825,1.51));
#15378 = DIRECTION('',(-0.,0.,-1.));
#15379 = DIRECTION('',(-0.,-1.,0.));
#15380 = FACE_BOUND('',#15381,.T.);
#15381 = EDGE_LOOP('',(#15382));
#15382 = ORIENTED_EDGE('',*,*,#15383,.T.);
#15383 = EDGE_CURVE('',#15384,#15384,#15386,.T.);
#15384 = VERTEX_POINT('',#15385);
#15385 = CARTESIAN_POINT('',(-10.883223,-15.245,1.51));
#15386 = CIRCLE('',#15387,1.5);
#15387 = AXIS2_PLACEMENT_3D('',#15388,#15389,#15390);
#15388 = CARTESIAN_POINT('',(-10.883223,-13.745,1.51));
#15389 = DIRECTION('',(-0.,0.,-1.));
#15390 = DIRECTION('',(-0.,-1.,0.));
#15391 = FACE_BOUND('',#15392,.T.);
#15392 = EDGE_LOOP('',(#15393));
#15393 = ORIENTED_EDGE('',*,*,#15394,.T.);
#15394 = EDGE_CURVE('',#15395,#15395,#15397,.T.);
#15395 = VERTEX_POINT('',#15396);
#15396 = CARTESIAN_POINT('',(-4.533223,-17.785,1.51));
#15397 = CIRCLE('',#15398,1.5);
#15398 = AXIS2_PLACEMENT_3D('',#15399,#15400,#15401);
#15399 = CARTESIAN_POINT('',(-4.533223,-16.285,1.51));
#15400 = DIRECTION('',(-0.,0.,-1.));
#15401 = DIRECTION('',(-0.,-1.,0.));
#15402 = FACE_BOUND('',#15403,.T.);
#15403 = EDGE_LOOP('',(#15404));
#15404 = ORIENTED_EDGE('',*,*,#15405,.T.);
#15405 = EDGE_CURVE('',#15406,#15406,#15408,.T.);
#15406 = VERTEX_POINT('',#15407);
#15407 = CARTESIAN_POINT('',(-16.368223,-9.395,1.51));
#15408 = CIRCLE('',#15409,0.4);
#15409 = AXIS2_PLACEMENT_3D('',#15410,#15411,#15412);
#15410 = CARTESIAN_POINT('',(-16.368223,-8.995,1.51));
#15411 = DIRECTION('',(-0.,0.,-1.));
#15412 = DIRECTION('',(-0.,-1.,0.));
#15413 = FACE_BOUND('',#15414,.T.);
#15414 = EDGE_LOOP('',(#15415));
#15415 = ORIENTED_EDGE('',*,*,#15416,.T.);
#15416 = EDGE_CURVE('',#15417,#15417,#15419,.T.);
#15417 = VERTEX_POINT('',#15418);
#15418 = CARTESIAN_POINT('',(-22.953223,1.41E-02,1.51));
#15419 = CIRCLE('',#15420,0.8509);
#15420 = AXIS2_PLACEMENT_3D('',#15421,#15422,#15423);
#15421 = CARTESIAN_POINT('',(-22.953223,0.865,1.51));
#15422 = DIRECTION('',(-0.,0.,-1.));
#15423 = DIRECTION('',(-0.,-1.,0.));
#15424 = FACE_BOUND('',#15425,.T.);
#15425 = EDGE_LOOP('',(#15426));
#15426 = ORIENTED_EDGE('',*,*,#15427,.T.);
#15427 = EDGE_CURVE('',#15428,#15428,#15430,.T.);
#15428 = VERTEX_POINT('',#15429);
#15429 = CARTESIAN_POINT('',(-13.423223,1.41E-02,1.51));
#15430 = CIRCLE('',#15431,0.8509);
#15431 = AXIS2_PLACEMENT_3D('',#15432,#15433,#15434);
#15432 = CARTESIAN_POINT('',(-13.423223,0.865,1.51));
#15433 = DIRECTION('',(-0.,0.,-1.));
#15434 = DIRECTION('',(-0.,-1.,0.));
#15435 = FACE_BOUND('',#15436,.T.);
#15436 = EDGE_LOOP('',(#15437));
#15437 = ORIENTED_EDGE('',*,*,#15438,.T.);
#15438 = EDGE_CURVE('',#15439,#15439,#15441,.T.);
#15439 = VERTEX_POINT('',#15440);
#15440 = CARTESIAN_POINT('',(-8.748223,-9.395,1.51));
#15441 = CIRCLE('',#15442,0.4);
#15442 = AXIS2_PLACEMENT_3D('',#15443,#15444,#15445);
#15443 = CARTESIAN_POINT('',(-8.748223,-8.995,1.51));
#15444 = DIRECTION('',(-0.,0.,-1.));
#15445 = DIRECTION('',(-0.,-1.,0.));
#15446 = FACE_BOUND('',#15447,.T.);
#15447 = EDGE_LOOP('',(#15448));
#15448 = ORIENTED_EDGE('',*,*,#15449,.T.);
#15449 = EDGE_CURVE('',#15450,#15450,#15452,.T.);
#15450 = VERTEX_POINT('',#15451);
#15451 = CARTESIAN_POINT('',(-8.343223,-1.1289,1.51));
#15452 = CIRCLE('',#15453,1.9939);
#15453 = AXIS2_PLACEMENT_3D('',#15454,#15455,#15456);
#15454 = CARTESIAN_POINT('',(-8.343223,0.865,1.51));
#15455 = DIRECTION('',(-0.,0.,-1.));
#15456 = DIRECTION('',(-0.,-1.,0.));
#15457 = FACE_BOUND('',#15458,.T.);
#15458 = EDGE_LOOP('',(#15459));
#15459 = ORIENTED_EDGE('',*,*,#15460,.T.);
#15460 = EDGE_CURVE('',#15461,#15461,#15463,.T.);
#15461 = VERTEX_POINT('',#15462);
#15462 = CARTESIAN_POINT('',(-3.263223,1.41E-02,1.51));
#15463 = CIRCLE('',#15464,0.8509);
#15464 = AXIS2_PLACEMENT_3D('',#15465,#15466,#15467);
#15465 = CARTESIAN_POINT('',(-3.263223,0.865,1.51));
#15466 = DIRECTION('',(-0.,0.,-1.));
#15467 = DIRECTION('',(-0.,-1.,0.));
#15468 = FACE_BOUND('',#15469,.T.);
#15469 = EDGE_LOOP('',(#15470));
#15470 = ORIENTED_EDGE('',*,*,#15471,.T.);
#15471 = EDGE_CURVE('',#15472,#15472,#15474,.T.);
#15472 = VERTEX_POINT('',#15473);
#15473 = CARTESIAN_POINT('',(3.412777,-49.045,1.51));
#15474 = CIRCLE('',#15475,0.4);
#15475 = AXIS2_PLACEMENT_3D('',#15476,#15477,#15478);
#15476 = CARTESIAN_POINT('',(3.412777,-48.645,1.51));
#15477 = DIRECTION('',(-0.,0.,-1.));
#15478 = DIRECTION('',(-0.,-1.,0.));
#15479 = FACE_BOUND('',#15480,.T.);
#15480 = EDGE_LOOP('',(#15481));
#15481 = ORIENTED_EDGE('',*,*,#15482,.T.);
#15482 = EDGE_CURVE('',#15483,#15483,#15485,.T.);
#15483 = VERTEX_POINT('',#15484);
#15484 = CARTESIAN_POINT('',(11.032777,-49.045,1.51));
#15485 = CIRCLE('',#15486,0.4);
#15486 = AXIS2_PLACEMENT_3D('',#15487,#15488,#15489);
#15487 = CARTESIAN_POINT('',(11.032777,-48.645,1.51));
#15488 = DIRECTION('',(-0.,0.,-1.));
#15489 = DIRECTION('',(-0.,-1.,0.));
#15490 = FACE_BOUND('',#15491,.T.);
#15491 = EDGE_LOOP('',(#15492));
#15492 = ORIENTED_EDGE('',*,*,#15493,.T.);
#15493 = EDGE_CURVE('',#15494,#15494,#15496,.T.);
#15494 = VERTEX_POINT('',#15495);
#15495 = CARTESIAN_POINT('',(6.266777,-39.3659,1.51));
#15496 = CIRCLE('',#15497,0.8509);
#15497 = AXIS2_PLACEMENT_3D('',#15498,#15499,#15500);
#15498 = CARTESIAN_POINT('',(6.266777,-38.515,1.51));
#15499 = DIRECTION('',(-0.,0.,-1.));
#15500 = DIRECTION('',(1.043810576684E-15,-1.,-0.));
#15501 = FACE_BOUND('',#15502,.T.);
#15502 = EDGE_LOOP('',(#15503));
#15503 = ORIENTED_EDGE('',*,*,#15504,.T.);
#15504 = EDGE_CURVE('',#15505,#15505,#15507,.T.);
#15505 = VERTEX_POINT('',#15506);
#15506 = CARTESIAN_POINT('',(11.346777,-40.5089,1.51));
#15507 = CIRCLE('',#15508,1.9939);
#15508 = AXIS2_PLACEMENT_3D('',#15509,#15510,#15511);
#15509 = CARTESIAN_POINT('',(11.346777,-38.515,1.51));
#15510 = DIRECTION('',(-0.,0.,-1.));
#15511 = DIRECTION('',(-0.,-1.,0.));
#15512 = FACE_BOUND('',#15513,.T.);
#15513 = EDGE_LOOP('',(#15514));
#15514 = ORIENTED_EDGE('',*,*,#15515,.T.);
#15515 = EDGE_CURVE('',#15516,#15516,#15518,.T.);
#15516 = VERTEX_POINT('',#15517);
#15517 = CARTESIAN_POINT('',(23.111777,-48.775,1.51));
#15518 = CIRCLE('',#15519,0.4);
#15519 = AXIS2_PLACEMENT_3D('',#15520,#15521,#15522);
#15520 = CARTESIAN_POINT('',(23.111777,-48.375,1.51));
#15521 = DIRECTION('',(-0.,0.,-1.));
#15522 = DIRECTION('',(-0.,-1.,0.));
#15523 = FACE_BOUND('',#15524,.T.);
#15524 = EDGE_LOOP('',(#15525));
#15525 = ORIENTED_EDGE('',*,*,#15526,.T.);
#15526 = EDGE_CURVE('',#15527,#15527,#15529,.T.);
#15527 = VERTEX_POINT('',#15528);
#15528 = CARTESIAN_POINT('',(16.426777,-39.3659,1.51));
#15529 = CIRCLE('',#15530,0.8509);
#15530 = AXIS2_PLACEMENT_3D('',#15531,#15532,#15533);
#15531 = CARTESIAN_POINT('',(16.426777,-38.515,1.51));
#15532 = DIRECTION('',(-0.,0.,-1.));
#15533 = DIRECTION('',(-0.,-1.,0.));
#15534 = FACE_BOUND('',#15535,.T.);
#15535 = EDGE_LOOP('',(#15536));
#15536 = ORIENTED_EDGE('',*,*,#15537,.T.);
#15537 = EDGE_CURVE('',#15538,#15538,#15540,.T.);
#15538 = VERTEX_POINT('',#15539);
#15539 = CARTESIAN_POINT('',(8.806777,-34.935,1.51));
#15540 = CIRCLE('',#15541,1.5);
#15541 = AXIS2_PLACEMENT_3D('',#15542,#15543,#15544);
#15542 = CARTESIAN_POINT('',(8.806777,-33.435,1.51));
#15543 = DIRECTION('',(-0.,0.,-1.));
#15544 = DIRECTION('',(-0.,-1.,0.));
#15545 = FACE_BOUND('',#15546,.T.);
#15546 = EDGE_LOOP('',(#15547));
#15547 = ORIENTED_EDGE('',*,*,#15548,.T.);
#15548 = EDGE_CURVE('',#15549,#15549,#15551,.T.);
#15549 = VERTEX_POINT('',#15550);
#15550 = CARTESIAN_POINT('',(3.331777,-29.135,1.51));
#15551 = CIRCLE('',#15552,0.4);
#15552 = AXIS2_PLACEMENT_3D('',#15553,#15554,#15555);
#15553 = CARTESIAN_POINT('',(3.331777,-28.735,1.51));
#15554 = DIRECTION('',(-0.,0.,-1.));
#15555 = DIRECTION('',(1.110223024625E-15,-1.,-0.));
#15556 = FACE_BOUND('',#15557,.T.);
#15557 = EDGE_LOOP('',(#15558));
#15558 = ORIENTED_EDGE('',*,*,#15559,.T.);
#15559 = EDGE_CURVE('',#15560,#15560,#15562,.T.);
#15560 = VERTEX_POINT('',#15561);
#15561 = CARTESIAN_POINT('',(10.951777,-29.135,1.51));
#15562 = CIRCLE('',#15563,0.4);
#15563 = AXIS2_PLACEMENT_3D('',#15564,#15565,#15566);
#15564 = CARTESIAN_POINT('',(10.951777,-28.735,1.51));
#15565 = DIRECTION('',(-0.,0.,-1.));
#15566 = DIRECTION('',(-0.,-1.,0.));
#15567 = FACE_BOUND('',#15568,.T.);
#15568 = EDGE_LOOP('',(#15569));
#15569 = ORIENTED_EDGE('',*,*,#15570,.T.);
#15570 = EDGE_CURVE('',#15571,#15571,#15573,.T.);
#15571 = VERTEX_POINT('',#15572);
#15572 = CARTESIAN_POINT('',(15.156777,-37.475,1.51));
#15573 = CIRCLE('',#15574,1.5);
#15574 = AXIS2_PLACEMENT_3D('',#15575,#15576,#15577);
#15575 = CARTESIAN_POINT('',(15.156777,-35.975,1.51));
#15576 = DIRECTION('',(-0.,0.,-1.));
#15577 = DIRECTION('',(-1.184237892934E-15,-1.,0.));
#15578 = FACE_BOUND('',#15579,.T.);
#15579 = EDGE_LOOP('',(#15580));
#15580 = ORIENTED_EDGE('',*,*,#15581,.T.);
#15581 = EDGE_CURVE('',#15582,#15582,#15584,.T.);
#15582 = VERTEX_POINT('',#15583);
#15583 = CARTESIAN_POINT('',(23.111777,-29.135,1.51));
#15584 = CIRCLE('',#15585,0.4);
#15585 = AXIS2_PLACEMENT_3D('',#15586,#15587,#15588);
#15586 = CARTESIAN_POINT('',(23.111777,-28.735,1.51));
#15587 = DIRECTION('',(-0.,0.,-1.));
#15588 = DIRECTION('',(-0.,-1.,0.));
#15589 = FACE_BOUND('',#15590,.T.);
#15590 = EDGE_LOOP('',(#15591));
#15591 = ORIENTED_EDGE('',*,*,#15592,.T.);
#15592 = EDGE_CURVE('',#15593,#15593,#15595,.T.);
#15593 = VERTEX_POINT('',#15594);
#15594 = CARTESIAN_POINT('',(30.731777,-48.775,1.51));
#15595 = CIRCLE('',#15596,0.4);
#15596 = AXIS2_PLACEMENT_3D('',#15597,#15598,#15599);
#15597 = CARTESIAN_POINT('',(30.731777,-48.375,1.51));
#15598 = DIRECTION('',(-0.,0.,-1.));
#15599 = DIRECTION('',(-0.,-1.,0.));
#15600 = FACE_BOUND('',#15601,.T.);
#15601 = EDGE_LOOP('',(#15602));
#15602 = ORIENTED_EDGE('',*,*,#15603,.T.);
#15603 = EDGE_CURVE('',#15604,#15604,#15606,.T.);
#15604 = VERTEX_POINT('',#15605);
#15605 = CARTESIAN_POINT('',(25.956777,-39.3659,1.51));
#15606 = CIRCLE('',#15607,0.8509);
#15607 = AXIS2_PLACEMENT_3D('',#15608,#15609,#15610);
#15608 = CARTESIAN_POINT('',(25.956777,-38.515,1.51));
#15609 = DIRECTION('',(-0.,0.,-1.));
#15610 = DIRECTION('',(-4.175242306735E-15,-1.,0.));
#15611 = FACE_BOUND('',#15612,.T.);
#15612 = EDGE_LOOP('',(#15613));
#15613 = ORIENTED_EDGE('',*,*,#15614,.T.);
#15614 = EDGE_CURVE('',#15615,#15615,#15617,.T.);
#15615 = VERTEX_POINT('',#15616);
#15616 = CARTESIAN_POINT('',(31.036777,-40.5089,1.51));
#15617 = CIRCLE('',#15618,1.9939);
#15618 = AXIS2_PLACEMENT_3D('',#15619,#15620,#15621);
#15619 = CARTESIAN_POINT('',(31.036777,-38.515,1.51));
#15620 = DIRECTION('',(-0.,0.,-1.));
#15621 = DIRECTION('',(-0.,-1.,0.));
#15622 = FACE_BOUND('',#15623,.T.);
#15623 = EDGE_LOOP('',(#15624));
#15624 = ORIENTED_EDGE('',*,*,#15625,.T.);
#15625 = EDGE_CURVE('',#15626,#15626,#15628,.T.);
#15626 = VERTEX_POINT('',#15627);
#15627 = CARTESIAN_POINT('',(36.116777,-39.3659,1.51));
#15628 = CIRCLE('',#15629,0.8509);
#15629 = AXIS2_PLACEMENT_3D('',#15630,#15631,#15632);
#15630 = CARTESIAN_POINT('',(36.116777,-38.515,1.51));
#15631 = DIRECTION('',(-0.,0.,-1.));
#15632 = DIRECTION('',(-0.,-1.,0.));
#15633 = FACE_BOUND('',#15634,.T.);
#15634 = EDGE_LOOP('',(#15635));
#15635 = ORIENTED_EDGE('',*,*,#15636,.T.);
#15636 = EDGE_CURVE('',#15637,#15637,#15639,.T.);
#15637 = VERTEX_POINT('',#15638);
#15638 = CARTESIAN_POINT('',(28.496777,-34.935,1.51));
#15639 = CIRCLE('',#15640,1.5);
#15640 = AXIS2_PLACEMENT_3D('',#15641,#15642,#15643);
#15641 = CARTESIAN_POINT('',(28.496777,-33.435,1.51));
#15642 = DIRECTION('',(-0.,0.,-1.));
#15643 = DIRECTION('',(-0.,-1.,0.));
#15644 = FACE_BOUND('',#15645,.T.);
#15645 = EDGE_LOOP('',(#15646));
#15646 = ORIENTED_EDGE('',*,*,#15647,.T.);
#15647 = EDGE_CURVE('',#15648,#15648,#15650,.T.);
#15648 = VERTEX_POINT('',#15649);
#15649 = CARTESIAN_POINT('',(34.846777,-37.475,1.51));
#15650 = CIRCLE('',#15651,1.5);
#15651 = AXIS2_PLACEMENT_3D('',#15652,#15653,#15654);
#15652 = CARTESIAN_POINT('',(34.846777,-35.975,1.51));
#15653 = DIRECTION('',(-0.,0.,-1.));
#15654 = DIRECTION('',(-0.,-1.,0.));
#15655 = FACE_BOUND('',#15656,.T.);
#15656 = EDGE_LOOP('',(#15657));
#15657 = ORIENTED_EDGE('',*,*,#15658,.T.);
#15658 = EDGE_CURVE('',#15659,#15659,#15661,.T.);
#15659 = VERTEX_POINT('',#15660);
#15660 = CARTESIAN_POINT('',(30.731777,-29.135,1.51));
#15661 = CIRCLE('',#15662,0.4);
#15662 = AXIS2_PLACEMENT_3D('',#15663,#15664,#15665);
#15663 = CARTESIAN_POINT('',(30.731777,-28.735,1.51));
#15664 = DIRECTION('',(-0.,0.,-1.));
#15665 = DIRECTION('',(-0.,-1.,0.));
#15666 = FACE_BOUND('',#15667,.T.);
#15667 = EDGE_LOOP('',(#15668));
#15668 = ORIENTED_EDGE('',*,*,#15669,.T.);
#15669 = EDGE_CURVE('',#15670,#15670,#15672,.T.);
#15670 = VERTEX_POINT('',#15671);
#15671 = CARTESIAN_POINT('',(6.266777,-19.6759,1.51));
#15672 = CIRCLE('',#15673,0.8509);
#15673 = AXIS2_PLACEMENT_3D('',#15674,#15675,#15676);
#15674 = CARTESIAN_POINT('',(6.266777,-18.825,1.51));
#15675 = DIRECTION('',(-0.,0.,-1.));
#15676 = DIRECTION('',(1.043810576684E-15,-1.,-0.));
#15677 = FACE_BOUND('',#15678,.T.);
#15678 = EDGE_LOOP('',(#15679));
#15679 = ORIENTED_EDGE('',*,*,#15680,.T.);
#15680 = EDGE_CURVE('',#15681,#15681,#15683,.T.);
#15681 = VERTEX_POINT('',#15682);
#15682 = CARTESIAN_POINT('',(11.346777,-20.8189,1.51));
#15683 = CIRCLE('',#15684,1.9939);
#15684 = AXIS2_PLACEMENT_3D('',#15685,#15686,#15687);
#15685 = CARTESIAN_POINT('',(11.346777,-18.825,1.51));
#15686 = DIRECTION('',(-0.,0.,-1.));
#15687 = DIRECTION('',(-0.,-1.,0.));
#15688 = FACE_BOUND('',#15689,.T.);
#15689 = EDGE_LOOP('',(#15690));
#15690 = ORIENTED_EDGE('',*,*,#15691,.T.);
#15691 = EDGE_CURVE('',#15692,#15692,#15694,.T.);
#15692 = VERTEX_POINT('',#15693);
#15693 = CARTESIAN_POINT('',(8.806777,-15.245,1.51));
#15694 = CIRCLE('',#15695,1.5);
#15695 = AXIS2_PLACEMENT_3D('',#15696,#15697,#15698);
#15696 = CARTESIAN_POINT('',(8.806777,-13.745,1.51));
#15697 = DIRECTION('',(-0.,0.,-1.));
#15698 = DIRECTION('',(-0.,-1.,0.));
#15699 = FACE_BOUND('',#15700,.T.);
#15700 = EDGE_LOOP('',(#15701));
#15701 = ORIENTED_EDGE('',*,*,#15702,.T.);
#15702 = EDGE_CURVE('',#15703,#15703,#15705,.T.);
#15703 = VERTEX_POINT('',#15704);
#15704 = CARTESIAN_POINT('',(16.426777,-19.6759,1.51));
#15705 = CIRCLE('',#15706,0.8509);
#15706 = AXIS2_PLACEMENT_3D('',#15707,#15708,#15709);
#15707 = CARTESIAN_POINT('',(16.426777,-18.825,1.51));
#15708 = DIRECTION('',(-0.,0.,-1.));
#15709 = DIRECTION('',(-0.,-1.,0.));
#15710 = FACE_BOUND('',#15711,.T.);
#15711 = EDGE_LOOP('',(#15712));
#15712 = ORIENTED_EDGE('',*,*,#15713,.T.);
#15713 = EDGE_CURVE('',#15714,#15714,#15716,.T.);
#15714 = VERTEX_POINT('',#15715);
#15715 = CARTESIAN_POINT('',(15.156777,-17.785,1.51));
#15716 = CIRCLE('',#15717,1.5);
#15717 = AXIS2_PLACEMENT_3D('',#15718,#15719,#15720);
#15718 = CARTESIAN_POINT('',(15.156777,-16.285,1.51));
#15719 = DIRECTION('',(-0.,0.,-1.));
#15720 = DIRECTION('',(-1.184237892934E-15,-1.,0.));
#15721 = FACE_BOUND('',#15722,.T.);
#15722 = EDGE_LOOP('',(#15723));
#15723 = ORIENTED_EDGE('',*,*,#15724,.T.);
#15724 = EDGE_CURVE('',#15725,#15725,#15727,.T.);
#15725 = VERTEX_POINT('',#15726);
#15726 = CARTESIAN_POINT('',(3.371777,-9.395,1.51));
#15727 = CIRCLE('',#15728,0.4);
#15728 = AXIS2_PLACEMENT_3D('',#15729,#15730,#15731);
#15729 = CARTESIAN_POINT('',(3.371777,-8.995,1.51));
#15730 = DIRECTION('',(-0.,0.,-1.));
#15731 = DIRECTION('',(-0.,-1.,0.));
#15732 = FACE_BOUND('',#15733,.T.);
#15733 = EDGE_LOOP('',(#15734));
#15734 = ORIENTED_EDGE('',*,*,#15735,.T.);
#15735 = EDGE_CURVE('',#15736,#15736,#15738,.T.);
#15736 = VERTEX_POINT('',#15737);
#15737 = CARTESIAN_POINT('',(10.991777,-9.395,1.51));
#15738 = CIRCLE('',#15739,0.4);
#15739 = AXIS2_PLACEMENT_3D('',#15740,#15741,#15742);
#15740 = CARTESIAN_POINT('',(10.991777,-8.995,1.51));
#15741 = DIRECTION('',(-0.,0.,-1.));
#15742 = DIRECTION('',(4.440892098501E-15,-1.,-0.));
#15743 = FACE_BOUND('',#15744,.T.);
#15744 = EDGE_LOOP('',(#15745));
#15745 = ORIENTED_EDGE('',*,*,#15746,.T.);
#15746 = EDGE_CURVE('',#15747,#15747,#15749,.T.);
#15747 = VERTEX_POINT('',#15748);
#15748 = CARTESIAN_POINT('',(6.266777,1.41E-02,1.51));
#15749 = CIRCLE('',#15750,0.8509);
#15750 = AXIS2_PLACEMENT_3D('',#15751,#15752,#15753);
#15751 = CARTESIAN_POINT('',(6.266777,0.865,1.51));
#15752 = DIRECTION('',(-0.,0.,-1.));
#15753 = DIRECTION('',(1.043810576684E-15,-1.,-0.));
#15754 = FACE_BOUND('',#15755,.T.);
#15755 = EDGE_LOOP('',(#15756));
#15756 = ORIENTED_EDGE('',*,*,#15757,.T.);
#15757 = EDGE_CURVE('',#15758,#15758,#15760,.T.);
#15758 = VERTEX_POINT('',#15759);
#15759 = CARTESIAN_POINT('',(11.346777,-1.1289,1.51));
#15760 = CIRCLE('',#15761,1.9939);
#15761 = AXIS2_PLACEMENT_3D('',#15762,#15763,#15764);
#15762 = CARTESIAN_POINT('',(11.346777,0.865,1.51));
#15763 = DIRECTION('',(-0.,0.,-1.));
#15764 = DIRECTION('',(-0.,-1.,0.));
#15765 = FACE_BOUND('',#15766,.T.);
#15766 = EDGE_LOOP('',(#15767));
#15767 = ORIENTED_EDGE('',*,*,#15768,.T.);
#15768 = EDGE_CURVE('',#15769,#15769,#15771,.T.);
#15769 = VERTEX_POINT('',#15770);
#15770 = CARTESIAN_POINT('',(23.111777,-9.395,1.51));
#15771 = CIRCLE('',#15772,0.4);
#15772 = AXIS2_PLACEMENT_3D('',#15773,#15774,#15775);
#15773 = CARTESIAN_POINT('',(23.111777,-8.995,1.51));
#15774 = DIRECTION('',(-0.,0.,-1.));
#15775 = DIRECTION('',(-0.,-1.,0.));
#15776 = FACE_BOUND('',#15777,.T.);
#15777 = EDGE_LOOP('',(#15778));
#15778 = ORIENTED_EDGE('',*,*,#15779,.T.);
#15779 = EDGE_CURVE('',#15780,#15780,#15782,.T.);
#15780 = VERTEX_POINT('',#15781);
#15781 = CARTESIAN_POINT('',(16.426777,1.41E-02,1.51));
#15782 = CIRCLE('',#15783,0.8509);
#15783 = AXIS2_PLACEMENT_3D('',#15784,#15785,#15786);
#15784 = CARTESIAN_POINT('',(16.426777,0.865,1.51));
#15785 = DIRECTION('',(-0.,0.,-1.));
#15786 = DIRECTION('',(-0.,-1.,0.));
#15787 = FACE_BOUND('',#15788,.T.);
#15788 = EDGE_LOOP('',(#15789));
#15789 = ORIENTED_EDGE('',*,*,#15790,.T.);
#15790 = EDGE_CURVE('',#15791,#15791,#15793,.T.);
#15791 = VERTEX_POINT('',#15792);
#15792 = CARTESIAN_POINT('',(25.956777,-19.6759,1.51));
#15793 = CIRCLE('',#15794,0.8509);
#15794 = AXIS2_PLACEMENT_3D('',#15795,#15796,#15797);
#15795 = CARTESIAN_POINT('',(25.956777,-18.825,1.51));
#15796 = DIRECTION('',(-0.,0.,-1.));
#15797 = DIRECTION('',(-4.175242306735E-15,-1.,0.));
#15798 = FACE_BOUND('',#15799,.T.);
#15799 = EDGE_LOOP('',(#15800));
#15800 = ORIENTED_EDGE('',*,*,#15801,.T.);
#15801 = EDGE_CURVE('',#15802,#15802,#15804,.T.);
#15802 = VERTEX_POINT('',#15803);
#15803 = CARTESIAN_POINT('',(31.036777,-20.8189,1.51));
#15804 = CIRCLE('',#15805,1.9939);
#15805 = AXIS2_PLACEMENT_3D('',#15806,#15807,#15808);
#15806 = CARTESIAN_POINT('',(31.036777,-18.825,1.51));
#15807 = DIRECTION('',(-0.,0.,-1.));
#15808 = DIRECTION('',(-0.,-1.,0.));
#15809 = FACE_BOUND('',#15810,.T.);
#15810 = EDGE_LOOP('',(#15811));
#15811 = ORIENTED_EDGE('',*,*,#15812,.T.);
#15812 = EDGE_CURVE('',#15813,#15813,#15815,.T.);
#15813 = VERTEX_POINT('',#15814);
#15814 = CARTESIAN_POINT('',(36.116777,-19.6759,1.51));
#15815 = CIRCLE('',#15816,0.8509);
#15816 = AXIS2_PLACEMENT_3D('',#15817,#15818,#15819);
#15817 = CARTESIAN_POINT('',(36.116777,-18.825,1.51));
#15818 = DIRECTION('',(-0.,0.,-1.));
#15819 = DIRECTION('',(-0.,-1.,0.));
#15820 = FACE_BOUND('',#15821,.T.);
#15821 = EDGE_LOOP('',(#15822));
#15822 = ORIENTED_EDGE('',*,*,#15823,.T.);
#15823 = EDGE_CURVE('',#15824,#15824,#15826,.T.);
#15824 = VERTEX_POINT('',#15825);
#15825 = CARTESIAN_POINT('',(28.496777,-15.245,1.51));
#15826 = CIRCLE('',#15827,1.5);
#15827 = AXIS2_PLACEMENT_3D('',#15828,#15829,#15830);
#15828 = CARTESIAN_POINT('',(28.496777,-13.745,1.51));
#15829 = DIRECTION('',(-0.,0.,-1.));
#15830 = DIRECTION('',(-0.,-1.,0.));
#15831 = FACE_BOUND('',#15832,.T.);
#15832 = EDGE_LOOP('',(#15833));
#15833 = ORIENTED_EDGE('',*,*,#15834,.T.);
#15834 = EDGE_CURVE('',#15835,#15835,#15837,.T.);
#15835 = VERTEX_POINT('',#15836);
#15836 = CARTESIAN_POINT('',(34.846777,-17.785,1.51));
#15837 = CIRCLE('',#15838,1.5);
#15838 = AXIS2_PLACEMENT_3D('',#15839,#15840,#15841);
#15839 = CARTESIAN_POINT('',(34.846777,-16.285,1.51));
#15840 = DIRECTION('',(-0.,0.,-1.));
#15841 = DIRECTION('',(-0.,-1.,0.));
#15842 = FACE_BOUND('',#15843,.T.);
#15843 = EDGE_LOOP('',(#15844));
#15844 = ORIENTED_EDGE('',*,*,#15845,.T.);
#15845 = EDGE_CURVE('',#15846,#15846,#15848,.T.);
#15846 = VERTEX_POINT('',#15847);
#15847 = CARTESIAN_POINT('',(30.731777,-9.395,1.51));
#15848 = CIRCLE('',#15849,0.4);
#15849 = AXIS2_PLACEMENT_3D('',#15850,#15851,#15852);
#15850 = CARTESIAN_POINT('',(30.731777,-8.995,1.51));
#15851 = DIRECTION('',(-0.,0.,-1.));
#15852 = DIRECTION('',(-0.,-1.,0.));
#15853 = FACE_BOUND('',#15854,.T.);
#15854 = EDGE_LOOP('',(#15855));
#15855 = ORIENTED_EDGE('',*,*,#15856,.T.);
#15856 = EDGE_CURVE('',#15857,#15857,#15859,.T.);
#15857 = VERTEX_POINT('',#15858);
#15858 = CARTESIAN_POINT('',(25.956777,1.41E-02,1.51));
#15859 = CIRCLE('',#15860,0.8509);
#15860 = AXIS2_PLACEMENT_3D('',#15861,#15862,#15863);
#15861 = CARTESIAN_POINT('',(25.956777,0.865,1.51));
#15862 = DIRECTION('',(-0.,0.,-1.));
#15863 = DIRECTION('',(-4.175242306735E-15,-1.,0.));
#15864 = FACE_BOUND('',#15865,.T.);
#15865 = EDGE_LOOP('',(#15866));
#15866 = ORIENTED_EDGE('',*,*,#15867,.T.);
#15867 = EDGE_CURVE('',#15868,#15868,#15870,.T.);
#15868 = VERTEX_POINT('',#15869);
#15869 = CARTESIAN_POINT('',(31.036777,-1.1289,1.51));
#15870 = CIRCLE('',#15871,1.9939);
#15871 = AXIS2_PLACEMENT_3D('',#15872,#15873,#15874);
#15872 = CARTESIAN_POINT('',(31.036777,0.865,1.51));
#15873 = DIRECTION('',(-0.,0.,-1.));
#15874 = DIRECTION('',(-0.,-1.,0.));
#15875 = FACE_BOUND('',#15876,.T.);
#15876 = EDGE_LOOP('',(#15877));
#15877 = ORIENTED_EDGE('',*,*,#15878,.T.);
#15878 = EDGE_CURVE('',#15879,#15879,#15881,.T.);
#15879 = VERTEX_POINT('',#15880);
#15880 = CARTESIAN_POINT('',(36.116777,1.41E-02,1.51));
#15881 = CIRCLE('',#15882,0.8509);
#15882 = AXIS2_PLACEMENT_3D('',#15883,#15884,#15885);
#15883 = CARTESIAN_POINT('',(36.116777,0.865,1.51));
#15884 = DIRECTION('',(-0.,0.,-1.));
#15885 = DIRECTION('',(-0.,-1.,0.));
#15886 = FACE_BOUND('',#15887,.T.);
#15887 = EDGE_LOOP('',(#15888));
#15888 = ORIENTED_EDGE('',*,*,#15889,.T.);
#15889 = EDGE_CURVE('',#15890,#15890,#15892,.T.);
#15890 = VERTEX_POINT('',#15891);
#15891 = CARTESIAN_POINT('',(-48.338223,0.945,1.51));
#15892 = CIRCLE('',#15893,0.5);
#15893 = AXIS2_PLACEMENT_3D('',#15894,#15895,#15896);
#15894 = CARTESIAN_POINT('',(-48.338223,1.445,1.51));
#15895 = DIRECTION('',(-0.,0.,-1.));
#15896 = DIRECTION('',(-0.,-1.,0.));
#15897 = FACE_BOUND('',#15898,.T.);
#15898 = EDGE_LOOP('',(#15899));
#15899 = ORIENTED_EDGE('',*,*,#15900,.T.);
#15900 = EDGE_CURVE('',#15901,#15901,#15903,.T.);
#15901 = VERTEX_POINT('',#15902);
#15902 = CARTESIAN_POINT('',(-48.338223,3.485,1.51));
#15903 = CIRCLE('',#15904,0.5);
#15904 = AXIS2_PLACEMENT_3D('',#15905,#15906,#15907);
#15905 = CARTESIAN_POINT('',(-48.338223,3.985,1.51));
#15906 = DIRECTION('',(-0.,0.,-1.));
#15907 = DIRECTION('',(-0.,-1.,0.));
#15908 = FACE_BOUND('',#15909,.T.);
#15909 = EDGE_LOOP('',(#15910));
#15910 = ORIENTED_EDGE('',*,*,#15911,.T.);
#15911 = EDGE_CURVE('',#15912,#15912,#15914,.T.);
#15912 = VERTEX_POINT('',#15913);
#15913 = CARTESIAN_POINT('',(-48.338223,6.025,1.51));
#15914 = CIRCLE('',#15915,0.5);
#15915 = AXIS2_PLACEMENT_3D('',#15916,#15917,#15918);
#15916 = CARTESIAN_POINT('',(-48.338223,6.525,1.51));
#15917 = DIRECTION('',(-0.,0.,-1.));
#15918 = DIRECTION('',(-0.,-1.,0.));
#15919 = FACE_BOUND('',#15920,.T.);
#15920 = EDGE_LOOP('',(#15921));
#15921 = ORIENTED_EDGE('',*,*,#15922,.T.);
#15922 = EDGE_CURVE('',#15923,#15923,#15925,.T.);
#15923 = VERTEX_POINT('',#15924);
#15924 = CARTESIAN_POINT('',(-30.573223,4.445,1.51));
#15925 = CIRCLE('',#15926,1.5);
#15926 = AXIS2_PLACEMENT_3D('',#15927,#15928,#15929);
#15927 = CARTESIAN_POINT('',(-30.573223,5.945,1.51));
#15928 = DIRECTION('',(-0.,0.,-1.));
#15929 = DIRECTION('',(-0.,-1.,0.));
#15930 = FACE_BOUND('',#15931,.T.);
#15931 = EDGE_LOOP('',(#15932));
#15932 = ORIENTED_EDGE('',*,*,#15933,.T.);
#15933 = EDGE_CURVE('',#15934,#15934,#15936,.T.);
#15934 = VERTEX_POINT('',#15935);
#15935 = CARTESIAN_POINT('',(-24.223223,1.905,1.51));
#15936 = CIRCLE('',#15937,1.5);
#15937 = AXIS2_PLACEMENT_3D('',#15938,#15939,#15940);
#15938 = CARTESIAN_POINT('',(-24.223223,3.405,1.51));
#15939 = DIRECTION('',(-0.,0.,-1.));
#15940 = DIRECTION('',(-0.,-1.,0.));
#15941 = FACE_BOUND('',#15942,.T.);
#15942 = EDGE_LOOP('',(#15943));
#15943 = ORIENTED_EDGE('',*,*,#15944,.T.);
#15944 = EDGE_CURVE('',#15945,#15945,#15947,.T.);
#15945 = VERTEX_POINT('',#15946);
#15946 = CARTESIAN_POINT('',(-36.008223,10.225,1.51));
#15947 = CIRCLE('',#15948,0.4);
#15948 = AXIS2_PLACEMENT_3D('',#15949,#15950,#15951);
#15949 = CARTESIAN_POINT('',(-36.008223,10.625,1.51));
#15950 = DIRECTION('',(-0.,0.,-1.));
#15951 = DIRECTION('',(-0.,-1.,0.));
#15952 = FACE_BOUND('',#15953,.T.);
#15953 = EDGE_LOOP('',(#15954));
#15954 = ORIENTED_EDGE('',*,*,#15955,.T.);
#15955 = EDGE_CURVE('',#15956,#15956,#15958,.T.);
#15956 = VERTEX_POINT('',#15957);
#15957 = CARTESIAN_POINT('',(-28.388223,10.225,1.51));
#15958 = CIRCLE('',#15959,0.4);
#15959 = AXIS2_PLACEMENT_3D('',#15960,#15961,#15962);
#15960 = CARTESIAN_POINT('',(-28.388223,10.625,1.51));
#15961 = DIRECTION('',(-0.,0.,-1.));
#15962 = DIRECTION('',(-0.,-1.,0.));
#15963 = FACE_BOUND('',#15964,.T.);
#15964 = EDGE_LOOP('',(#15965));
#15965 = ORIENTED_EDGE('',*,*,#15966,.T.);
#15966 = EDGE_CURVE('',#15967,#15967,#15969,.T.);
#15967 = VERTEX_POINT('',#15968);
#15968 = CARTESIAN_POINT('',(-33.113223,19.7041,1.51));
#15969 = CIRCLE('',#15970,0.8509);
#15970 = AXIS2_PLACEMENT_3D('',#15971,#15972,#15973);
#15971 = CARTESIAN_POINT('',(-33.113223,20.555,1.51));
#15972 = DIRECTION('',(-0.,0.,-1.));
#15973 = DIRECTION('',(8.350484613469E-15,-1.,-0.));
#15974 = FACE_BOUND('',#15975,.T.);
#15975 = EDGE_LOOP('',(#15976));
#15976 = ORIENTED_EDGE('',*,*,#15977,.T.);
#15977 = EDGE_CURVE('',#15978,#15978,#15980,.T.);
#15978 = VERTEX_POINT('',#15979);
#15979 = CARTESIAN_POINT('',(-30.573223,24.135,1.51));
#15980 = CIRCLE('',#15981,1.5);
#15981 = AXIS2_PLACEMENT_3D('',#15982,#15983,#15984);
#15982 = CARTESIAN_POINT('',(-30.573223,25.635,1.51));
#15983 = DIRECTION('',(-0.,0.,-1.));
#15984 = DIRECTION('',(-0.,-1.,0.));
#15985 = FACE_BOUND('',#15986,.T.);
#15986 = EDGE_LOOP('',(#15987));
#15987 = ORIENTED_EDGE('',*,*,#15988,.T.);
#15988 = EDGE_CURVE('',#15989,#15989,#15991,.T.);
#15989 = VERTEX_POINT('',#15990);
#15990 = CARTESIAN_POINT('',(-28.033223,18.5611,1.51));
#15991 = CIRCLE('',#15992,1.9939);
#15992 = AXIS2_PLACEMENT_3D('',#15993,#15994,#15995);
#15993 = CARTESIAN_POINT('',(-28.033223,20.555,1.51));
#15994 = DIRECTION('',(-0.,0.,-1.));
#15995 = DIRECTION('',(-0.,-1.,0.));
#15996 = FACE_BOUND('',#15997,.T.);
#15997 = EDGE_LOOP('',(#15998));
#15998 = ORIENTED_EDGE('',*,*,#15999,.T.);
#15999 = EDGE_CURVE('',#16000,#16000,#16002,.T.);
#16000 = VERTEX_POINT('',#16001);
#16001 = CARTESIAN_POINT('',(-24.223223,21.595,1.51));
#16002 = CIRCLE('',#16003,1.5);
#16003 = AXIS2_PLACEMENT_3D('',#16004,#16005,#16006);
#16004 = CARTESIAN_POINT('',(-24.223223,23.095,1.51));
#16005 = DIRECTION('',(-0.,0.,-1.));
#16006 = DIRECTION('',(-0.,-1.,0.));
#16007 = FACE_BOUND('',#16008,.T.);
#16008 = EDGE_LOOP('',(#16009));
#16009 = ORIENTED_EDGE('',*,*,#16010,.T.);
#16010 = EDGE_CURVE('',#16011,#16011,#16013,.T.);
#16011 = VERTEX_POINT('',#16012);
#16012 = CARTESIAN_POINT('',(-16.368223,10.345,1.51));
#16013 = CIRCLE('',#16014,0.4);
#16014 = AXIS2_PLACEMENT_3D('',#16015,#16016,#16017);
#16015 = CARTESIAN_POINT('',(-16.368223,10.745,1.51));
#16016 = DIRECTION('',(-0.,0.,-1.));
#16017 = DIRECTION('',(-0.,-1.,0.));
#16018 = FACE_BOUND('',#16019,.T.);
#16019 = EDGE_LOOP('',(#16020));
#16020 = ORIENTED_EDGE('',*,*,#16021,.T.);
#16021 = EDGE_CURVE('',#16022,#16022,#16024,.T.);
#16022 = VERTEX_POINT('',#16023);
#16023 = CARTESIAN_POINT('',(-10.883223,4.445,1.51));
#16024 = CIRCLE('',#16025,1.5);
#16025 = AXIS2_PLACEMENT_3D('',#16026,#16027,#16028);
#16026 = CARTESIAN_POINT('',(-10.883223,5.945,1.51));
#16027 = DIRECTION('',(-0.,0.,-1.));
#16028 = DIRECTION('',(-0.,-1.,0.));
#16029 = FACE_BOUND('',#16030,.T.);
#16030 = EDGE_LOOP('',(#16031));
#16031 = ORIENTED_EDGE('',*,*,#16032,.T.);
#16032 = EDGE_CURVE('',#16033,#16033,#16035,.T.);
#16033 = VERTEX_POINT('',#16034);
#16034 = CARTESIAN_POINT('',(-4.533223,1.905,1.51));
#16035 = CIRCLE('',#16036,1.5);
#16036 = AXIS2_PLACEMENT_3D('',#16037,#16038,#16039);
#16037 = CARTESIAN_POINT('',(-4.533223,3.405,1.51));
#16038 = DIRECTION('',(-0.,0.,-1.));
#16039 = DIRECTION('',(-0.,-1.,0.));
#16040 = FACE_BOUND('',#16041,.T.);
#16041 = EDGE_LOOP('',(#16042));
#16042 = ORIENTED_EDGE('',*,*,#16043,.T.);
#16043 = EDGE_CURVE('',#16044,#16044,#16046,.T.);
#16044 = VERTEX_POINT('',#16045);
#16045 = CARTESIAN_POINT('',(-8.748223,10.345,1.51));
#16046 = CIRCLE('',#16047,0.4);
#16047 = AXIS2_PLACEMENT_3D('',#16048,#16049,#16050);
#16048 = CARTESIAN_POINT('',(-8.748223,10.745,1.51));
#16049 = DIRECTION('',(-0.,0.,-1.));
#16050 = DIRECTION('',(-0.,-1.,0.));
#16051 = FACE_BOUND('',#16052,.T.);
#16052 = EDGE_LOOP('',(#16053));
#16053 = ORIENTED_EDGE('',*,*,#16054,.T.);
#16054 = EDGE_CURVE('',#16055,#16055,#16057,.T.);
#16055 = VERTEX_POINT('',#16056);
#16056 = CARTESIAN_POINT('',(-22.953223,19.7041,1.51));
#16057 = CIRCLE('',#16058,0.8509);
#16058 = AXIS2_PLACEMENT_3D('',#16059,#16060,#16061);
#16059 = CARTESIAN_POINT('',(-22.953223,20.555,1.51));
#16060 = DIRECTION('',(-0.,0.,-1.));
#16061 = DIRECTION('',(-0.,-1.,0.));
#16062 = FACE_BOUND('',#16063,.T.);
#16063 = EDGE_LOOP('',(#16064));
#16064 = ORIENTED_EDGE('',*,*,#16065,.T.);
#16065 = EDGE_CURVE('',#16066,#16066,#16068,.T.);
#16066 = VERTEX_POINT('',#16067);
#16067 = CARTESIAN_POINT('',(-13.423223,19.7041,1.51));
#16068 = CIRCLE('',#16069,0.8509);
#16069 = AXIS2_PLACEMENT_3D('',#16070,#16071,#16072);
#16070 = CARTESIAN_POINT('',(-13.423223,20.555,1.51));
#16071 = DIRECTION('',(-0.,0.,-1.));
#16072 = DIRECTION('',(-0.,-1.,0.));
#16073 = FACE_BOUND('',#16074,.T.);
#16074 = EDGE_LOOP('',(#16075));
#16075 = ORIENTED_EDGE('',*,*,#16076,.T.);
#16076 = EDGE_CURVE('',#16077,#16077,#16079,.T.);
#16077 = VERTEX_POINT('',#16078);
#16078 = CARTESIAN_POINT('',(-8.343223,18.5611,1.51));
#16079 = CIRCLE('',#16080,1.9939);
#16080 = AXIS2_PLACEMENT_3D('',#16081,#16082,#16083);
#16081 = CARTESIAN_POINT('',(-8.343223,20.555,1.51));
#16082 = DIRECTION('',(-0.,0.,-1.));
#16083 = DIRECTION('',(-0.,-1.,0.));
#16084 = FACE_BOUND('',#16085,.T.);
#16085 = EDGE_LOOP('',(#16086));
#16086 = ORIENTED_EDGE('',*,*,#16087,.T.);
#16087 = EDGE_CURVE('',#16088,#16088,#16090,.T.);
#16088 = VERTEX_POINT('',#16089);
#16089 = CARTESIAN_POINT('',(-10.883223,24.135,1.51));
#16090 = CIRCLE('',#16091,1.5);
#16091 = AXIS2_PLACEMENT_3D('',#16092,#16093,#16094);
#16092 = CARTESIAN_POINT('',(-10.883223,25.635,1.51));
#16093 = DIRECTION('',(-0.,0.,-1.));
#16094 = DIRECTION('',(-0.,-1.,0.));
#16095 = FACE_BOUND('',#16096,.T.);
#16096 = EDGE_LOOP('',(#16097));
#16097 = ORIENTED_EDGE('',*,*,#16098,.T.);
#16098 = EDGE_CURVE('',#16099,#16099,#16101,.T.);
#16099 = VERTEX_POINT('',#16100);
#16100 = CARTESIAN_POINT('',(-3.263223,19.7041,1.51));
#16101 = CIRCLE('',#16102,0.8509);
#16102 = AXIS2_PLACEMENT_3D('',#16103,#16104,#16105);
#16103 = CARTESIAN_POINT('',(-3.263223,20.555,1.51));
#16104 = DIRECTION('',(-0.,0.,-1.));
#16105 = DIRECTION('',(-0.,-1.,0.));
#16106 = FACE_BOUND('',#16107,.T.);
#16107 = EDGE_LOOP('',(#16108));
#16108 = ORIENTED_EDGE('',*,*,#16109,.T.);
#16109 = EDGE_CURVE('',#16110,#16110,#16112,.T.);
#16110 = VERTEX_POINT('',#16111);
#16111 = CARTESIAN_POINT('',(-4.533223,21.595,1.51));
#16112 = CIRCLE('',#16113,1.5);
#16113 = AXIS2_PLACEMENT_3D('',#16114,#16115,#16116);
#16114 = CARTESIAN_POINT('',(-4.533223,23.095,1.51));
#16115 = DIRECTION('',(-0.,0.,-1.));
#16116 = DIRECTION('',(-0.,-1.,0.));
#16117 = FACE_BOUND('',#16118,.T.);
#16118 = EDGE_LOOP('',(#16119,#16130,#16138,#16147));
#16119 = ORIENTED_EDGE('',*,*,#16120,.T.);
#16120 = EDGE_CURVE('',#16121,#16123,#16125,.T.);
#16121 = VERTEX_POINT('',#16122);
#16122 = CARTESIAN_POINT('',(-40.288223,37.225,1.51));
#16123 = VERTEX_POINT('',#16124);
#16124 = CARTESIAN_POINT('',(-40.288223,35.725,1.51));
#16125 = CIRCLE('',#16126,0.75);
#16126 = AXIS2_PLACEMENT_3D('',#16127,#16128,#16129);
#16127 = CARTESIAN_POINT('',(-40.288223,36.475,1.51));
#16128 = DIRECTION('',(-0.,0.,-1.));
#16129 = DIRECTION('',(-0.,-1.,0.));
#16130 = ORIENTED_EDGE('',*,*,#16131,.T.);
#16131 = EDGE_CURVE('',#16123,#16132,#16134,.T.);
#16132 = VERTEX_POINT('',#16133);
#16133 = CARTESIAN_POINT('',(-41.588223,35.725,1.51));
#16134 = LINE('',#16135,#16136);
#16135 = CARTESIAN_POINT('',(-20.7941115,35.725,1.51));
#16136 = VECTOR('',#16137,1.);
#16137 = DIRECTION('',(-1.,0.,0.));
#16138 = ORIENTED_EDGE('',*,*,#16139,.T.);
#16139 = EDGE_CURVE('',#16132,#16140,#16142,.T.);
#16140 = VERTEX_POINT('',#16141);
#16141 = CARTESIAN_POINT('',(-41.588223,37.225,1.51));
#16142 = CIRCLE('',#16143,0.75);
#16143 = AXIS2_PLACEMENT_3D('',#16144,#16145,#16146);
#16144 = CARTESIAN_POINT('',(-41.588223,36.475,1.51));
#16145 = DIRECTION('',(-0.,0.,-1.));
#16146 = DIRECTION('',(0.,1.,0.));
#16147 = ORIENTED_EDGE('',*,*,#16148,.T.);
#16148 = EDGE_CURVE('',#16140,#16121,#16149,.T.);
#16149 = LINE('',#16150,#16151);
#16150 = CARTESIAN_POINT('',(-20.1441115,37.225,1.51));
#16151 = VECTOR('',#16152,1.);
#16152 = DIRECTION('',(1.,0.,-0.));
#16153 = FACE_BOUND('',#16154,.T.);
#16154 = EDGE_LOOP('',(#16155));
#16155 = ORIENTED_EDGE('',*,*,#16156,.T.);
#16156 = EDGE_CURVE('',#16157,#16157,#16159,.T.);
#16157 = VERTEX_POINT('',#16158);
#16158 = CARTESIAN_POINT('',(-48.438223,39.075,1.51));
#16159 = CIRCLE('',#16160,0.5);
#16160 = AXIS2_PLACEMENT_3D('',#16161,#16162,#16163);
#16161 = CARTESIAN_POINT('',(-48.438223,39.575,1.51));
#16162 = DIRECTION('',(-0.,0.,-1.));
#16163 = DIRECTION('',(-0.,-1.,0.));
#16164 = FACE_BOUND('',#16165,.T.);
#16165 = EDGE_LOOP('',(#16166));
#16166 = ORIENTED_EDGE('',*,*,#16167,.T.);
#16167 = EDGE_CURVE('',#16168,#16168,#16170,.T.);
#16168 = VERTEX_POINT('',#16169);
#16169 = CARTESIAN_POINT('',(-48.438223,41.575,1.51));
#16170 = CIRCLE('',#16171,0.5);
#16171 = AXIS2_PLACEMENT_3D('',#16172,#16173,#16174);
#16172 = CARTESIAN_POINT('',(-48.438223,42.075,1.51));
#16173 = DIRECTION('',(-0.,0.,-1.));
#16174 = DIRECTION('',(-0.,-1.,0.));
#16175 = FACE_BOUND('',#16176,.T.);
#16176 = EDGE_LOOP('',(#16177));
#16177 = ORIENTED_EDGE('',*,*,#16178,.T.);
#16178 = EDGE_CURVE('',#16179,#16179,#16181,.T.);
#16179 = VERTEX_POINT('',#16180);
#16180 = CARTESIAN_POINT('',(-48.438223,44.075,1.51));
#16181 = CIRCLE('',#16182,0.5);
#16182 = AXIS2_PLACEMENT_3D('',#16183,#16184,#16185);
#16183 = CARTESIAN_POINT('',(-48.438223,44.575,1.51));
#16184 = DIRECTION('',(-0.,0.,-1.));
#16185 = DIRECTION('',(-0.,-1.,0.));
#16186 = FACE_BOUND('',#16187,.T.);
#16187 = EDGE_LOOP('',(#16188));
#16188 = ORIENTED_EDGE('',*,*,#16189,.T.);
#16189 = EDGE_CURVE('',#16190,#16190,#16192,.T.);
#16190 = VERTEX_POINT('',#16191);
#16191 = CARTESIAN_POINT('',(-44.158223,50.625,1.51));
#16192 = CIRCLE('',#16193,0.4);
#16193 = AXIS2_PLACEMENT_3D('',#16194,#16195,#16196);
#16194 = CARTESIAN_POINT('',(-44.158223,51.025,1.51));
#16195 = DIRECTION('',(-0.,0.,-1.));
#16196 = DIRECTION('',(-0.,-1.,0.));
#16197 = FACE_BOUND('',#16198,.T.);
#16198 = EDGE_LOOP('',(#16199,#16210,#16218,#16227));
#16199 = ORIENTED_EDGE('',*,*,#16200,.T.);
#16200 = EDGE_CURVE('',#16201,#16203,#16205,.T.);
#16201 = VERTEX_POINT('',#16202);
#16202 = CARTESIAN_POINT('',(-40.288223,48.425,1.51));
#16203 = VERTEX_POINT('',#16204);
#16204 = CARTESIAN_POINT('',(-40.288223,46.925,1.51));
#16205 = CIRCLE('',#16206,0.75);
#16206 = AXIS2_PLACEMENT_3D('',#16207,#16208,#16209);
#16207 = CARTESIAN_POINT('',(-40.288223,47.675,1.51));
#16208 = DIRECTION('',(-0.,0.,-1.));
#16209 = DIRECTION('',(-0.,-1.,0.));
#16210 = ORIENTED_EDGE('',*,*,#16211,.T.);
#16211 = EDGE_CURVE('',#16203,#16212,#16214,.T.);
#16212 = VERTEX_POINT('',#16213);
#16213 = CARTESIAN_POINT('',(-41.588223,46.925,1.51));
#16214 = LINE('',#16215,#16216);
#16215 = CARTESIAN_POINT('',(-20.7941115,46.925,1.51));
#16216 = VECTOR('',#16217,1.);
#16217 = DIRECTION('',(-1.,0.,0.));
#16218 = ORIENTED_EDGE('',*,*,#16219,.T.);
#16219 = EDGE_CURVE('',#16212,#16220,#16222,.T.);
#16220 = VERTEX_POINT('',#16221);
#16221 = CARTESIAN_POINT('',(-41.588223,48.425,1.51));
#16222 = CIRCLE('',#16223,0.75);
#16223 = AXIS2_PLACEMENT_3D('',#16224,#16225,#16226);
#16224 = CARTESIAN_POINT('',(-41.588223,47.675,1.51));
#16225 = DIRECTION('',(-0.,0.,-1.));
#16226 = DIRECTION('',(0.,1.,0.));
#16227 = ORIENTED_EDGE('',*,*,#16228,.T.);
#16228 = EDGE_CURVE('',#16220,#16201,#16229,.T.);
#16229 = LINE('',#16230,#16231);
#16230 = CARTESIAN_POINT('',(-20.1441115,48.425,1.51));
#16231 = VECTOR('',#16232,1.);
#16232 = DIRECTION('',(1.,0.,-0.));
#16233 = FACE_BOUND('',#16234,.T.);
#16234 = EDGE_LOOP('',(#16235));
#16235 = ORIENTED_EDGE('',*,*,#16236,.T.);
#16236 = EDGE_CURVE('',#16237,#16237,#16239,.T.);
#16237 = VERTEX_POINT('',#16238);
#16238 = CARTESIAN_POINT('',(-36.538223,50.625,1.51));
#16239 = CIRCLE('',#16240,0.4);
#16240 = AXIS2_PLACEMENT_3D('',#16241,#16242,#16243);
#16241 = CARTESIAN_POINT('',(-36.538223,51.025,1.51));
#16242 = DIRECTION('',(-0.,0.,-1.));
#16243 = DIRECTION('',(-0.,-1.,0.));
#16244 = FACE_BOUND('',#16245,.T.);
#16245 = EDGE_LOOP('',(#16246));
#16246 = ORIENTED_EDGE('',*,*,#16247,.T.);
#16247 = EDGE_CURVE('',#16248,#16248,#16250,.T.);
#16248 = VERTEX_POINT('',#16249);
#16249 = CARTESIAN_POINT('',(-33.938223,39.075,1.51));
#16250 = CIRCLE('',#16251,0.5);
#16251 = AXIS2_PLACEMENT_3D('',#16252,#16253,#16254);
#16252 = CARTESIAN_POINT('',(-33.938223,39.575,1.51));
#16253 = DIRECTION('',(-0.,0.,-1.));
#16254 = DIRECTION('',(-0.,-1.,0.));
#16255 = FACE_BOUND('',#16256,.T.);
#16256 = EDGE_LOOP('',(#16257));
#16257 = ORIENTED_EDGE('',*,*,#16258,.T.);
#16258 = EDGE_CURVE('',#16259,#16259,#16261,.T.);
#16259 = VERTEX_POINT('',#16260);
#16260 = CARTESIAN_POINT('',(-30.638223,38.555,1.51));
#16261 = CIRCLE('',#16262,0.4);
#16262 = AXIS2_PLACEMENT_3D('',#16263,#16264,#16265);
#16263 = CARTESIAN_POINT('',(-30.638223,38.955,1.51));
#16264 = DIRECTION('',(-0.,0.,-1.));
#16265 = DIRECTION('',(-0.,-1.,0.));
#16266 = FACE_BOUND('',#16267,.T.);
#16267 = EDGE_LOOP('',(#16268));
#16268 = ORIENTED_EDGE('',*,*,#16269,.T.);
#16269 = EDGE_CURVE('',#16270,#16270,#16272,.T.);
#16270 = VERTEX_POINT('',#16271);
#16271 = CARTESIAN_POINT('',(-33.938223,44.075,1.51));
#16272 = CIRCLE('',#16273,0.5);
#16273 = AXIS2_PLACEMENT_3D('',#16274,#16275,#16276);
#16274 = CARTESIAN_POINT('',(-33.938223,44.575,1.51));
#16275 = DIRECTION('',(-0.,0.,-1.));
#16276 = DIRECTION('',(-0.,-1.,0.));
#16277 = FACE_BOUND('',#16278,.T.);
#16278 = EDGE_LOOP('',(#16279));
#16279 = ORIENTED_EDGE('',*,*,#16280,.T.);
#16280 = EDGE_CURVE('',#16281,#16281,#16283,.T.);
#16281 = VERTEX_POINT('',#16282);
#16282 = CARTESIAN_POINT('',(-30.638223,46.175,1.51));
#16283 = CIRCLE('',#16284,0.4);
#16284 = AXIS2_PLACEMENT_3D('',#16285,#16286,#16287);
#16285 = CARTESIAN_POINT('',(-30.638223,46.575,1.51));
#16286 = DIRECTION('',(-0.,0.,-1.));
#16287 = DIRECTION('',(-0.,-1.,0.));
#16288 = FACE_BOUND('',#16289,.T.);
#16289 = EDGE_LOOP('',(#16290));
#16290 = ORIENTED_EDGE('',*,*,#16291,.T.);
#16291 = EDGE_CURVE('',#16292,#16292,#16294,.T.);
#16292 = VERTEX_POINT('',#16293);
#16293 = CARTESIAN_POINT('',(-18.388223,41.005,1.51));
#16294 = CIRCLE('',#16295,0.5);
#16295 = AXIS2_PLACEMENT_3D('',#16296,#16297,#16298);
#16296 = CARTESIAN_POINT('',(-18.388223,41.505,1.51));
#16297 = DIRECTION('',(-0.,0.,-1.));
#16298 = DIRECTION('',(-0.,-1.,0.));
#16299 = FACE_BOUND('',#16300,.T.);
#16300 = EDGE_LOOP('',(#16301));
#16301 = ORIENTED_EDGE('',*,*,#16302,.T.);
#16302 = EDGE_CURVE('',#16303,#16303,#16305,.T.);
#16303 = VERTEX_POINT('',#16304);
#16304 = CARTESIAN_POINT('',(-18.388223,43.545,1.51));
#16305 = CIRCLE('',#16306,0.5);
#16306 = AXIS2_PLACEMENT_3D('',#16307,#16308,#16309);
#16307 = CARTESIAN_POINT('',(-18.388223,44.045,1.51));
#16308 = DIRECTION('',(-0.,0.,-1.));
#16309 = DIRECTION('',(-0.,-1.,0.));
#16310 = FACE_BOUND('',#16311,.T.);
#16311 = EDGE_LOOP('',(#16312));
#16312 = ORIENTED_EDGE('',*,*,#16313,.T.);
#16313 = EDGE_CURVE('',#16314,#16314,#16316,.T.);
#16314 = VERTEX_POINT('',#16315);
#16315 = CARTESIAN_POINT('',(-18.388223,46.085,1.51));
#16316 = CIRCLE('',#16317,0.5);
#16317 = AXIS2_PLACEMENT_3D('',#16318,#16319,#16320);
#16318 = CARTESIAN_POINT('',(-18.388223,46.585,1.51));
#16319 = DIRECTION('',(-0.,0.,-1.));
#16320 = DIRECTION('',(-0.,-1.,0.));
#16321 = FACE_BOUND('',#16322,.T.);
#16322 = EDGE_LOOP('',(#16323));
#16323 = ORIENTED_EDGE('',*,*,#16324,.T.);
#16324 = EDGE_CURVE('',#16325,#16325,#16327,.T.);
#16325 = VERTEX_POINT('',#16326);
#16326 = CARTESIAN_POINT('',(-18.388223,48.625,1.51));
#16327 = CIRCLE('',#16328,0.5);
#16328 = AXIS2_PLACEMENT_3D('',#16329,#16330,#16331);
#16329 = CARTESIAN_POINT('',(-18.388223,49.125,1.51));
#16330 = DIRECTION('',(-0.,0.,-1.));
#16331 = DIRECTION('',(-0.,-1.,0.));
#16332 = FACE_BOUND('',#16333,.T.);
#16333 = EDGE_LOOP('',(#16334));
#16334 = ORIENTED_EDGE('',*,*,#16335,.T.);
#16335 = EDGE_CURVE('',#16336,#16336,#16338,.T.);
#16336 = VERTEX_POINT('',#16337);
#16337 = CARTESIAN_POINT('',(8.806777,4.445,1.51));
#16338 = CIRCLE('',#16339,1.5);
#16339 = AXIS2_PLACEMENT_3D('',#16340,#16341,#16342);
#16340 = CARTESIAN_POINT('',(8.806777,5.945,1.51));
#16341 = DIRECTION('',(-0.,0.,-1.));
#16342 = DIRECTION('',(-0.,-1.,0.));
#16343 = FACE_BOUND('',#16344,.T.);
#16344 = EDGE_LOOP('',(#16345));
#16345 = ORIENTED_EDGE('',*,*,#16346,.T.);
#16346 = EDGE_CURVE('',#16347,#16347,#16349,.T.);
#16347 = VERTEX_POINT('',#16348);
#16348 = CARTESIAN_POINT('',(3.371777,10.345,1.51));
#16349 = CIRCLE('',#16350,0.4);
#16350 = AXIS2_PLACEMENT_3D('',#16351,#16352,#16353);
#16351 = CARTESIAN_POINT('',(3.371777,10.745,1.51));
#16352 = DIRECTION('',(-0.,0.,-1.));
#16353 = DIRECTION('',(-0.,-1.,0.));
#16354 = FACE_BOUND('',#16355,.T.);
#16355 = EDGE_LOOP('',(#16356));
#16356 = ORIENTED_EDGE('',*,*,#16357,.T.);
#16357 = EDGE_CURVE('',#16358,#16358,#16360,.T.);
#16358 = VERTEX_POINT('',#16359);
#16359 = CARTESIAN_POINT('',(10.991777,10.345,1.51));
#16360 = CIRCLE('',#16361,0.4);
#16361 = AXIS2_PLACEMENT_3D('',#16362,#16363,#16364);
#16362 = CARTESIAN_POINT('',(10.991777,10.745,1.51));
#16363 = DIRECTION('',(-0.,0.,-1.));
#16364 = DIRECTION('',(4.440892098501E-15,-1.,-0.));
#16365 = FACE_BOUND('',#16366,.T.);
#16366 = EDGE_LOOP('',(#16367));
#16367 = ORIENTED_EDGE('',*,*,#16368,.T.);
#16368 = EDGE_CURVE('',#16369,#16369,#16371,.T.);
#16369 = VERTEX_POINT('',#16370);
#16370 = CARTESIAN_POINT('',(15.156777,1.905,1.51));
#16371 = CIRCLE('',#16372,1.5);
#16372 = AXIS2_PLACEMENT_3D('',#16373,#16374,#16375);
#16373 = CARTESIAN_POINT('',(15.156777,3.405,1.51));
#16374 = DIRECTION('',(-0.,0.,-1.));
#16375 = DIRECTION('',(-1.184237892933E-15,-1.,0.));
#16376 = FACE_BOUND('',#16377,.T.);
#16377 = EDGE_LOOP('',(#16378));
#16378 = ORIENTED_EDGE('',*,*,#16379,.T.);
#16379 = EDGE_CURVE('',#16380,#16380,#16382,.T.);
#16380 = VERTEX_POINT('',#16381);
#16381 = CARTESIAN_POINT('',(23.111777,10.345,1.51));
#16382 = CIRCLE('',#16383,0.4);
#16383 = AXIS2_PLACEMENT_3D('',#16384,#16385,#16386);
#16384 = CARTESIAN_POINT('',(23.111777,10.745,1.51));
#16385 = DIRECTION('',(-0.,0.,-1.));
#16386 = DIRECTION('',(-0.,-1.,0.));
#16387 = FACE_BOUND('',#16388,.T.);
#16388 = EDGE_LOOP('',(#16389));
#16389 = ORIENTED_EDGE('',*,*,#16390,.T.);
#16390 = EDGE_CURVE('',#16391,#16391,#16393,.T.);
#16391 = VERTEX_POINT('',#16392);
#16392 = CARTESIAN_POINT('',(6.266777,19.7041,1.51));
#16393 = CIRCLE('',#16394,0.8509);
#16394 = AXIS2_PLACEMENT_3D('',#16395,#16396,#16397);
#16395 = CARTESIAN_POINT('',(6.266777,20.555,1.51));
#16396 = DIRECTION('',(-0.,0.,-1.));
#16397 = DIRECTION('',(1.043810576684E-15,-1.,-0.));
#16398 = FACE_BOUND('',#16399,.T.);
#16399 = EDGE_LOOP('',(#16400));
#16400 = ORIENTED_EDGE('',*,*,#16401,.T.);
#16401 = EDGE_CURVE('',#16402,#16402,#16404,.T.);
#16402 = VERTEX_POINT('',#16403);
#16403 = CARTESIAN_POINT('',(11.346777,18.5611,1.51));
#16404 = CIRCLE('',#16405,1.9939);
#16405 = AXIS2_PLACEMENT_3D('',#16406,#16407,#16408);
#16406 = CARTESIAN_POINT('',(11.346777,20.555,1.51));
#16407 = DIRECTION('',(-0.,0.,-1.));
#16408 = DIRECTION('',(-0.,-1.,0.));
#16409 = FACE_BOUND('',#16410,.T.);
#16410 = EDGE_LOOP('',(#16411));
#16411 = ORIENTED_EDGE('',*,*,#16412,.T.);
#16412 = EDGE_CURVE('',#16413,#16413,#16415,.T.);
#16413 = VERTEX_POINT('',#16414);
#16414 = CARTESIAN_POINT('',(8.806777,24.135,1.51));
#16415 = CIRCLE('',#16416,1.5);
#16416 = AXIS2_PLACEMENT_3D('',#16417,#16418,#16419);
#16417 = CARTESIAN_POINT('',(8.806777,25.635,1.51));
#16418 = DIRECTION('',(-0.,0.,-1.));
#16419 = DIRECTION('',(-0.,-1.,0.));
#16420 = FACE_BOUND('',#16421,.T.);
#16421 = EDGE_LOOP('',(#16422));
#16422 = ORIENTED_EDGE('',*,*,#16423,.T.);
#16423 = EDGE_CURVE('',#16424,#16424,#16426,.T.);
#16424 = VERTEX_POINT('',#16425);
#16425 = CARTESIAN_POINT('',(16.426777,19.7041,1.51));
#16426 = CIRCLE('',#16427,0.8509);
#16427 = AXIS2_PLACEMENT_3D('',#16428,#16429,#16430);
#16428 = CARTESIAN_POINT('',(16.426777,20.555,1.51));
#16429 = DIRECTION('',(-0.,0.,-1.));
#16430 = DIRECTION('',(-0.,-1.,0.));
#16431 = FACE_BOUND('',#16432,.T.);
#16432 = EDGE_LOOP('',(#16433));
#16433 = ORIENTED_EDGE('',*,*,#16434,.T.);
#16434 = EDGE_CURVE('',#16435,#16435,#16437,.T.);
#16435 = VERTEX_POINT('',#16436);
#16436 = CARTESIAN_POINT('',(15.156777,21.595,1.51));
#16437 = CIRCLE('',#16438,1.5);
#16438 = AXIS2_PLACEMENT_3D('',#16439,#16440,#16441);
#16439 = CARTESIAN_POINT('',(15.156777,23.095,1.51));
#16440 = DIRECTION('',(-0.,0.,-1.));
#16441 = DIRECTION('',(-1.184237892934E-15,-1.,0.));
#16442 = FACE_BOUND('',#16443,.T.);
#16443 = EDGE_LOOP('',(#16444));
#16444 = ORIENTED_EDGE('',*,*,#16445,.T.);
#16445 = EDGE_CURVE('',#16446,#16446,#16448,.T.);
#16446 = VERTEX_POINT('',#16447);
#16447 = CARTESIAN_POINT('',(28.496777,4.445,1.51));
#16448 = CIRCLE('',#16449,1.5);
#16449 = AXIS2_PLACEMENT_3D('',#16450,#16451,#16452);
#16450 = CARTESIAN_POINT('',(28.496777,5.945,1.51));
#16451 = DIRECTION('',(-0.,0.,-1.));
#16452 = DIRECTION('',(-0.,-1.,0.));
#16453 = FACE_BOUND('',#16454,.T.);
#16454 = EDGE_LOOP('',(#16455));
#16455 = ORIENTED_EDGE('',*,*,#16456,.T.);
#16456 = EDGE_CURVE('',#16457,#16457,#16459,.T.);
#16457 = VERTEX_POINT('',#16458);
#16458 = CARTESIAN_POINT('',(34.846777,1.905,1.51));
#16459 = CIRCLE('',#16460,1.5);
#16460 = AXIS2_PLACEMENT_3D('',#16461,#16462,#16463);
#16461 = CARTESIAN_POINT('',(34.846777,3.405,1.51));
#16462 = DIRECTION('',(-0.,0.,-1.));
#16463 = DIRECTION('',(-0.,-1.,0.));
#16464 = FACE_BOUND('',#16465,.T.);
#16465 = EDGE_LOOP('',(#16466));
#16466 = ORIENTED_EDGE('',*,*,#16467,.T.);
#16467 = EDGE_CURVE('',#16468,#16468,#16470,.T.);
#16468 = VERTEX_POINT('',#16469);
#16469 = CARTESIAN_POINT('',(30.731777,10.345,1.51));
#16470 = CIRCLE('',#16471,0.4);
#16471 = AXIS2_PLACEMENT_3D('',#16472,#16473,#16474);
#16472 = CARTESIAN_POINT('',(30.731777,10.745,1.51));
#16473 = DIRECTION('',(-0.,0.,-1.));
#16474 = DIRECTION('',(-0.,-1.,0.));
#16475 = FACE_BOUND('',#16476,.T.);
#16476 = EDGE_LOOP('',(#16477));
#16477 = ORIENTED_EDGE('',*,*,#16478,.T.);
#16478 = EDGE_CURVE('',#16479,#16479,#16481,.T.);
#16479 = VERTEX_POINT('',#16480);
#16480 = CARTESIAN_POINT('',(25.956777,19.7041,1.51));
#16481 = CIRCLE('',#16482,0.8509);
#16482 = AXIS2_PLACEMENT_3D('',#16483,#16484,#16485);
#16483 = CARTESIAN_POINT('',(25.956777,20.555,1.51));
#16484 = DIRECTION('',(-0.,0.,-1.));
#16485 = DIRECTION('',(-4.175242306735E-15,-1.,0.));
#16486 = FACE_BOUND('',#16487,.T.);
#16487 = EDGE_LOOP('',(#16488));
#16488 = ORIENTED_EDGE('',*,*,#16489,.T.);
#16489 = EDGE_CURVE('',#16490,#16490,#16492,.T.);
#16490 = VERTEX_POINT('',#16491);
#16491 = CARTESIAN_POINT('',(31.036777,18.5611,1.51));
#16492 = CIRCLE('',#16493,1.9939);
#16493 = AXIS2_PLACEMENT_3D('',#16494,#16495,#16496);
#16494 = CARTESIAN_POINT('',(31.036777,20.555,1.51));
#16495 = DIRECTION('',(-0.,0.,-1.));
#16496 = DIRECTION('',(-0.,-1.,0.));
#16497 = FACE_BOUND('',#16498,.T.);
#16498 = EDGE_LOOP('',(#16499));
#16499 = ORIENTED_EDGE('',*,*,#16500,.T.);
#16500 = EDGE_CURVE('',#16501,#16501,#16503,.T.);
#16501 = VERTEX_POINT('',#16502);
#16502 = CARTESIAN_POINT('',(28.496777,24.135,1.51));
#16503 = CIRCLE('',#16504,1.5);
#16504 = AXIS2_PLACEMENT_3D('',#16505,#16506,#16507);
#16505 = CARTESIAN_POINT('',(28.496777,25.635,1.51));
#16506 = DIRECTION('',(-0.,0.,-1.));
#16507 = DIRECTION('',(-0.,-1.,0.));
#16508 = FACE_BOUND('',#16509,.T.);
#16509 = EDGE_LOOP('',(#16510));
#16510 = ORIENTED_EDGE('',*,*,#16511,.T.);
#16511 = EDGE_CURVE('',#16512,#16512,#16514,.T.);
#16512 = VERTEX_POINT('',#16513);
#16513 = CARTESIAN_POINT('',(34.846777,21.595,1.51));
#16514 = CIRCLE('',#16515,1.5);
#16515 = AXIS2_PLACEMENT_3D('',#16516,#16517,#16518);
#16516 = CARTESIAN_POINT('',(34.846777,23.095,1.51));
#16517 = DIRECTION('',(-0.,0.,-1.));
#16518 = DIRECTION('',(-0.,-1.,0.));
#16519 = FACE_BOUND('',#16520,.T.);
#16520 = EDGE_LOOP('',(#16521));
#16521 = ORIENTED_EDGE('',*,*,#16522,.T.);
#16522 = EDGE_CURVE('',#16523,#16523,#16525,.T.);
#16523 = VERTEX_POINT('',#16524);
#16524 = CARTESIAN_POINT('',(36.116777,19.7041,1.51));
#16525 = CIRCLE('',#16526,0.8509);
#16526 = AXIS2_PLACEMENT_3D('',#16527,#16528,#16529);
#16527 = CARTESIAN_POINT('',(36.116777,20.555,1.51));
#16528 = DIRECTION('',(-0.,0.,-1.));
#16529 = DIRECTION('',(-0.,-1.,0.));
#16530 = FACE_BOUND('',#16531,.T.);
#16531 = EDGE_LOOP('',(#16532));
#16532 = ORIENTED_EDGE('',*,*,#16533,.T.);
#16533 = EDGE_CURVE('',#16534,#16534,#16536,.T.);
#16534 = VERTEX_POINT('',#16535);
#16535 = CARTESIAN_POINT('',(35.041777,34.575,1.51));
#16536 = CIRCLE('',#16537,0.5);
#16537 = AXIS2_PLACEMENT_3D('',#16538,#16539,#16540);
#16538 = CARTESIAN_POINT('',(35.041777,35.075,1.51));
#16539 = DIRECTION('',(-0.,0.,-1.));
#16540 = DIRECTION('',(-0.,-1.,0.));
#16541 = FACE_BOUND('',#16542,.T.);
#16542 = EDGE_LOOP('',(#16543));
#16543 = ORIENTED_EDGE('',*,*,#16544,.T.);
#16544 = EDGE_CURVE('',#16545,#16545,#16547,.T.);
#16545 = VERTEX_POINT('',#16546);
#16546 = CARTESIAN_POINT('',(37.581777,34.575,1.51));
#16547 = CIRCLE('',#16548,0.5);
#16548 = AXIS2_PLACEMENT_3D('',#16549,#16550,#16551);
#16549 = CARTESIAN_POINT('',(37.581777,35.075,1.51));
#16550 = DIRECTION('',(-0.,0.,-1.));
#16551 = DIRECTION('',(-0.,-1.,0.));
#16552 = FACE_BOUND('',#16553,.T.);
#16553 = EDGE_LOOP('',(#16554));
#16554 = ORIENTED_EDGE('',*,*,#16555,.T.);
#16555 = EDGE_CURVE('',#16556,#16556,#16558,.T.);
#16556 = VERTEX_POINT('',#16557);
#16557 = CARTESIAN_POINT('',(40.121777,34.575,1.51));
#16558 = CIRCLE('',#16559,0.5);
#16559 = AXIS2_PLACEMENT_3D('',#16560,#16561,#16562);
#16560 = CARTESIAN_POINT('',(40.121777,35.075,1.51));
#16561 = DIRECTION('',(-0.,0.,-1.));
#16562 = DIRECTION('',(-0.,-1.,0.));
#16563 = FACE_BOUND('',#16564,.T.);
#16564 = EDGE_LOOP('',(#16565));
#16565 = ORIENTED_EDGE('',*,*,#16566,.T.);
#16566 = EDGE_CURVE('',#16567,#16567,#16569,.T.);
#16567 = VERTEX_POINT('',#16568);
#16568 = CARTESIAN_POINT('',(42.661777,34.575,1.51));
#16569 = CIRCLE('',#16570,0.5);
#16570 = AXIS2_PLACEMENT_3D('',#16571,#16572,#16573);
#16571 = CARTESIAN_POINT('',(42.661777,35.075,1.51));
#16572 = DIRECTION('',(-0.,0.,-1.));
#16573 = DIRECTION('',(-0.,-1.,0.));
#16574 = FACE_BOUND('',#16575,.T.);
#16575 = EDGE_LOOP('',(#16576));
#16576 = ORIENTED_EDGE('',*,*,#16577,.T.);
#16577 = EDGE_CURVE('',#16578,#16578,#16580,.T.);
#16578 = VERTEX_POINT('',#16579);
#16579 = CARTESIAN_POINT('',(45.201777,34.575,1.51));
#16580 = CIRCLE('',#16581,0.5);
#16581 = AXIS2_PLACEMENT_3D('',#16582,#16583,#16584);
#16582 = CARTESIAN_POINT('',(45.201777,35.075,1.51));
#16583 = DIRECTION('',(-0.,0.,-1.));
#16584 = DIRECTION('',(-0.,-1.,0.));
#16585 = FACE_BOUND('',#16586,.T.);
#16586 = EDGE_LOOP('',(#16587));
#16587 = ORIENTED_EDGE('',*,*,#16588,.T.);
#16588 = EDGE_CURVE('',#16589,#16589,#16591,.T.);
#16589 = VERTEX_POINT('',#16590);
#16590 = CARTESIAN_POINT('',(47.741777,34.575,1.51));
#16591 = CIRCLE('',#16592,0.5);
#16592 = AXIS2_PLACEMENT_3D('',#16593,#16594,#16595);
#16593 = CARTESIAN_POINT('',(47.741777,35.075,1.51));
#16594 = DIRECTION('',(-0.,0.,-1.));
#16595 = DIRECTION('',(-0.,-1.,0.));
#16596 = FACE_BOUND('',#16597,.T.);
#16597 = EDGE_LOOP('',(#16598));
#16598 = ORIENTED_EDGE('',*,*,#16599,.T.);
#16599 = EDGE_CURVE('',#16600,#16600,#16602,.T.);
#16600 = VERTEX_POINT('',#16601);
#16601 = CARTESIAN_POINT('',(50.281777,34.575,1.51));
#16602 = CIRCLE('',#16603,0.5);
#16603 = AXIS2_PLACEMENT_3D('',#16604,#16605,#16606);
#16604 = CARTESIAN_POINT('',(50.281777,35.075,1.51));
#16605 = DIRECTION('',(-0.,0.,-1.));
#16606 = DIRECTION('',(-0.,-1.,0.));
#16607 = FACE_BOUND('',#16608,.T.);
#16608 = EDGE_LOOP('',(#16609));
#16609 = ORIENTED_EDGE('',*,*,#16610,.T.);
#16610 = EDGE_CURVE('',#16611,#16611,#16613,.T.);
#16611 = VERTEX_POINT('',#16612);
#16612 = CARTESIAN_POINT('',(35.041777,49.825,1.51));
#16613 = CIRCLE('',#16614,0.5);
#16614 = AXIS2_PLACEMENT_3D('',#16615,#16616,#16617);
#16615 = CARTESIAN_POINT('',(35.041777,50.325,1.51));
#16616 = DIRECTION('',(-0.,0.,-1.));
#16617 = DIRECTION('',(-0.,-1.,0.));
#16618 = FACE_BOUND('',#16619,.T.);
#16619 = EDGE_LOOP('',(#16620));
#16620 = ORIENTED_EDGE('',*,*,#16621,.T.);
#16621 = EDGE_CURVE('',#16622,#16622,#16624,.T.);
#16622 = VERTEX_POINT('',#16623);
#16623 = CARTESIAN_POINT('',(37.581777,49.825,1.51));
#16624 = CIRCLE('',#16625,0.5);
#16625 = AXIS2_PLACEMENT_3D('',#16626,#16627,#16628);
#16626 = CARTESIAN_POINT('',(37.581777,50.325,1.51));
#16627 = DIRECTION('',(-0.,0.,-1.));
#16628 = DIRECTION('',(-0.,-1.,0.));
#16629 = FACE_BOUND('',#16630,.T.);
#16630 = EDGE_LOOP('',(#16631));
#16631 = ORIENTED_EDGE('',*,*,#16632,.T.);
#16632 = EDGE_CURVE('',#16633,#16633,#16635,.T.);
#16633 = VERTEX_POINT('',#16634);
#16634 = CARTESIAN_POINT('',(40.121777,49.825,1.51));
#16635 = CIRCLE('',#16636,0.5);
#16636 = AXIS2_PLACEMENT_3D('',#16637,#16638,#16639);
#16637 = CARTESIAN_POINT('',(40.121777,50.325,1.51));
#16638 = DIRECTION('',(-0.,0.,-1.));
#16639 = DIRECTION('',(-0.,-1.,0.));
#16640 = FACE_BOUND('',#16641,.T.);
#16641 = EDGE_LOOP('',(#16642));
#16642 = ORIENTED_EDGE('',*,*,#16643,.T.);
#16643 = EDGE_CURVE('',#16644,#16644,#16646,.T.);
#16644 = VERTEX_POINT('',#16645);
#16645 = CARTESIAN_POINT('',(42.661777,49.825,1.51));
#16646 = CIRCLE('',#16647,0.5);
#16647 = AXIS2_PLACEMENT_3D('',#16648,#16649,#16650);
#16648 = CARTESIAN_POINT('',(42.661777,50.325,1.51));
#16649 = DIRECTION('',(-0.,0.,-1.));
#16650 = DIRECTION('',(-0.,-1.,0.));
#16651 = FACE_BOUND('',#16652,.T.);
#16652 = EDGE_LOOP('',(#16653));
#16653 = ORIENTED_EDGE('',*,*,#16654,.T.);
#16654 = EDGE_CURVE('',#16655,#16655,#16657,.T.);
#16655 = VERTEX_POINT('',#16656);
#16656 = CARTESIAN_POINT('',(45.201777,49.825,1.51));
#16657 = CIRCLE('',#16658,0.5);
#16658 = AXIS2_PLACEMENT_3D('',#16659,#16660,#16661);
#16659 = CARTESIAN_POINT('',(45.201777,50.325,1.51));
#16660 = DIRECTION('',(-0.,0.,-1.));
#16661 = DIRECTION('',(-0.,-1.,0.));
#16662 = FACE_BOUND('',#16663,.T.);
#16663 = EDGE_LOOP('',(#16664));
#16664 = ORIENTED_EDGE('',*,*,#16665,.T.);
#16665 = EDGE_CURVE('',#16666,#16666,#16668,.T.);
#16666 = VERTEX_POINT('',#16667);
#16667 = CARTESIAN_POINT('',(47.741777,49.825,1.51));
#16668 = CIRCLE('',#16669,0.5);
#16669 = AXIS2_PLACEMENT_3D('',#16670,#16671,#16672);
#16670 = CARTESIAN_POINT('',(47.741777,50.325,1.51));
#16671 = DIRECTION('',(-0.,0.,-1.));
#16672 = DIRECTION('',(-0.,-1.,0.));
#16673 = FACE_BOUND('',#16674,.T.);
#16674 = EDGE_LOOP('',(#16675));
#16675 = ORIENTED_EDGE('',*,*,#16676,.T.);
#16676 = EDGE_CURVE('',#16677,#16677,#16679,.T.);
#16677 = VERTEX_POINT('',#16678);
#16678 = CARTESIAN_POINT('',(50.281777,49.825,1.51));
#16679 = CIRCLE('',#16680,0.5);
#16680 = AXIS2_PLACEMENT_3D('',#16681,#16682,#16683);
#16681 = CARTESIAN_POINT('',(50.281777,50.325,1.51));
#16682 = DIRECTION('',(-0.,0.,-1.));
#16683 = DIRECTION('',(-0.,-1.,0.));
#16684 = PLANE('',#16685);
#16685 = AXIS2_PLACEMENT_3D('',#16686,#16687,#16688);
#16686 = CARTESIAN_POINT('',(0.,0.,1.51));
#16687 = DIRECTION('',(0.,0.,1.));
#16688 = DIRECTION('',(1.,0.,-0.));
#16689 = ADVANCED_FACE('',(#16690),#16701,.T.);
#16690 = FACE_BOUND('',#16691,.T.);
#16691 = EDGE_LOOP('',(#16692,#16698,#16699,#16700));
#16692 = ORIENTED_EDGE('',*,*,#16693,.T.);
#16693 = EDGE_CURVE('',#13324,#15010,#16694,.T.);
#16694 = LINE('',#16695,#16696);
#16695 = CARTESIAN_POINT('',(-54.888223,48.375,0.));
#16696 = VECTOR('',#16697,1.);
#16697 = DIRECTION('',(0.,0.,1.));
#16698 = ORIENTED_EDGE('',*,*,#15009,.T.);
#16699 = ORIENTED_EDGE('',*,*,#13259,.F.);
#16700 = ORIENTED_EDGE('',*,*,#13323,.F.);
#16701 = CYLINDRICAL_SURFACE('',#16702,7.000001598897);
#16702 = AXIS2_PLACEMENT_3D('',#16703,#16704,#16705);
#16703 = CARTESIAN_POINT('',(-47.8882214011,48.374998401103,0.));
#16704 = DIRECTION('',(0.,0.,-1.));
#16705 = DIRECTION('',(-1.,2.284137441487E-07,0.));
#16706 = ADVANCED_FACE('',(#16707),#16718,.T.);
#16707 = FACE_BOUND('',#16708,.T.);
#16708 = EDGE_LOOP('',(#16709,#16710,#16711,#16717));
#16709 = ORIENTED_EDGE('',*,*,#13299,.T.);
#16710 = ORIENTED_EDGE('',*,*,#15043,.T.);
#16711 = ORIENTED_EDGE('',*,*,#16712,.F.);
#16712 = EDGE_CURVE('',#13350,#15036,#16713,.T.);
#16713 = LINE('',#16714,#16715);
#16714 = CARTESIAN_POINT('',(47.661777,-55.375,0.));
#16715 = VECTOR('',#16716,1.);
#16716 = DIRECTION('',(0.,0.,1.));
#16717 = ORIENTED_EDGE('',*,*,#13357,.F.);
#16718 = CYLINDRICAL_SURFACE('',#16719,7.000001598897);
#16719 = AXIS2_PLACEMENT_3D('',#16720,#16721,#16722);
#16720 = CARTESIAN_POINT('',(47.661775401103,-48.3749984011,0.));
#16721 = DIRECTION('',(0.,0.,-1.));
#16722 = DIRECTION('',(1.,-2.284137421186E-07,0.));
#16723 = ADVANCED_FACE('',(#16724),#16735,.T.);
#16724 = FACE_BOUND('',#16725,.T.);
#16725 = EDGE_LOOP('',(#16726,#16732,#16733,#16734));
#16726 = ORIENTED_EDGE('',*,*,#16727,.T.);
#16727 = EDGE_CURVE('',#13333,#15019,#16728,.T.);
#16728 = LINE('',#16729,#16730);
#16729 = CARTESIAN_POINT('',(-54.888223,-48.375,0.));
#16730 = VECTOR('',#16731,1.);
#16731 = DIRECTION('',(0.,0.,1.));
#16732 = ORIENTED_EDGE('',*,*,#15018,.T.);
#16733 = ORIENTED_EDGE('',*,*,#16693,.F.);
#16734 = ORIENTED_EDGE('',*,*,#13332,.F.);
#16735 = PLANE('',#16736);
#16736 = AXIS2_PLACEMENT_3D('',#16737,#16738,#16739);
#16737 = CARTESIAN_POINT('',(-54.888223,-48.375,0.));
#16738 = DIRECTION('',(-1.,0.,0.));
#16739 = DIRECTION('',(0.,1.,0.));
#16740 = ADVANCED_FACE('',(#16741),#16752,.T.);
#16741 = FACE_BOUND('',#16742,.T.);
#16742 = EDGE_LOOP('',(#16743,#16744,#16745,#16751));
#16743 = ORIENTED_EDGE('',*,*,#16712,.T.);
#16744 = ORIENTED_EDGE('',*,*,#15035,.T.);
#16745 = ORIENTED_EDGE('',*,*,#16746,.F.);
#16746 = EDGE_CURVE('',#13341,#15027,#16747,.T.);
#16747 = LINE('',#16748,#16749);
#16748 = CARTESIAN_POINT('',(-47.888223,-55.375,0.));
#16749 = VECTOR('',#16750,1.);
#16750 = DIRECTION('',(0.,0.,1.));
#16751 = ORIENTED_EDGE('',*,*,#13349,.F.);
#16752 = PLANE('',#16753);
#16753 = AXIS2_PLACEMENT_3D('',#16754,#16755,#16756);
#16754 = CARTESIAN_POINT('',(47.661777,-55.375,0.));
#16755 = DIRECTION('',(0.,-1.,0.));
#16756 = DIRECTION('',(-1.,0.,0.));
#16757 = ADVANCED_FACE('',(#16758),#16764,.T.);
#16758 = FACE_BOUND('',#16759,.T.);
#16759 = EDGE_LOOP('',(#16760,#16761,#16762,#16763));
#16760 = ORIENTED_EDGE('',*,*,#16746,.T.);
#16761 = ORIENTED_EDGE('',*,*,#15026,.T.);
#16762 = ORIENTED_EDGE('',*,*,#16727,.F.);
#16763 = ORIENTED_EDGE('',*,*,#13340,.F.);
#16764 = CYLINDRICAL_SURFACE('',#16765,7.000001598897);
#16765 = AXIS2_PLACEMENT_3D('',#16766,#16767,#16768);
#16766 = CARTESIAN_POINT('',(-47.8882214011,-48.3749984011,0.));
#16767 = DIRECTION('',(0.,0.,-1.));
#16768 = DIRECTION('',(-2.284137441487E-07,-1.,-0.));
#16769 = ADVANCED_FACE('',(#16770),#16781,.F.);
#16770 = FACE_BOUND('',#16771,.T.);
#16771 = EDGE_LOOP('',(#16772,#16773,#16779,#16780));
#16772 = ORIENTED_EDGE('',*,*,#13367,.T.);
#16773 = ORIENTED_EDGE('',*,*,#16774,.T.);
#16774 = EDGE_CURVE('',#13368,#15054,#16775,.T.);
#16775 = LINE('',#16776,#16777);
#16776 = CARTESIAN_POINT('',(-35.998223,-48.775,-4.6E-02));
#16777 = VECTOR('',#16778,1.);
#16778 = DIRECTION('',(0.,0.,1.));
#16779 = ORIENTED_EDGE('',*,*,#15053,.F.);
#16780 = ORIENTED_EDGE('',*,*,#16774,.F.);
#16781 = CYLINDRICAL_SURFACE('',#16782,0.4);
#16782 = AXIS2_PLACEMENT_3D('',#16783,#16784,#16785);
#16783 = CARTESIAN_POINT('',(-35.998223,-48.375,-4.6E-02));
#16784 = DIRECTION('',(-0.,-0.,-1.));
#16785 = DIRECTION('',(-1.7763568394E-14,-1.,0.));
#16786 = ADVANCED_FACE('',(#16787),#16798,.F.);
#16787 = FACE_BOUND('',#16788,.T.);
#16788 = EDGE_LOOP('',(#16789,#16790,#16796,#16797));
#16789 = ORIENTED_EDGE('',*,*,#13378,.T.);
#16790 = ORIENTED_EDGE('',*,*,#16791,.T.);
#16791 = EDGE_CURVE('',#13379,#15065,#16792,.T.);
#16792 = LINE('',#16793,#16794);
#16793 = CARTESIAN_POINT('',(-28.378223,-48.775,-4.6E-02));
#16794 = VECTOR('',#16795,1.);
#16795 = DIRECTION('',(0.,0.,1.));
#16796 = ORIENTED_EDGE('',*,*,#15064,.F.);
#16797 = ORIENTED_EDGE('',*,*,#16791,.F.);
#16798 = CYLINDRICAL_SURFACE('',#16799,0.4);
#16799 = AXIS2_PLACEMENT_3D('',#16800,#16801,#16802);
#16800 = CARTESIAN_POINT('',(-28.378223,-48.375,-4.6E-02));
#16801 = DIRECTION('',(-0.,-0.,-1.));
#16802 = DIRECTION('',(-0.,-1.,0.));
#16803 = ADVANCED_FACE('',(#16804),#16815,.F.);
#16804 = FACE_BOUND('',#16805,.T.);
#16805 = EDGE_LOOP('',(#16806,#16807,#16813,#16814));
#16806 = ORIENTED_EDGE('',*,*,#13389,.T.);
#16807 = ORIENTED_EDGE('',*,*,#16808,.T.);
#16808 = EDGE_CURVE('',#13390,#15076,#16809,.T.);
#16809 = LINE('',#16810,#16811);
#16810 = CARTESIAN_POINT('',(-33.113223,-39.3659,-4.6E-02));
#16811 = VECTOR('',#16812,1.);
#16812 = DIRECTION('',(0.,0.,1.));
#16813 = ORIENTED_EDGE('',*,*,#15075,.F.);
#16814 = ORIENTED_EDGE('',*,*,#16808,.F.);
#16815 = CYLINDRICAL_SURFACE('',#16816,0.8509);
#16816 = AXIS2_PLACEMENT_3D('',#16817,#16818,#16819);
#16817 = CARTESIAN_POINT('',(-33.113223,-38.515,-4.6E-02));
#16818 = DIRECTION('',(-0.,0.,-1.));
#16819 = DIRECTION('',(8.350484613469E-15,-1.,-0.));
#16820 = ADVANCED_FACE('',(#16821),#16832,.F.);
#16821 = FACE_BOUND('',#16822,.T.);
#16822 = EDGE_LOOP('',(#16823,#16824,#16830,#16831));
#16823 = ORIENTED_EDGE('',*,*,#13400,.T.);
#16824 = ORIENTED_EDGE('',*,*,#16825,.T.);
#16825 = EDGE_CURVE('',#13401,#15087,#16826,.T.);
#16826 = LINE('',#16827,#16828);
#16827 = CARTESIAN_POINT('',(-28.033223,-40.5089,-4.6E-02));
#16828 = VECTOR('',#16829,1.);
#16829 = DIRECTION('',(0.,0.,1.));
#16830 = ORIENTED_EDGE('',*,*,#15086,.F.);
#16831 = ORIENTED_EDGE('',*,*,#16825,.F.);
#16832 = CYLINDRICAL_SURFACE('',#16833,1.9939);
#16833 = AXIS2_PLACEMENT_3D('',#16834,#16835,#16836);
#16834 = CARTESIAN_POINT('',(-28.033223,-38.515,-4.6E-02));
#16835 = DIRECTION('',(-0.,-0.,-1.));
#16836 = DIRECTION('',(-0.,-1.,0.));
#16837 = ADVANCED_FACE('',(#16838),#16849,.F.);
#16838 = FACE_BOUND('',#16839,.T.);
#16839 = EDGE_LOOP('',(#16840,#16841,#16847,#16848));
#16840 = ORIENTED_EDGE('',*,*,#13411,.T.);
#16841 = ORIENTED_EDGE('',*,*,#16842,.T.);
#16842 = EDGE_CURVE('',#13412,#15098,#16843,.T.);
#16843 = LINE('',#16844,#16845);
#16844 = CARTESIAN_POINT('',(-30.573223,-34.935,-4.6E-02));
#16845 = VECTOR('',#16846,1.);
#16846 = DIRECTION('',(0.,0.,1.));
#16847 = ORIENTED_EDGE('',*,*,#15097,.F.);
#16848 = ORIENTED_EDGE('',*,*,#16842,.F.);
#16849 = CYLINDRICAL_SURFACE('',#16850,1.5);
#16850 = AXIS2_PLACEMENT_3D('',#16851,#16852,#16853);
#16851 = CARTESIAN_POINT('',(-30.573223,-33.435,-4.6E-02));
#16852 = DIRECTION('',(-0.,-0.,-1.));
#16853 = DIRECTION('',(-0.,-1.,0.));
#16854 = ADVANCED_FACE('',(#16855),#16866,.F.);
#16855 = FACE_BOUND('',#16856,.T.);
#16856 = EDGE_LOOP('',(#16857,#16858,#16864,#16865));
#16857 = ORIENTED_EDGE('',*,*,#13422,.T.);
#16858 = ORIENTED_EDGE('',*,*,#16859,.T.);
#16859 = EDGE_CURVE('',#13423,#15109,#16860,.T.);
#16860 = LINE('',#16861,#16862);
#16861 = CARTESIAN_POINT('',(-24.223223,-37.475,-4.6E-02));
#16862 = VECTOR('',#16863,1.);
#16863 = DIRECTION('',(0.,0.,1.));
#16864 = ORIENTED_EDGE('',*,*,#15108,.F.);
#16865 = ORIENTED_EDGE('',*,*,#16859,.F.);
#16866 = CYLINDRICAL_SURFACE('',#16867,1.5);
#16867 = AXIS2_PLACEMENT_3D('',#16868,#16869,#16870);
#16868 = CARTESIAN_POINT('',(-24.223223,-35.975,-4.6E-02));
#16869 = DIRECTION('',(-0.,-0.,-1.));
#16870 = DIRECTION('',(-0.,-1.,0.));
#16871 = ADVANCED_FACE('',(#16872),#16883,.F.);
#16872 = FACE_BOUND('',#16873,.T.);
#16873 = EDGE_LOOP('',(#16874,#16875,#16881,#16882));
#16874 = ORIENTED_EDGE('',*,*,#13433,.T.);
#16875 = ORIENTED_EDGE('',*,*,#16876,.T.);
#16876 = EDGE_CURVE('',#13434,#15120,#16877,.T.);
#16877 = LINE('',#16878,#16879);
#16878 = CARTESIAN_POINT('',(-35.998223,-29.095,-4.6E-02));
#16879 = VECTOR('',#16880,1.);
#16880 = DIRECTION('',(0.,0.,1.));
#16881 = ORIENTED_EDGE('',*,*,#15119,.F.);
#16882 = ORIENTED_EDGE('',*,*,#16876,.F.);
#16883 = CYLINDRICAL_SURFACE('',#16884,0.4);
#16884 = AXIS2_PLACEMENT_3D('',#16885,#16886,#16887);
#16885 = CARTESIAN_POINT('',(-35.998223,-28.695,-4.6E-02));
#16886 = DIRECTION('',(-0.,-0.,-1.));
#16887 = DIRECTION('',(-1.7763568394E-14,-1.,0.));
#16888 = ADVANCED_FACE('',(#16889),#16900,.F.);
#16889 = FACE_BOUND('',#16890,.T.);
#16890 = EDGE_LOOP('',(#16891,#16892,#16898,#16899));
#16891 = ORIENTED_EDGE('',*,*,#13444,.T.);
#16892 = ORIENTED_EDGE('',*,*,#16893,.T.);
#16893 = EDGE_CURVE('',#13445,#15131,#16894,.T.);
#16894 = LINE('',#16895,#16896);
#16895 = CARTESIAN_POINT('',(-28.378223,-29.095,-4.6E-02));
#16896 = VECTOR('',#16897,1.);
#16897 = DIRECTION('',(0.,0.,1.));
#16898 = ORIENTED_EDGE('',*,*,#15130,.F.);
#16899 = ORIENTED_EDGE('',*,*,#16893,.F.);
#16900 = CYLINDRICAL_SURFACE('',#16901,0.4);
#16901 = AXIS2_PLACEMENT_3D('',#16902,#16903,#16904);
#16902 = CARTESIAN_POINT('',(-28.378223,-28.695,-4.6E-02));
#16903 = DIRECTION('',(-0.,-0.,-1.));
#16904 = DIRECTION('',(-0.,-1.,0.));
#16905 = ADVANCED_FACE('',(#16906),#16917,.F.);
#16906 = FACE_BOUND('',#16907,.T.);
#16907 = EDGE_LOOP('',(#16908,#16909,#16915,#16916));
#16908 = ORIENTED_EDGE('',*,*,#13455,.T.);
#16909 = ORIENTED_EDGE('',*,*,#16910,.T.);
#16910 = EDGE_CURVE('',#13456,#15142,#16911,.T.);
#16911 = LINE('',#16912,#16913);
#16912 = CARTESIAN_POINT('',(-16.368223,-48.775,-4.6E-02));
#16913 = VECTOR('',#16914,1.);
#16914 = DIRECTION('',(0.,0.,1.));
#16915 = ORIENTED_EDGE('',*,*,#15141,.F.);
#16916 = ORIENTED_EDGE('',*,*,#16910,.F.);
#16917 = CYLINDRICAL_SURFACE('',#16918,0.4);
#16918 = AXIS2_PLACEMENT_3D('',#16919,#16920,#16921);
#16919 = CARTESIAN_POINT('',(-16.368223,-48.375,-4.6E-02));
#16920 = DIRECTION('',(-0.,-0.,-1.));
#16921 = DIRECTION('',(-0.,-1.,0.));
#16922 = ADVANCED_FACE('',(#16923),#16934,.F.);
#16923 = FACE_BOUND('',#16924,.T.);
#16924 = EDGE_LOOP('',(#16925,#16926,#16932,#16933));
#16925 = ORIENTED_EDGE('',*,*,#13466,.T.);
#16926 = ORIENTED_EDGE('',*,*,#16927,.T.);
#16927 = EDGE_CURVE('',#13467,#15153,#16928,.T.);
#16928 = LINE('',#16929,#16930);
#16929 = CARTESIAN_POINT('',(-22.953223,-39.3659,-4.6E-02));
#16930 = VECTOR('',#16931,1.);
#16931 = DIRECTION('',(0.,0.,1.));
#16932 = ORIENTED_EDGE('',*,*,#15152,.F.);
#16933 = ORIENTED_EDGE('',*,*,#16927,.F.);
#16934 = CYLINDRICAL_SURFACE('',#16935,0.8509);
#16935 = AXIS2_PLACEMENT_3D('',#16936,#16937,#16938);
#16936 = CARTESIAN_POINT('',(-22.953223,-38.515,-4.6E-02));
#16937 = DIRECTION('',(-0.,-0.,-1.));
#16938 = DIRECTION('',(-0.,-1.,0.));
#16939 = ADVANCED_FACE('',(#16940),#16951,.F.);
#16940 = FACE_BOUND('',#16941,.T.);
#16941 = EDGE_LOOP('',(#16942,#16943,#16949,#16950));
#16942 = ORIENTED_EDGE('',*,*,#13477,.T.);
#16943 = ORIENTED_EDGE('',*,*,#16944,.T.);
#16944 = EDGE_CURVE('',#13478,#15164,#16945,.T.);
#16945 = LINE('',#16946,#16947);
#16946 = CARTESIAN_POINT('',(-13.423223,-39.3659,-4.6E-02));
#16947 = VECTOR('',#16948,1.);
#16948 = DIRECTION('',(0.,0.,1.));
#16949 = ORIENTED_EDGE('',*,*,#15163,.F.);
#16950 = ORIENTED_EDGE('',*,*,#16944,.F.);
#16951 = CYLINDRICAL_SURFACE('',#16952,0.8509);
#16952 = AXIS2_PLACEMENT_3D('',#16953,#16954,#16955);
#16953 = CARTESIAN_POINT('',(-13.423223,-38.515,-4.6E-02));
#16954 = DIRECTION('',(-0.,-0.,-1.));
#16955 = DIRECTION('',(-0.,-1.,0.));
#16956 = ADVANCED_FACE('',(#16957),#16968,.F.);
#16957 = FACE_BOUND('',#16958,.T.);
#16958 = EDGE_LOOP('',(#16959,#16960,#16966,#16967));
#16959 = ORIENTED_EDGE('',*,*,#13488,.T.);
#16960 = ORIENTED_EDGE('',*,*,#16961,.T.);
#16961 = EDGE_CURVE('',#13489,#15175,#16962,.T.);
#16962 = LINE('',#16963,#16964);
#16963 = CARTESIAN_POINT('',(-8.748223,-48.775,-4.6E-02));
#16964 = VECTOR('',#16965,1.);
#16965 = DIRECTION('',(0.,0.,1.));
#16966 = ORIENTED_EDGE('',*,*,#15174,.F.);
#16967 = ORIENTED_EDGE('',*,*,#16961,.F.);
#16968 = CYLINDRICAL_SURFACE('',#16969,0.4);
#16969 = AXIS2_PLACEMENT_3D('',#16970,#16971,#16972);
#16970 = CARTESIAN_POINT('',(-8.748223,-48.375,-4.6E-02));
#16971 = DIRECTION('',(-0.,-0.,-1.));
#16972 = DIRECTION('',(-0.,-1.,0.));
#16973 = ADVANCED_FACE('',(#16974),#16985,.F.);
#16974 = FACE_BOUND('',#16975,.T.);
#16975 = EDGE_LOOP('',(#16976,#16977,#16983,#16984));
#16976 = ORIENTED_EDGE('',*,*,#13499,.T.);
#16977 = ORIENTED_EDGE('',*,*,#16978,.T.);
#16978 = EDGE_CURVE('',#13500,#15186,#16979,.T.);
#16979 = LINE('',#16980,#16981);
#16980 = CARTESIAN_POINT('',(-8.343223,-40.5089,-4.6E-02));
#16981 = VECTOR('',#16982,1.);
#16982 = DIRECTION('',(0.,0.,1.));
#16983 = ORIENTED_EDGE('',*,*,#15185,.F.);
#16984 = ORIENTED_EDGE('',*,*,#16978,.F.);
#16985 = CYLINDRICAL_SURFACE('',#16986,1.9939);
#16986 = AXIS2_PLACEMENT_3D('',#16987,#16988,#16989);
#16987 = CARTESIAN_POINT('',(-8.343223,-38.515,-4.6E-02));
#16988 = DIRECTION('',(-0.,-0.,-1.));
#16989 = DIRECTION('',(-0.,-1.,0.));
#16990 = ADVANCED_FACE('',(#16991),#17002,.F.);
#16991 = FACE_BOUND('',#16992,.T.);
#16992 = EDGE_LOOP('',(#16993,#16994,#17000,#17001));
#16993 = ORIENTED_EDGE('',*,*,#13510,.T.);
#16994 = ORIENTED_EDGE('',*,*,#16995,.T.);
#16995 = EDGE_CURVE('',#13511,#15197,#16996,.T.);
#16996 = LINE('',#16997,#16998);
#16997 = CARTESIAN_POINT('',(-3.263223,-39.3659,-4.6E-02));
#16998 = VECTOR('',#16999,1.);
#16999 = DIRECTION('',(0.,0.,1.));
#17000 = ORIENTED_EDGE('',*,*,#15196,.F.);
#17001 = ORIENTED_EDGE('',*,*,#16995,.F.);
#17002 = CYLINDRICAL_SURFACE('',#17003,0.8509);
#17003 = AXIS2_PLACEMENT_3D('',#17004,#17005,#17006);
#17004 = CARTESIAN_POINT('',(-3.263223,-38.515,-4.6E-02));
#17005 = DIRECTION('',(-0.,-0.,-1.));
#17006 = DIRECTION('',(-0.,-1.,0.));
#17007 = ADVANCED_FACE('',(#17008),#17019,.F.);
#17008 = FACE_BOUND('',#17009,.T.);
#17009 = EDGE_LOOP('',(#17010,#17011,#17017,#17018));
#17010 = ORIENTED_EDGE('',*,*,#13521,.T.);
#17011 = ORIENTED_EDGE('',*,*,#17012,.T.);
#17012 = EDGE_CURVE('',#13522,#15208,#17013,.T.);
#17013 = LINE('',#17014,#17015);
#17014 = CARTESIAN_POINT('',(-16.368223,-29.135,-4.6E-02));
#17015 = VECTOR('',#17016,1.);
#17016 = DIRECTION('',(0.,0.,1.));
#17017 = ORIENTED_EDGE('',*,*,#15207,.F.);
#17018 = ORIENTED_EDGE('',*,*,#17012,.F.);
#17019 = CYLINDRICAL_SURFACE('',#17020,0.4);
#17020 = AXIS2_PLACEMENT_3D('',#17021,#17022,#17023);
#17021 = CARTESIAN_POINT('',(-16.368223,-28.735,-4.6E-02));
#17022 = DIRECTION('',(-0.,-0.,-1.));
#17023 = DIRECTION('',(-0.,-1.,0.));
#17024 = ADVANCED_FACE('',(#17025),#17036,.F.);
#17025 = FACE_BOUND('',#17026,.T.);
#17026 = EDGE_LOOP('',(#17027,#17028,#17034,#17035));
#17027 = ORIENTED_EDGE('',*,*,#13532,.T.);
#17028 = ORIENTED_EDGE('',*,*,#17029,.T.);
#17029 = EDGE_CURVE('',#13533,#15219,#17030,.T.);
#17030 = LINE('',#17031,#17032);
#17031 = CARTESIAN_POINT('',(-10.883223,-34.935,-4.6E-02));
#17032 = VECTOR('',#17033,1.);
#17033 = DIRECTION('',(0.,0.,1.));
#17034 = ORIENTED_EDGE('',*,*,#15218,.F.);
#17035 = ORIENTED_EDGE('',*,*,#17029,.F.);
#17036 = CYLINDRICAL_SURFACE('',#17037,1.5);
#17037 = AXIS2_PLACEMENT_3D('',#17038,#17039,#17040);
#17038 = CARTESIAN_POINT('',(-10.883223,-33.435,-4.6E-02));
#17039 = DIRECTION('',(-0.,-0.,-1.));
#17040 = DIRECTION('',(-0.,-1.,0.));
#17041 = ADVANCED_FACE('',(#17042),#17053,.F.);
#17042 = FACE_BOUND('',#17043,.T.);
#17043 = EDGE_LOOP('',(#17044,#17045,#17051,#17052));
#17044 = ORIENTED_EDGE('',*,*,#13543,.T.);
#17045 = ORIENTED_EDGE('',*,*,#17046,.T.);
#17046 = EDGE_CURVE('',#13544,#15230,#17047,.T.);
#17047 = LINE('',#17048,#17049);
#17048 = CARTESIAN_POINT('',(-4.533223,-37.475,-4.6E-02));
#17049 = VECTOR('',#17050,1.);
#17050 = DIRECTION('',(0.,0.,1.));
#17051 = ORIENTED_EDGE('',*,*,#15229,.F.);
#17052 = ORIENTED_EDGE('',*,*,#17046,.F.);
#17053 = CYLINDRICAL_SURFACE('',#17054,1.5);
#17054 = AXIS2_PLACEMENT_3D('',#17055,#17056,#17057);
#17055 = CARTESIAN_POINT('',(-4.533223,-35.975,-4.6E-02));
#17056 = DIRECTION('',(-0.,-0.,-1.));
#17057 = DIRECTION('',(-0.,-1.,0.));
#17058 = ADVANCED_FACE('',(#17059),#17070,.F.);
#17059 = FACE_BOUND('',#17060,.T.);
#17060 = EDGE_LOOP('',(#17061,#17062,#17068,#17069));
#17061 = ORIENTED_EDGE('',*,*,#13554,.T.);
#17062 = ORIENTED_EDGE('',*,*,#17063,.T.);
#17063 = EDGE_CURVE('',#13555,#15241,#17064,.T.);
#17064 = LINE('',#17065,#17066);
#17065 = CARTESIAN_POINT('',(-8.748223,-29.135,-4.6E-02));
#17066 = VECTOR('',#17067,1.);
#17067 = DIRECTION('',(0.,0.,1.));
#17068 = ORIENTED_EDGE('',*,*,#15240,.F.);
#17069 = ORIENTED_EDGE('',*,*,#17063,.F.);
#17070 = CYLINDRICAL_SURFACE('',#17071,0.4);
#17071 = AXIS2_PLACEMENT_3D('',#17072,#17073,#17074);
#17072 = CARTESIAN_POINT('',(-8.748223,-28.735,-4.6E-02));
#17073 = DIRECTION('',(-0.,-0.,-1.));
#17074 = DIRECTION('',(-0.,-1.,0.));
#17075 = ADVANCED_FACE('',(#17076),#17087,.F.);
#17076 = FACE_BOUND('',#17077,.T.);
#17077 = EDGE_LOOP('',(#17078,#17079,#17085,#17086));
#17078 = ORIENTED_EDGE('',*,*,#13565,.T.);
#17079 = ORIENTED_EDGE('',*,*,#17080,.T.);
#17080 = EDGE_CURVE('',#13566,#15252,#17081,.T.);
#17081 = LINE('',#17082,#17083);
#17082 = CARTESIAN_POINT('',(-33.113223,-19.6759,-4.6E-02));
#17083 = VECTOR('',#17084,1.);
#17084 = DIRECTION('',(0.,0.,1.));
#17085 = ORIENTED_EDGE('',*,*,#15251,.F.);
#17086 = ORIENTED_EDGE('',*,*,#17080,.F.);
#17087 = CYLINDRICAL_SURFACE('',#17088,0.8509);
#17088 = AXIS2_PLACEMENT_3D('',#17089,#17090,#17091);
#17089 = CARTESIAN_POINT('',(-33.113223,-18.825,-4.6E-02));
#17090 = DIRECTION('',(-0.,0.,-1.));
#17091 = DIRECTION('',(8.350484613469E-15,-1.,-0.));
#17092 = ADVANCED_FACE('',(#17093),#17104,.F.);
#17093 = FACE_BOUND('',#17094,.T.);
#17094 = EDGE_LOOP('',(#17095,#17096,#17102,#17103));
#17095 = ORIENTED_EDGE('',*,*,#13576,.T.);
#17096 = ORIENTED_EDGE('',*,*,#17097,.T.);
#17097 = EDGE_CURVE('',#13577,#15263,#17098,.T.);
#17098 = LINE('',#17099,#17100);
#17099 = CARTESIAN_POINT('',(-28.033223,-20.8189,-4.6E-02));
#17100 = VECTOR('',#17101,1.);
#17101 = DIRECTION('',(0.,0.,1.));
#17102 = ORIENTED_EDGE('',*,*,#15262,.F.);
#17103 = ORIENTED_EDGE('',*,*,#17097,.F.);
#17104 = CYLINDRICAL_SURFACE('',#17105,1.9939);
#17105 = AXIS2_PLACEMENT_3D('',#17106,#17107,#17108);
#17106 = CARTESIAN_POINT('',(-28.033223,-18.825,-4.6E-02));
#17107 = DIRECTION('',(-0.,-0.,-1.));
#17108 = DIRECTION('',(-0.,-1.,0.));
#17109 = ADVANCED_FACE('',(#17110),#17121,.F.);
#17110 = FACE_BOUND('',#17111,.T.);
#17111 = EDGE_LOOP('',(#17112,#17113,#17119,#17120));
#17112 = ORIENTED_EDGE('',*,*,#13587,.T.);
#17113 = ORIENTED_EDGE('',*,*,#17114,.T.);
#17114 = EDGE_CURVE('',#13588,#15274,#17115,.T.);
#17115 = LINE('',#17116,#17117);
#17116 = CARTESIAN_POINT('',(-30.573223,-15.245,-4.6E-02));
#17117 = VECTOR('',#17118,1.);
#17118 = DIRECTION('',(0.,0.,1.));
#17119 = ORIENTED_EDGE('',*,*,#15273,.F.);
#17120 = ORIENTED_EDGE('',*,*,#17114,.F.);
#17121 = CYLINDRICAL_SURFACE('',#17122,1.5);
#17122 = AXIS2_PLACEMENT_3D('',#17123,#17124,#17125);
#17123 = CARTESIAN_POINT('',(-30.573223,-13.745,-4.6E-02));
#17124 = DIRECTION('',(-0.,-0.,-1.));
#17125 = DIRECTION('',(-0.,-1.,0.));
#17126 = ADVANCED_FACE('',(#17127),#17138,.F.);
#17127 = FACE_BOUND('',#17128,.T.);
#17128 = EDGE_LOOP('',(#17129,#17130,#17136,#17137));
#17129 = ORIENTED_EDGE('',*,*,#13598,.T.);
#17130 = ORIENTED_EDGE('',*,*,#17131,.T.);
#17131 = EDGE_CURVE('',#13599,#15285,#17132,.T.);
#17132 = LINE('',#17133,#17134);
#17133 = CARTESIAN_POINT('',(-24.223223,-17.785,-4.6E-02));
#17134 = VECTOR('',#17135,1.);
#17135 = DIRECTION('',(0.,0.,1.));
#17136 = ORIENTED_EDGE('',*,*,#15284,.F.);
#17137 = ORIENTED_EDGE('',*,*,#17131,.F.);
#17138 = CYLINDRICAL_SURFACE('',#17139,1.5);
#17139 = AXIS2_PLACEMENT_3D('',#17140,#17141,#17142);
#17140 = CARTESIAN_POINT('',(-24.223223,-16.285,-4.6E-02));
#17141 = DIRECTION('',(-0.,-0.,-1.));
#17142 = DIRECTION('',(-0.,-1.,0.));
#17143 = ADVANCED_FACE('',(#17144),#17155,.F.);
#17144 = FACE_BOUND('',#17145,.T.);
#17145 = EDGE_LOOP('',(#17146,#17147,#17153,#17154));
#17146 = ORIENTED_EDGE('',*,*,#13609,.T.);
#17147 = ORIENTED_EDGE('',*,*,#17148,.T.);
#17148 = EDGE_CURVE('',#13610,#15296,#17149,.T.);
#17149 = LINE('',#17150,#17151);
#17150 = CARTESIAN_POINT('',(-35.998223,-9.355,-4.6E-02));
#17151 = VECTOR('',#17152,1.);
#17152 = DIRECTION('',(0.,0.,1.));
#17153 = ORIENTED_EDGE('',*,*,#15295,.F.);
#17154 = ORIENTED_EDGE('',*,*,#17148,.F.);
#17155 = CYLINDRICAL_SURFACE('',#17156,0.4);
#17156 = AXIS2_PLACEMENT_3D('',#17157,#17158,#17159);
#17157 = CARTESIAN_POINT('',(-35.998223,-8.955,-4.6E-02));
#17158 = DIRECTION('',(-0.,-0.,-1.));
#17159 = DIRECTION('',(-1.7763568394E-14,-1.,0.));
#17160 = ADVANCED_FACE('',(#17161),#17172,.F.);
#17161 = FACE_BOUND('',#17162,.T.);
#17162 = EDGE_LOOP('',(#17163,#17164,#17170,#17171));
#17163 = ORIENTED_EDGE('',*,*,#13620,.T.);
#17164 = ORIENTED_EDGE('',*,*,#17165,.T.);
#17165 = EDGE_CURVE('',#13621,#15307,#17166,.T.);
#17166 = LINE('',#17167,#17168);
#17167 = CARTESIAN_POINT('',(-28.378223,-9.355,-4.6E-02));
#17168 = VECTOR('',#17169,1.);
#17169 = DIRECTION('',(0.,0.,1.));
#17170 = ORIENTED_EDGE('',*,*,#15306,.F.);
#17171 = ORIENTED_EDGE('',*,*,#17165,.F.);
#17172 = CYLINDRICAL_SURFACE('',#17173,0.4);
#17173 = AXIS2_PLACEMENT_3D('',#17174,#17175,#17176);
#17174 = CARTESIAN_POINT('',(-28.378223,-8.955,-4.6E-02));
#17175 = DIRECTION('',(-0.,-0.,-1.));
#17176 = DIRECTION('',(-0.,-1.,0.));
#17177 = ADVANCED_FACE('',(#17178),#17189,.F.);
#17178 = FACE_BOUND('',#17179,.T.);
#17179 = EDGE_LOOP('',(#17180,#17181,#17187,#17188));
#17180 = ORIENTED_EDGE('',*,*,#13631,.T.);
#17181 = ORIENTED_EDGE('',*,*,#17182,.T.);
#17182 = EDGE_CURVE('',#13632,#15318,#17183,.T.);
#17183 = LINE('',#17184,#17185);
#17184 = CARTESIAN_POINT('',(-33.113223,1.41E-02,-4.6E-02));
#17185 = VECTOR('',#17186,1.);
#17186 = DIRECTION('',(0.,0.,1.));
#17187 = ORIENTED_EDGE('',*,*,#15317,.F.);
#17188 = ORIENTED_EDGE('',*,*,#17182,.F.);
#17189 = CYLINDRICAL_SURFACE('',#17190,0.8509);
#17190 = AXIS2_PLACEMENT_3D('',#17191,#17192,#17193);
#17191 = CARTESIAN_POINT('',(-33.113223,0.865,-4.6E-02));
#17192 = DIRECTION('',(-0.,0.,-1.));
#17193 = DIRECTION('',(8.350484613469E-15,-1.,-0.));
#17194 = ADVANCED_FACE('',(#17195),#17206,.F.);
#17195 = FACE_BOUND('',#17196,.T.);
#17196 = EDGE_LOOP('',(#17197,#17198,#17204,#17205));
#17197 = ORIENTED_EDGE('',*,*,#13642,.T.);
#17198 = ORIENTED_EDGE('',*,*,#17199,.T.);
#17199 = EDGE_CURVE('',#13643,#15329,#17200,.T.);
#17200 = LINE('',#17201,#17202);
#17201 = CARTESIAN_POINT('',(-28.033223,-1.1289,-4.6E-02));
#17202 = VECTOR('',#17203,1.);
#17203 = DIRECTION('',(0.,0.,1.));
#17204 = ORIENTED_EDGE('',*,*,#15328,.F.);
#17205 = ORIENTED_EDGE('',*,*,#17199,.F.);
#17206 = CYLINDRICAL_SURFACE('',#17207,1.9939);
#17207 = AXIS2_PLACEMENT_3D('',#17208,#17209,#17210);
#17208 = CARTESIAN_POINT('',(-28.033223,0.865,-4.6E-02));
#17209 = DIRECTION('',(-0.,-0.,-1.));
#17210 = DIRECTION('',(-0.,-1.,0.));
#17211 = ADVANCED_FACE('',(#17212),#17223,.F.);
#17212 = FACE_BOUND('',#17213,.T.);
#17213 = EDGE_LOOP('',(#17214,#17215,#17221,#17222));
#17214 = ORIENTED_EDGE('',*,*,#13653,.T.);
#17215 = ORIENTED_EDGE('',*,*,#17216,.T.);
#17216 = EDGE_CURVE('',#13654,#15340,#17217,.T.);
#17217 = LINE('',#17218,#17219);
#17218 = CARTESIAN_POINT('',(-22.953223,-19.6759,-4.6E-02));
#17219 = VECTOR('',#17220,1.);
#17220 = DIRECTION('',(0.,0.,1.));
#17221 = ORIENTED_EDGE('',*,*,#15339,.F.);
#17222 = ORIENTED_EDGE('',*,*,#17216,.F.);
#17223 = CYLINDRICAL_SURFACE('',#17224,0.8509);
#17224 = AXIS2_PLACEMENT_3D('',#17225,#17226,#17227);
#17225 = CARTESIAN_POINT('',(-22.953223,-18.825,-4.6E-02));
#17226 = DIRECTION('',(-0.,-0.,-1.));
#17227 = DIRECTION('',(-0.,-1.,0.));
#17228 = ADVANCED_FACE('',(#17229),#17240,.F.);
#17229 = FACE_BOUND('',#17230,.T.);
#17230 = EDGE_LOOP('',(#17231,#17232,#17238,#17239));
#17231 = ORIENTED_EDGE('',*,*,#13664,.T.);
#17232 = ORIENTED_EDGE('',*,*,#17233,.T.);
#17233 = EDGE_CURVE('',#13665,#15351,#17234,.T.);
#17234 = LINE('',#17235,#17236);
#17235 = CARTESIAN_POINT('',(-13.423223,-19.6759,-4.6E-02));
#17236 = VECTOR('',#17237,1.);
#17237 = DIRECTION('',(0.,0.,1.));
#17238 = ORIENTED_EDGE('',*,*,#15350,.F.);
#17239 = ORIENTED_EDGE('',*,*,#17233,.F.);
#17240 = CYLINDRICAL_SURFACE('',#17241,0.8509);
#17241 = AXIS2_PLACEMENT_3D('',#17242,#17243,#17244);
#17242 = CARTESIAN_POINT('',(-13.423223,-18.825,-4.6E-02));
#17243 = DIRECTION('',(-0.,-0.,-1.));
#17244 = DIRECTION('',(-0.,-1.,0.));
#17245 = ADVANCED_FACE('',(#17246),#17257,.F.);
#17246 = FACE_BOUND('',#17247,.T.);
#17247 = EDGE_LOOP('',(#17248,#17249,#17255,#17256));
#17248 = ORIENTED_EDGE('',*,*,#13675,.T.);
#17249 = ORIENTED_EDGE('',*,*,#17250,.T.);
#17250 = EDGE_CURVE('',#13676,#15362,#17251,.T.);
#17251 = LINE('',#17252,#17253);
#17252 = CARTESIAN_POINT('',(-8.343223,-20.8189,-4.6E-02));
#17253 = VECTOR('',#17254,1.);
#17254 = DIRECTION('',(0.,0.,1.));
#17255 = ORIENTED_EDGE('',*,*,#15361,.F.);
#17256 = ORIENTED_EDGE('',*,*,#17250,.F.);
#17257 = CYLINDRICAL_SURFACE('',#17258,1.9939);
#17258 = AXIS2_PLACEMENT_3D('',#17259,#17260,#17261);
#17259 = CARTESIAN_POINT('',(-8.343223,-18.825,-4.6E-02));
#17260 = DIRECTION('',(-0.,-0.,-1.));
#17261 = DIRECTION('',(-0.,-1.,0.));
#17262 = ADVANCED_FACE('',(#17263),#17274,.F.);
#17263 = FACE_BOUND('',#17264,.T.);
#17264 = EDGE_LOOP('',(#17265,#17266,#17272,#17273));
#17265 = ORIENTED_EDGE('',*,*,#13686,.T.);
#17266 = ORIENTED_EDGE('',*,*,#17267,.T.);
#17267 = EDGE_CURVE('',#13687,#15373,#17268,.T.);
#17268 = LINE('',#17269,#17270);
#17269 = CARTESIAN_POINT('',(-3.263223,-19.6759,-4.6E-02));
#17270 = VECTOR('',#17271,1.);
#17271 = DIRECTION('',(0.,0.,1.));
#17272 = ORIENTED_EDGE('',*,*,#15372,.F.);
#17273 = ORIENTED_EDGE('',*,*,#17267,.F.);
#17274 = CYLINDRICAL_SURFACE('',#17275,0.8509);
#17275 = AXIS2_PLACEMENT_3D('',#17276,#17277,#17278);
#17276 = CARTESIAN_POINT('',(-3.263223,-18.825,-4.6E-02));
#17277 = DIRECTION('',(-0.,-0.,-1.));
#17278 = DIRECTION('',(-0.,-1.,0.));
#17279 = ADVANCED_FACE('',(#17280),#17291,.F.);
#17280 = FACE_BOUND('',#17281,.T.);
#17281 = EDGE_LOOP('',(#17282,#17283,#17289,#17290));
#17282 = ORIENTED_EDGE('',*,*,#13697,.T.);
#17283 = ORIENTED_EDGE('',*,*,#17284,.T.);
#17284 = EDGE_CURVE('',#13698,#15384,#17285,.T.);
#17285 = LINE('',#17286,#17287);
#17286 = CARTESIAN_POINT('',(-10.883223,-15.245,-4.6E-02));
#17287 = VECTOR('',#17288,1.);
#17288 = DIRECTION('',(0.,0.,1.));
#17289 = ORIENTED_EDGE('',*,*,#15383,.F.);
#17290 = ORIENTED_EDGE('',*,*,#17284,.F.);
#17291 = CYLINDRICAL_SURFACE('',#17292,1.5);
#17292 = AXIS2_PLACEMENT_3D('',#17293,#17294,#17295);
#17293 = CARTESIAN_POINT('',(-10.883223,-13.745,-4.6E-02));
#17294 = DIRECTION('',(-0.,-0.,-1.));
#17295 = DIRECTION('',(-0.,-1.,0.));
#17296 = ADVANCED_FACE('',(#17297),#17308,.F.);
#17297 = FACE_BOUND('',#17298,.T.);
#17298 = EDGE_LOOP('',(#17299,#17300,#17306,#17307));
#17299 = ORIENTED_EDGE('',*,*,#13708,.T.);
#17300 = ORIENTED_EDGE('',*,*,#17301,.T.);
#17301 = EDGE_CURVE('',#13709,#15395,#17302,.T.);
#17302 = LINE('',#17303,#17304);
#17303 = CARTESIAN_POINT('',(-4.533223,-17.785,-4.6E-02));
#17304 = VECTOR('',#17305,1.);
#17305 = DIRECTION('',(0.,0.,1.));
#17306 = ORIENTED_EDGE('',*,*,#15394,.F.);
#17307 = ORIENTED_EDGE('',*,*,#17301,.F.);
#17308 = CYLINDRICAL_SURFACE('',#17309,1.5);
#17309 = AXIS2_PLACEMENT_3D('',#17310,#17311,#17312);
#17310 = CARTESIAN_POINT('',(-4.533223,-16.285,-4.6E-02));
#17311 = DIRECTION('',(-0.,-0.,-1.));
#17312 = DIRECTION('',(-0.,-1.,0.));
#17313 = ADVANCED_FACE('',(#17314),#17325,.F.);
#17314 = FACE_BOUND('',#17315,.T.);
#17315 = EDGE_LOOP('',(#17316,#17317,#17323,#17324));
#17316 = ORIENTED_EDGE('',*,*,#13719,.T.);
#17317 = ORIENTED_EDGE('',*,*,#17318,.T.);
#17318 = EDGE_CURVE('',#13720,#15406,#17319,.T.);
#17319 = LINE('',#17320,#17321);
#17320 = CARTESIAN_POINT('',(-16.368223,-9.395,-4.6E-02));
#17321 = VECTOR('',#17322,1.);
#17322 = DIRECTION('',(0.,0.,1.));
#17323 = ORIENTED_EDGE('',*,*,#15405,.F.);
#17324 = ORIENTED_EDGE('',*,*,#17318,.F.);
#17325 = CYLINDRICAL_SURFACE('',#17326,0.4);
#17326 = AXIS2_PLACEMENT_3D('',#17327,#17328,#17329);
#17327 = CARTESIAN_POINT('',(-16.368223,-8.995,-4.6E-02));
#17328 = DIRECTION('',(-0.,-0.,-1.));
#17329 = DIRECTION('',(-0.,-1.,0.));
#17330 = ADVANCED_FACE('',(#17331),#17342,.F.);
#17331 = FACE_BOUND('',#17332,.T.);
#17332 = EDGE_LOOP('',(#17333,#17334,#17340,#17341));
#17333 = ORIENTED_EDGE('',*,*,#13730,.T.);
#17334 = ORIENTED_EDGE('',*,*,#17335,.T.);
#17335 = EDGE_CURVE('',#13731,#15417,#17336,.T.);
#17336 = LINE('',#17337,#17338);
#17337 = CARTESIAN_POINT('',(-22.953223,1.41E-02,-4.6E-02));
#17338 = VECTOR('',#17339,1.);
#17339 = DIRECTION('',(0.,0.,1.));
#17340 = ORIENTED_EDGE('',*,*,#15416,.F.);
#17341 = ORIENTED_EDGE('',*,*,#17335,.F.);
#17342 = CYLINDRICAL_SURFACE('',#17343,0.8509);
#17343 = AXIS2_PLACEMENT_3D('',#17344,#17345,#17346);
#17344 = CARTESIAN_POINT('',(-22.953223,0.865,-4.6E-02));
#17345 = DIRECTION('',(-0.,-0.,-1.));
#17346 = DIRECTION('',(-0.,-1.,0.));
#17347 = ADVANCED_FACE('',(#17348),#17359,.F.);
#17348 = FACE_BOUND('',#17349,.T.);
#17349 = EDGE_LOOP('',(#17350,#17351,#17357,#17358));
#17350 = ORIENTED_EDGE('',*,*,#13741,.T.);
#17351 = ORIENTED_EDGE('',*,*,#17352,.T.);
#17352 = EDGE_CURVE('',#13742,#15428,#17353,.T.);
#17353 = LINE('',#17354,#17355);
#17354 = CARTESIAN_POINT('',(-13.423223,1.41E-02,-4.6E-02));
#17355 = VECTOR('',#17356,1.);
#17356 = DIRECTION('',(0.,0.,1.));
#17357 = ORIENTED_EDGE('',*,*,#15427,.F.);
#17358 = ORIENTED_EDGE('',*,*,#17352,.F.);
#17359 = CYLINDRICAL_SURFACE('',#17360,0.8509);
#17360 = AXIS2_PLACEMENT_3D('',#17361,#17362,#17363);
#17361 = CARTESIAN_POINT('',(-13.423223,0.865,-4.6E-02));
#17362 = DIRECTION('',(-0.,-0.,-1.));
#17363 = DIRECTION('',(-0.,-1.,0.));
#17364 = ADVANCED_FACE('',(#17365),#17376,.F.);
#17365 = FACE_BOUND('',#17366,.T.);
#17366 = EDGE_LOOP('',(#17367,#17368,#17374,#17375));
#17367 = ORIENTED_EDGE('',*,*,#13752,.T.);
#17368 = ORIENTED_EDGE('',*,*,#17369,.T.);
#17369 = EDGE_CURVE('',#13753,#15439,#17370,.T.);
#17370 = LINE('',#17371,#17372);
#17371 = CARTESIAN_POINT('',(-8.748223,-9.395,-4.6E-02));
#17372 = VECTOR('',#17373,1.);
#17373 = DIRECTION('',(0.,0.,1.));
#17374 = ORIENTED_EDGE('',*,*,#15438,.F.);
#17375 = ORIENTED_EDGE('',*,*,#17369,.F.);
#17376 = CYLINDRICAL_SURFACE('',#17377,0.4);
#17377 = AXIS2_PLACEMENT_3D('',#17378,#17379,#17380);
#17378 = CARTESIAN_POINT('',(-8.748223,-8.995,-4.6E-02));
#17379 = DIRECTION('',(-0.,-0.,-1.));
#17380 = DIRECTION('',(-0.,-1.,0.));
#17381 = ADVANCED_FACE('',(#17382),#17393,.F.);
#17382 = FACE_BOUND('',#17383,.T.);
#17383 = EDGE_LOOP('',(#17384,#17385,#17391,#17392));
#17384 = ORIENTED_EDGE('',*,*,#13763,.T.);
#17385 = ORIENTED_EDGE('',*,*,#17386,.T.);
#17386 = EDGE_CURVE('',#13764,#15450,#17387,.T.);
#17387 = LINE('',#17388,#17389);
#17388 = CARTESIAN_POINT('',(-8.343223,-1.1289,-4.6E-02));
#17389 = VECTOR('',#17390,1.);
#17390 = DIRECTION('',(0.,0.,1.));
#17391 = ORIENTED_EDGE('',*,*,#15449,.F.);
#17392 = ORIENTED_EDGE('',*,*,#17386,.F.);
#17393 = CYLINDRICAL_SURFACE('',#17394,1.9939);
#17394 = AXIS2_PLACEMENT_3D('',#17395,#17396,#17397);
#17395 = CARTESIAN_POINT('',(-8.343223,0.865,-4.6E-02));
#17396 = DIRECTION('',(-0.,-0.,-1.));
#17397 = DIRECTION('',(-0.,-1.,0.));
#17398 = ADVANCED_FACE('',(#17399),#17410,.F.);
#17399 = FACE_BOUND('',#17400,.T.);
#17400 = EDGE_LOOP('',(#17401,#17402,#17408,#17409));
#17401 = ORIENTED_EDGE('',*,*,#13774,.T.);
#17402 = ORIENTED_EDGE('',*,*,#17403,.T.);
#17403 = EDGE_CURVE('',#13775,#15461,#17404,.T.);
#17404 = LINE('',#17405,#17406);
#17405 = CARTESIAN_POINT('',(-3.263223,1.41E-02,-4.6E-02));
#17406 = VECTOR('',#17407,1.);
#17407 = DIRECTION('',(0.,0.,1.));
#17408 = ORIENTED_EDGE('',*,*,#15460,.F.);
#17409 = ORIENTED_EDGE('',*,*,#17403,.F.);
#17410 = CYLINDRICAL_SURFACE('',#17411,0.8509);
#17411 = AXIS2_PLACEMENT_3D('',#17412,#17413,#17414);
#17412 = CARTESIAN_POINT('',(-3.263223,0.865,-4.6E-02));
#17413 = DIRECTION('',(-0.,-0.,-1.));
#17414 = DIRECTION('',(-0.,-1.,0.));
#17415 = ADVANCED_FACE('',(#17416),#17427,.F.);
#17416 = FACE_BOUND('',#17417,.T.);
#17417 = EDGE_LOOP('',(#17418,#17419,#17425,#17426));
#17418 = ORIENTED_EDGE('',*,*,#13785,.T.);
#17419 = ORIENTED_EDGE('',*,*,#17420,.T.);
#17420 = EDGE_CURVE('',#13786,#15472,#17421,.T.);
#17421 = LINE('',#17422,#17423);
#17422 = CARTESIAN_POINT('',(3.412777,-49.045,-4.6E-02));
#17423 = VECTOR('',#17424,1.);
#17424 = DIRECTION('',(0.,0.,1.));
#17425 = ORIENTED_EDGE('',*,*,#15471,.F.);
#17426 = ORIENTED_EDGE('',*,*,#17420,.F.);
#17427 = CYLINDRICAL_SURFACE('',#17428,0.4);
#17428 = AXIS2_PLACEMENT_3D('',#17429,#17430,#17431);
#17429 = CARTESIAN_POINT('',(3.412777,-48.645,-4.6E-02));
#17430 = DIRECTION('',(-0.,-0.,-1.));
#17431 = DIRECTION('',(-0.,-1.,0.));
#17432 = ADVANCED_FACE('',(#17433),#17444,.F.);
#17433 = FACE_BOUND('',#17434,.T.);
#17434 = EDGE_LOOP('',(#17435,#17436,#17442,#17443));
#17435 = ORIENTED_EDGE('',*,*,#13796,.T.);
#17436 = ORIENTED_EDGE('',*,*,#17437,.T.);
#17437 = EDGE_CURVE('',#13797,#15483,#17438,.T.);
#17438 = LINE('',#17439,#17440);
#17439 = CARTESIAN_POINT('',(11.032777,-49.045,-4.6E-02));
#17440 = VECTOR('',#17441,1.);
#17441 = DIRECTION('',(0.,0.,1.));
#17442 = ORIENTED_EDGE('',*,*,#15482,.F.);
#17443 = ORIENTED_EDGE('',*,*,#17437,.F.);
#17444 = CYLINDRICAL_SURFACE('',#17445,0.4);
#17445 = AXIS2_PLACEMENT_3D('',#17446,#17447,#17448);
#17446 = CARTESIAN_POINT('',(11.032777,-48.645,-4.6E-02));
#17447 = DIRECTION('',(-0.,-0.,-1.));
#17448 = DIRECTION('',(-0.,-1.,0.));
#17449 = ADVANCED_FACE('',(#17450),#17461,.F.);
#17450 = FACE_BOUND('',#17451,.T.);
#17451 = EDGE_LOOP('',(#17452,#17453,#17459,#17460));
#17452 = ORIENTED_EDGE('',*,*,#13807,.T.);
#17453 = ORIENTED_EDGE('',*,*,#17454,.T.);
#17454 = EDGE_CURVE('',#13808,#15494,#17455,.T.);
#17455 = LINE('',#17456,#17457);
#17456 = CARTESIAN_POINT('',(6.266777,-39.3659,-4.6E-02));
#17457 = VECTOR('',#17458,1.);
#17458 = DIRECTION('',(0.,0.,1.));
#17459 = ORIENTED_EDGE('',*,*,#15493,.F.);
#17460 = ORIENTED_EDGE('',*,*,#17454,.F.);
#17461 = CYLINDRICAL_SURFACE('',#17462,0.8509);
#17462 = AXIS2_PLACEMENT_3D('',#17463,#17464,#17465);
#17463 = CARTESIAN_POINT('',(6.266777,-38.515,-4.6E-02));
#17464 = DIRECTION('',(-0.,0.,-1.));
#17465 = DIRECTION('',(1.043810576684E-15,-1.,-0.));
#17466 = ADVANCED_FACE('',(#17467),#17478,.F.);
#17467 = FACE_BOUND('',#17468,.T.);
#17468 = EDGE_LOOP('',(#17469,#17470,#17476,#17477));
#17469 = ORIENTED_EDGE('',*,*,#13818,.T.);
#17470 = ORIENTED_EDGE('',*,*,#17471,.T.);
#17471 = EDGE_CURVE('',#13819,#15505,#17472,.T.);
#17472 = LINE('',#17473,#17474);
#17473 = CARTESIAN_POINT('',(11.346777,-40.5089,-4.6E-02));
#17474 = VECTOR('',#17475,1.);
#17475 = DIRECTION('',(0.,0.,1.));
#17476 = ORIENTED_EDGE('',*,*,#15504,.F.);
#17477 = ORIENTED_EDGE('',*,*,#17471,.F.);
#17478 = CYLINDRICAL_SURFACE('',#17479,1.9939);
#17479 = AXIS2_PLACEMENT_3D('',#17480,#17481,#17482);
#17480 = CARTESIAN_POINT('',(11.346777,-38.515,-4.6E-02));
#17481 = DIRECTION('',(-0.,-0.,-1.));
#17482 = DIRECTION('',(-0.,-1.,0.));
#17483 = ADVANCED_FACE('',(#17484),#17495,.F.);
#17484 = FACE_BOUND('',#17485,.T.);
#17485 = EDGE_LOOP('',(#17486,#17487,#17493,#17494));
#17486 = ORIENTED_EDGE('',*,*,#13829,.T.);
#17487 = ORIENTED_EDGE('',*,*,#17488,.T.);
#17488 = EDGE_CURVE('',#13830,#15516,#17489,.T.);
#17489 = LINE('',#17490,#17491);
#17490 = CARTESIAN_POINT('',(23.111777,-48.775,-4.6E-02));
#17491 = VECTOR('',#17492,1.);
#17492 = DIRECTION('',(0.,0.,1.));
#17493 = ORIENTED_EDGE('',*,*,#15515,.F.);
#17494 = ORIENTED_EDGE('',*,*,#17488,.F.);
#17495 = CYLINDRICAL_SURFACE('',#17496,0.4);
#17496 = AXIS2_PLACEMENT_3D('',#17497,#17498,#17499);
#17497 = CARTESIAN_POINT('',(23.111777,-48.375,-4.6E-02));
#17498 = DIRECTION('',(-0.,-0.,-1.));
#17499 = DIRECTION('',(-0.,-1.,0.));
#17500 = ADVANCED_FACE('',(#17501),#17512,.F.);
#17501 = FACE_BOUND('',#17502,.T.);
#17502 = EDGE_LOOP('',(#17503,#17504,#17510,#17511));
#17503 = ORIENTED_EDGE('',*,*,#13840,.T.);
#17504 = ORIENTED_EDGE('',*,*,#17505,.T.);
#17505 = EDGE_CURVE('',#13841,#15527,#17506,.T.);
#17506 = LINE('',#17507,#17508);
#17507 = CARTESIAN_POINT('',(16.426777,-39.3659,-4.6E-02));
#17508 = VECTOR('',#17509,1.);
#17509 = DIRECTION('',(0.,0.,1.));
#17510 = ORIENTED_EDGE('',*,*,#15526,.F.);
#17511 = ORIENTED_EDGE('',*,*,#17505,.F.);
#17512 = CYLINDRICAL_SURFACE('',#17513,0.8509);
#17513 = AXIS2_PLACEMENT_3D('',#17514,#17515,#17516);
#17514 = CARTESIAN_POINT('',(16.426777,-38.515,-4.6E-02));
#17515 = DIRECTION('',(-0.,-0.,-1.));
#17516 = DIRECTION('',(-0.,-1.,0.));
#17517 = ADVANCED_FACE('',(#17518),#17529,.F.);
#17518 = FACE_BOUND('',#17519,.T.);
#17519 = EDGE_LOOP('',(#17520,#17521,#17527,#17528));
#17520 = ORIENTED_EDGE('',*,*,#13851,.T.);
#17521 = ORIENTED_EDGE('',*,*,#17522,.T.);
#17522 = EDGE_CURVE('',#13852,#15538,#17523,.T.);
#17523 = LINE('',#17524,#17525);
#17524 = CARTESIAN_POINT('',(8.806777,-34.935,-4.6E-02));
#17525 = VECTOR('',#17526,1.);
#17526 = DIRECTION('',(0.,0.,1.));
#17527 = ORIENTED_EDGE('',*,*,#15537,.F.);
#17528 = ORIENTED_EDGE('',*,*,#17522,.F.);
#17529 = CYLINDRICAL_SURFACE('',#17530,1.5);
#17530 = AXIS2_PLACEMENT_3D('',#17531,#17532,#17533);
#17531 = CARTESIAN_POINT('',(8.806777,-33.435,-4.6E-02));
#17532 = DIRECTION('',(-0.,-0.,-1.));
#17533 = DIRECTION('',(-0.,-1.,0.));
#17534 = ADVANCED_FACE('',(#17535),#17546,.F.);
#17535 = FACE_BOUND('',#17536,.T.);
#17536 = EDGE_LOOP('',(#17537,#17538,#17544,#17545));
#17537 = ORIENTED_EDGE('',*,*,#13862,.T.);
#17538 = ORIENTED_EDGE('',*,*,#17539,.T.);
#17539 = EDGE_CURVE('',#13863,#15549,#17540,.T.);
#17540 = LINE('',#17541,#17542);
#17541 = CARTESIAN_POINT('',(3.331777,-29.135,-4.6E-02));
#17542 = VECTOR('',#17543,1.);
#17543 = DIRECTION('',(0.,0.,1.));
#17544 = ORIENTED_EDGE('',*,*,#15548,.F.);
#17545 = ORIENTED_EDGE('',*,*,#17539,.F.);
#17546 = CYLINDRICAL_SURFACE('',#17547,0.4);
#17547 = AXIS2_PLACEMENT_3D('',#17548,#17549,#17550);
#17548 = CARTESIAN_POINT('',(3.331777,-28.735,-4.6E-02));
#17549 = DIRECTION('',(-0.,0.,-1.));
#17550 = DIRECTION('',(1.110223024625E-15,-1.,-0.));
#17551 = ADVANCED_FACE('',(#17552),#17563,.F.);
#17552 = FACE_BOUND('',#17553,.T.);
#17553 = EDGE_LOOP('',(#17554,#17555,#17561,#17562));
#17554 = ORIENTED_EDGE('',*,*,#13873,.T.);
#17555 = ORIENTED_EDGE('',*,*,#17556,.T.);
#17556 = EDGE_CURVE('',#13874,#15560,#17557,.T.);
#17557 = LINE('',#17558,#17559);
#17558 = CARTESIAN_POINT('',(10.951777,-29.135,-4.6E-02));
#17559 = VECTOR('',#17560,1.);
#17560 = DIRECTION('',(0.,0.,1.));
#17561 = ORIENTED_EDGE('',*,*,#15559,.F.);
#17562 = ORIENTED_EDGE('',*,*,#17556,.F.);
#17563 = CYLINDRICAL_SURFACE('',#17564,0.4);
#17564 = AXIS2_PLACEMENT_3D('',#17565,#17566,#17567);
#17565 = CARTESIAN_POINT('',(10.951777,-28.735,-4.6E-02));
#17566 = DIRECTION('',(-0.,-0.,-1.));
#17567 = DIRECTION('',(-0.,-1.,0.));
#17568 = ADVANCED_FACE('',(#17569),#17580,.F.);
#17569 = FACE_BOUND('',#17570,.T.);
#17570 = EDGE_LOOP('',(#17571,#17572,#17578,#17579));
#17571 = ORIENTED_EDGE('',*,*,#13884,.T.);
#17572 = ORIENTED_EDGE('',*,*,#17573,.T.);
#17573 = EDGE_CURVE('',#13885,#15571,#17574,.T.);
#17574 = LINE('',#17575,#17576);
#17575 = CARTESIAN_POINT('',(15.156777,-37.475,-4.6E-02));
#17576 = VECTOR('',#17577,1.);
#17577 = DIRECTION('',(0.,0.,1.));
#17578 = ORIENTED_EDGE('',*,*,#15570,.F.);
#17579 = ORIENTED_EDGE('',*,*,#17573,.F.);
#17580 = CYLINDRICAL_SURFACE('',#17581,1.5);
#17581 = AXIS2_PLACEMENT_3D('',#17582,#17583,#17584);
#17582 = CARTESIAN_POINT('',(15.156777,-35.975,-4.6E-02));
#17583 = DIRECTION('',(-0.,-0.,-1.));
#17584 = DIRECTION('',(-1.184237892934E-15,-1.,0.));
#17585 = ADVANCED_FACE('',(#17586),#17597,.F.);
#17586 = FACE_BOUND('',#17587,.T.);
#17587 = EDGE_LOOP('',(#17588,#17589,#17595,#17596));
#17588 = ORIENTED_EDGE('',*,*,#13895,.T.);
#17589 = ORIENTED_EDGE('',*,*,#17590,.T.);
#17590 = EDGE_CURVE('',#13896,#15582,#17591,.T.);
#17591 = LINE('',#17592,#17593);
#17592 = CARTESIAN_POINT('',(23.111777,-29.135,-4.6E-02));
#17593 = VECTOR('',#17594,1.);
#17594 = DIRECTION('',(0.,0.,1.));
#17595 = ORIENTED_EDGE('',*,*,#15581,.F.);
#17596 = ORIENTED_EDGE('',*,*,#17590,.F.);
#17597 = CYLINDRICAL_SURFACE('',#17598,0.4);
#17598 = AXIS2_PLACEMENT_3D('',#17599,#17600,#17601);
#17599 = CARTESIAN_POINT('',(23.111777,-28.735,-4.6E-02));
#17600 = DIRECTION('',(-0.,-0.,-1.));
#17601 = DIRECTION('',(-0.,-1.,0.));
#17602 = ADVANCED_FACE('',(#17603),#17614,.F.);
#17603 = FACE_BOUND('',#17604,.T.);
#17604 = EDGE_LOOP('',(#17605,#17606,#17612,#17613));
#17605 = ORIENTED_EDGE('',*,*,#13906,.T.);
#17606 = ORIENTED_EDGE('',*,*,#17607,.T.);
#17607 = EDGE_CURVE('',#13907,#15593,#17608,.T.);
#17608 = LINE('',#17609,#17610);
#17609 = CARTESIAN_POINT('',(30.731777,-48.775,-4.6E-02));
#17610 = VECTOR('',#17611,1.);
#17611 = DIRECTION('',(0.,0.,1.));
#17612 = ORIENTED_EDGE('',*,*,#15592,.F.);
#17613 = ORIENTED_EDGE('',*,*,#17607,.F.);
#17614 = CYLINDRICAL_SURFACE('',#17615,0.4);
#17615 = AXIS2_PLACEMENT_3D('',#17616,#17617,#17618);
#17616 = CARTESIAN_POINT('',(30.731777,-48.375,-4.6E-02));
#17617 = DIRECTION('',(-0.,-0.,-1.));
#17618 = DIRECTION('',(-0.,-1.,0.));
#17619 = ADVANCED_FACE('',(#17620),#17631,.F.);
#17620 = FACE_BOUND('',#17621,.T.);
#17621 = EDGE_LOOP('',(#17622,#17623,#17629,#17630));
#17622 = ORIENTED_EDGE('',*,*,#13917,.T.);
#17623 = ORIENTED_EDGE('',*,*,#17624,.T.);
#17624 = EDGE_CURVE('',#13918,#15604,#17625,.T.);
#17625 = LINE('',#17626,#17627);
#17626 = CARTESIAN_POINT('',(25.956777,-39.3659,-4.6E-02));
#17627 = VECTOR('',#17628,1.);
#17628 = DIRECTION('',(0.,0.,1.));
#17629 = ORIENTED_EDGE('',*,*,#15603,.F.);
#17630 = ORIENTED_EDGE('',*,*,#17624,.F.);
#17631 = CYLINDRICAL_SURFACE('',#17632,0.8509);
#17632 = AXIS2_PLACEMENT_3D('',#17633,#17634,#17635);
#17633 = CARTESIAN_POINT('',(25.956777,-38.515,-4.6E-02));
#17634 = DIRECTION('',(-0.,-0.,-1.));
#17635 = DIRECTION('',(-4.175242306735E-15,-1.,0.));
#17636 = ADVANCED_FACE('',(#17637),#17648,.F.);
#17637 = FACE_BOUND('',#17638,.T.);
#17638 = EDGE_LOOP('',(#17639,#17640,#17646,#17647));
#17639 = ORIENTED_EDGE('',*,*,#13928,.T.);
#17640 = ORIENTED_EDGE('',*,*,#17641,.T.);
#17641 = EDGE_CURVE('',#13929,#15615,#17642,.T.);
#17642 = LINE('',#17643,#17644);
#17643 = CARTESIAN_POINT('',(31.036777,-40.5089,-4.6E-02));
#17644 = VECTOR('',#17645,1.);
#17645 = DIRECTION('',(0.,0.,1.));
#17646 = ORIENTED_EDGE('',*,*,#15614,.F.);
#17647 = ORIENTED_EDGE('',*,*,#17641,.F.);
#17648 = CYLINDRICAL_SURFACE('',#17649,1.9939);
#17649 = AXIS2_PLACEMENT_3D('',#17650,#17651,#17652);
#17650 = CARTESIAN_POINT('',(31.036777,-38.515,-4.6E-02));
#17651 = DIRECTION('',(-0.,-0.,-1.));
#17652 = DIRECTION('',(-0.,-1.,0.));
#17653 = ADVANCED_FACE('',(#17654),#17665,.F.);
#17654 = FACE_BOUND('',#17655,.T.);
#17655 = EDGE_LOOP('',(#17656,#17657,#17663,#17664));
#17656 = ORIENTED_EDGE('',*,*,#13939,.T.);
#17657 = ORIENTED_EDGE('',*,*,#17658,.T.);
#17658 = EDGE_CURVE('',#13940,#15626,#17659,.T.);
#17659 = LINE('',#17660,#17661);
#17660 = CARTESIAN_POINT('',(36.116777,-39.3659,-4.6E-02));
#17661 = VECTOR('',#17662,1.);
#17662 = DIRECTION('',(0.,0.,1.));
#17663 = ORIENTED_EDGE('',*,*,#15625,.F.);
#17664 = ORIENTED_EDGE('',*,*,#17658,.F.);
#17665 = CYLINDRICAL_SURFACE('',#17666,0.8509);
#17666 = AXIS2_PLACEMENT_3D('',#17667,#17668,#17669);
#17667 = CARTESIAN_POINT('',(36.116777,-38.515,-4.6E-02));
#17668 = DIRECTION('',(-0.,-0.,-1.));
#17669 = DIRECTION('',(-0.,-1.,0.));
#17670 = ADVANCED_FACE('',(#17671),#17682,.F.);
#17671 = FACE_BOUND('',#17672,.T.);
#17672 = EDGE_LOOP('',(#17673,#17674,#17680,#17681));
#17673 = ORIENTED_EDGE('',*,*,#13950,.T.);
#17674 = ORIENTED_EDGE('',*,*,#17675,.T.);
#17675 = EDGE_CURVE('',#13951,#15637,#17676,.T.);
#17676 = LINE('',#17677,#17678);
#17677 = CARTESIAN_POINT('',(28.496777,-34.935,-4.6E-02));
#17678 = VECTOR('',#17679,1.);
#17679 = DIRECTION('',(0.,0.,1.));
#17680 = ORIENTED_EDGE('',*,*,#15636,.F.);
#17681 = ORIENTED_EDGE('',*,*,#17675,.F.);
#17682 = CYLINDRICAL_SURFACE('',#17683,1.5);
#17683 = AXIS2_PLACEMENT_3D('',#17684,#17685,#17686);
#17684 = CARTESIAN_POINT('',(28.496777,-33.435,-4.6E-02));
#17685 = DIRECTION('',(-0.,-0.,-1.));
#17686 = DIRECTION('',(-0.,-1.,0.));
#17687 = ADVANCED_FACE('',(#17688),#17699,.F.);
#17688 = FACE_BOUND('',#17689,.T.);
#17689 = EDGE_LOOP('',(#17690,#17691,#17697,#17698));
#17690 = ORIENTED_EDGE('',*,*,#13961,.T.);
#17691 = ORIENTED_EDGE('',*,*,#17692,.T.);
#17692 = EDGE_CURVE('',#13962,#15648,#17693,.T.);
#17693 = LINE('',#17694,#17695);
#17694 = CARTESIAN_POINT('',(34.846777,-37.475,-4.6E-02));
#17695 = VECTOR('',#17696,1.);
#17696 = DIRECTION('',(0.,0.,1.));
#17697 = ORIENTED_EDGE('',*,*,#15647,.F.);
#17698 = ORIENTED_EDGE('',*,*,#17692,.F.);
#17699 = CYLINDRICAL_SURFACE('',#17700,1.5);
#17700 = AXIS2_PLACEMENT_3D('',#17701,#17702,#17703);
#17701 = CARTESIAN_POINT('',(34.846777,-35.975,-4.6E-02));
#17702 = DIRECTION('',(-0.,-0.,-1.));
#17703 = DIRECTION('',(-0.,-1.,0.));
#17704 = ADVANCED_FACE('',(#17705),#17716,.F.);
#17705 = FACE_BOUND('',#17706,.T.);
#17706 = EDGE_LOOP('',(#17707,#17708,#17714,#17715));
#17707 = ORIENTED_EDGE('',*,*,#13972,.T.);
#17708 = ORIENTED_EDGE('',*,*,#17709,.T.);
#17709 = EDGE_CURVE('',#13973,#15659,#17710,.T.);
#17710 = LINE('',#17711,#17712);
#17711 = CARTESIAN_POINT('',(30.731777,-29.135,-4.6E-02));
#17712 = VECTOR('',#17713,1.);
#17713 = DIRECTION('',(0.,0.,1.));
#17714 = ORIENTED_EDGE('',*,*,#15658,.F.);
#17715 = ORIENTED_EDGE('',*,*,#17709,.F.);
#17716 = CYLINDRICAL_SURFACE('',#17717,0.4);
#17717 = AXIS2_PLACEMENT_3D('',#17718,#17719,#17720);
#17718 = CARTESIAN_POINT('',(30.731777,-28.735,-4.6E-02));
#17719 = DIRECTION('',(-0.,-0.,-1.));
#17720 = DIRECTION('',(-0.,-1.,0.));
#17721 = ADVANCED_FACE('',(#17722),#17733,.F.);
#17722 = FACE_BOUND('',#17723,.T.);
#17723 = EDGE_LOOP('',(#17724,#17725,#17731,#17732));
#17724 = ORIENTED_EDGE('',*,*,#13983,.T.);
#17725 = ORIENTED_EDGE('',*,*,#17726,.T.);
#17726 = EDGE_CURVE('',#13984,#15670,#17727,.T.);
#17727 = LINE('',#17728,#17729);
#17728 = CARTESIAN_POINT('',(6.266777,-19.6759,-4.6E-02));
#17729 = VECTOR('',#17730,1.);
#17730 = DIRECTION('',(0.,0.,1.));
#17731 = ORIENTED_EDGE('',*,*,#15669,.F.);
#17732 = ORIENTED_EDGE('',*,*,#17726,.F.);
#17733 = CYLINDRICAL_SURFACE('',#17734,0.8509);
#17734 = AXIS2_PLACEMENT_3D('',#17735,#17736,#17737);
#17735 = CARTESIAN_POINT('',(6.266777,-18.825,-4.6E-02));
#17736 = DIRECTION('',(-0.,0.,-1.));
#17737 = DIRECTION('',(1.043810576684E-15,-1.,-0.));
#17738 = ADVANCED_FACE('',(#17739),#17750,.F.);
#17739 = FACE_BOUND('',#17740,.T.);
#17740 = EDGE_LOOP('',(#17741,#17742,#17748,#17749));
#17741 = ORIENTED_EDGE('',*,*,#13994,.T.);
#17742 = ORIENTED_EDGE('',*,*,#17743,.T.);
#17743 = EDGE_CURVE('',#13995,#15681,#17744,.T.);
#17744 = LINE('',#17745,#17746);
#17745 = CARTESIAN_POINT('',(11.346777,-20.8189,-4.6E-02));
#17746 = VECTOR('',#17747,1.);
#17747 = DIRECTION('',(0.,0.,1.));
#17748 = ORIENTED_EDGE('',*,*,#15680,.F.);
#17749 = ORIENTED_EDGE('',*,*,#17743,.F.);
#17750 = CYLINDRICAL_SURFACE('',#17751,1.9939);
#17751 = AXIS2_PLACEMENT_3D('',#17752,#17753,#17754);
#17752 = CARTESIAN_POINT('',(11.346777,-18.825,-4.6E-02));
#17753 = DIRECTION('',(-0.,-0.,-1.));
#17754 = DIRECTION('',(-0.,-1.,0.));
#17755 = ADVANCED_FACE('',(#17756),#17767,.F.);
#17756 = FACE_BOUND('',#17757,.T.);
#17757 = EDGE_LOOP('',(#17758,#17759,#17765,#17766));
#17758 = ORIENTED_EDGE('',*,*,#14005,.T.);
#17759 = ORIENTED_EDGE('',*,*,#17760,.T.);
#17760 = EDGE_CURVE('',#14006,#15692,#17761,.T.);
#17761 = LINE('',#17762,#17763);
#17762 = CARTESIAN_POINT('',(8.806777,-15.245,-4.6E-02));
#17763 = VECTOR('',#17764,1.);
#17764 = DIRECTION('',(0.,0.,1.));
#17765 = ORIENTED_EDGE('',*,*,#15691,.F.);
#17766 = ORIENTED_EDGE('',*,*,#17760,.F.);
#17767 = CYLINDRICAL_SURFACE('',#17768,1.5);
#17768 = AXIS2_PLACEMENT_3D('',#17769,#17770,#17771);
#17769 = CARTESIAN_POINT('',(8.806777,-13.745,-4.6E-02));
#17770 = DIRECTION('',(-0.,-0.,-1.));
#17771 = DIRECTION('',(-0.,-1.,0.));
#17772 = ADVANCED_FACE('',(#17773),#17784,.F.);
#17773 = FACE_BOUND('',#17774,.T.);
#17774 = EDGE_LOOP('',(#17775,#17776,#17782,#17783));
#17775 = ORIENTED_EDGE('',*,*,#14016,.T.);
#17776 = ORIENTED_EDGE('',*,*,#17777,.T.);
#17777 = EDGE_CURVE('',#14017,#15703,#17778,.T.);
#17778 = LINE('',#17779,#17780);
#17779 = CARTESIAN_POINT('',(16.426777,-19.6759,-4.6E-02));
#17780 = VECTOR('',#17781,1.);
#17781 = DIRECTION('',(0.,0.,1.));
#17782 = ORIENTED_EDGE('',*,*,#15702,.F.);
#17783 = ORIENTED_EDGE('',*,*,#17777,.F.);
#17784 = CYLINDRICAL_SURFACE('',#17785,0.8509);
#17785 = AXIS2_PLACEMENT_3D('',#17786,#17787,#17788);
#17786 = CARTESIAN_POINT('',(16.426777,-18.825,-4.6E-02));
#17787 = DIRECTION('',(-0.,-0.,-1.));
#17788 = DIRECTION('',(-0.,-1.,0.));
#17789 = ADVANCED_FACE('',(#17790),#17801,.F.);
#17790 = FACE_BOUND('',#17791,.T.);
#17791 = EDGE_LOOP('',(#17792,#17793,#17799,#17800));
#17792 = ORIENTED_EDGE('',*,*,#14027,.T.);
#17793 = ORIENTED_EDGE('',*,*,#17794,.T.);
#17794 = EDGE_CURVE('',#14028,#15714,#17795,.T.);
#17795 = LINE('',#17796,#17797);
#17796 = CARTESIAN_POINT('',(15.156777,-17.785,-4.6E-02));
#17797 = VECTOR('',#17798,1.);
#17798 = DIRECTION('',(0.,0.,1.));
#17799 = ORIENTED_EDGE('',*,*,#15713,.F.);
#17800 = ORIENTED_EDGE('',*,*,#17794,.F.);
#17801 = CYLINDRICAL_SURFACE('',#17802,1.5);
#17802 = AXIS2_PLACEMENT_3D('',#17803,#17804,#17805);
#17803 = CARTESIAN_POINT('',(15.156777,-16.285,-4.6E-02));
#17804 = DIRECTION('',(-0.,-0.,-1.));
#17805 = DIRECTION('',(-1.184237892934E-15,-1.,0.));
#17806 = ADVANCED_FACE('',(#17807),#17818,.F.);
#17807 = FACE_BOUND('',#17808,.T.);
#17808 = EDGE_LOOP('',(#17809,#17810,#17816,#17817));
#17809 = ORIENTED_EDGE('',*,*,#14038,.T.);
#17810 = ORIENTED_EDGE('',*,*,#17811,.T.);
#17811 = EDGE_CURVE('',#14039,#15725,#17812,.T.);
#17812 = LINE('',#17813,#17814);
#17813 = CARTESIAN_POINT('',(3.371777,-9.395,-4.6E-02));
#17814 = VECTOR('',#17815,1.);
#17815 = DIRECTION('',(0.,0.,1.));
#17816 = ORIENTED_EDGE('',*,*,#15724,.F.);
#17817 = ORIENTED_EDGE('',*,*,#17811,.F.);
#17818 = CYLINDRICAL_SURFACE('',#17819,0.4);
#17819 = AXIS2_PLACEMENT_3D('',#17820,#17821,#17822);
#17820 = CARTESIAN_POINT('',(3.371777,-8.995,-4.6E-02));
#17821 = DIRECTION('',(-0.,-0.,-1.));
#17822 = DIRECTION('',(-0.,-1.,0.));
#17823 = ADVANCED_FACE('',(#17824),#17835,.F.);
#17824 = FACE_BOUND('',#17825,.T.);
#17825 = EDGE_LOOP('',(#17826,#17827,#17833,#17834));
#17826 = ORIENTED_EDGE('',*,*,#14049,.T.);
#17827 = ORIENTED_EDGE('',*,*,#17828,.T.);
#17828 = EDGE_CURVE('',#14050,#15736,#17829,.T.);
#17829 = LINE('',#17830,#17831);
#17830 = CARTESIAN_POINT('',(10.991777,-9.395,-4.6E-02));
#17831 = VECTOR('',#17832,1.);
#17832 = DIRECTION('',(0.,0.,1.));
#17833 = ORIENTED_EDGE('',*,*,#15735,.F.);
#17834 = ORIENTED_EDGE('',*,*,#17828,.F.);
#17835 = CYLINDRICAL_SURFACE('',#17836,0.4);
#17836 = AXIS2_PLACEMENT_3D('',#17837,#17838,#17839);
#17837 = CARTESIAN_POINT('',(10.991777,-8.995,-4.6E-02));
#17838 = DIRECTION('',(-0.,0.,-1.));
#17839 = DIRECTION('',(4.440892098501E-15,-1.,-0.));
#17840 = ADVANCED_FACE('',(#17841),#17852,.F.);
#17841 = FACE_BOUND('',#17842,.T.);
#17842 = EDGE_LOOP('',(#17843,#17844,#17850,#17851));
#17843 = ORIENTED_EDGE('',*,*,#14060,.T.);
#17844 = ORIENTED_EDGE('',*,*,#17845,.T.);
#17845 = EDGE_CURVE('',#14061,#15747,#17846,.T.);
#17846 = LINE('',#17847,#17848);
#17847 = CARTESIAN_POINT('',(6.266777,1.41E-02,-4.6E-02));
#17848 = VECTOR('',#17849,1.);
#17849 = DIRECTION('',(0.,0.,1.));
#17850 = ORIENTED_EDGE('',*,*,#15746,.F.);
#17851 = ORIENTED_EDGE('',*,*,#17845,.F.);
#17852 = CYLINDRICAL_SURFACE('',#17853,0.8509);
#17853 = AXIS2_PLACEMENT_3D('',#17854,#17855,#17856);
#17854 = CARTESIAN_POINT('',(6.266777,0.865,-4.6E-02));
#17855 = DIRECTION('',(-0.,0.,-1.));
#17856 = DIRECTION('',(1.043810576684E-15,-1.,-0.));
#17857 = ADVANCED_FACE('',(#17858),#17869,.F.);
#17858 = FACE_BOUND('',#17859,.T.);
#17859 = EDGE_LOOP('',(#17860,#17861,#17867,#17868));
#17860 = ORIENTED_EDGE('',*,*,#14071,.T.);
#17861 = ORIENTED_EDGE('',*,*,#17862,.T.);
#17862 = EDGE_CURVE('',#14072,#15758,#17863,.T.);
#17863 = LINE('',#17864,#17865);
#17864 = CARTESIAN_POINT('',(11.346777,-1.1289,-4.6E-02));
#17865 = VECTOR('',#17866,1.);
#17866 = DIRECTION('',(0.,0.,1.));
#17867 = ORIENTED_EDGE('',*,*,#15757,.F.);
#17868 = ORIENTED_EDGE('',*,*,#17862,.F.);
#17869 = CYLINDRICAL_SURFACE('',#17870,1.9939);
#17870 = AXIS2_PLACEMENT_3D('',#17871,#17872,#17873);
#17871 = CARTESIAN_POINT('',(11.346777,0.865,-4.6E-02));
#17872 = DIRECTION('',(-0.,-0.,-1.));
#17873 = DIRECTION('',(-0.,-1.,0.));
#17874 = ADVANCED_FACE('',(#17875),#17886,.F.);
#17875 = FACE_BOUND('',#17876,.T.);
#17876 = EDGE_LOOP('',(#17877,#17878,#17884,#17885));
#17877 = ORIENTED_EDGE('',*,*,#14082,.T.);
#17878 = ORIENTED_EDGE('',*,*,#17879,.T.);
#17879 = EDGE_CURVE('',#14083,#15769,#17880,.T.);
#17880 = LINE('',#17881,#17882);
#17881 = CARTESIAN_POINT('',(23.111777,-9.395,-4.6E-02));
#17882 = VECTOR('',#17883,1.);
#17883 = DIRECTION('',(0.,0.,1.));
#17884 = ORIENTED_EDGE('',*,*,#15768,.F.);
#17885 = ORIENTED_EDGE('',*,*,#17879,.F.);
#17886 = CYLINDRICAL_SURFACE('',#17887,0.4);
#17887 = AXIS2_PLACEMENT_3D('',#17888,#17889,#17890);
#17888 = CARTESIAN_POINT('',(23.111777,-8.995,-4.6E-02));
#17889 = DIRECTION('',(-0.,-0.,-1.));
#17890 = DIRECTION('',(-0.,-1.,0.));
#17891 = ADVANCED_FACE('',(#17892),#17903,.F.);
#17892 = FACE_BOUND('',#17893,.T.);
#17893 = EDGE_LOOP('',(#17894,#17895,#17901,#17902));
#17894 = ORIENTED_EDGE('',*,*,#14093,.T.);
#17895 = ORIENTED_EDGE('',*,*,#17896,.T.);
#17896 = EDGE_CURVE('',#14094,#15780,#17897,.T.);
#17897 = LINE('',#17898,#17899);
#17898 = CARTESIAN_POINT('',(16.426777,1.41E-02,-4.6E-02));
#17899 = VECTOR('',#17900,1.);
#17900 = DIRECTION('',(0.,0.,1.));
#17901 = ORIENTED_EDGE('',*,*,#15779,.F.);
#17902 = ORIENTED_EDGE('',*,*,#17896,.F.);
#17903 = CYLINDRICAL_SURFACE('',#17904,0.8509);
#17904 = AXIS2_PLACEMENT_3D('',#17905,#17906,#17907);
#17905 = CARTESIAN_POINT('',(16.426777,0.865,-4.6E-02));
#17906 = DIRECTION('',(-0.,-0.,-1.));
#17907 = DIRECTION('',(-0.,-1.,0.));
#17908 = ADVANCED_FACE('',(#17909),#17920,.F.);
#17909 = FACE_BOUND('',#17910,.T.);
#17910 = EDGE_LOOP('',(#17911,#17912,#17918,#17919));
#17911 = ORIENTED_EDGE('',*,*,#14104,.T.);
#17912 = ORIENTED_EDGE('',*,*,#17913,.T.);
#17913 = EDGE_CURVE('',#14105,#15791,#17914,.T.);
#17914 = LINE('',#17915,#17916);
#17915 = CARTESIAN_POINT('',(25.956777,-19.6759,-4.6E-02));
#17916 = VECTOR('',#17917,1.);
#17917 = DIRECTION('',(0.,0.,1.));
#17918 = ORIENTED_EDGE('',*,*,#15790,.F.);
#17919 = ORIENTED_EDGE('',*,*,#17913,.F.);
#17920 = CYLINDRICAL_SURFACE('',#17921,0.8509);
#17921 = AXIS2_PLACEMENT_3D('',#17922,#17923,#17924);
#17922 = CARTESIAN_POINT('',(25.956777,-18.825,-4.6E-02));
#17923 = DIRECTION('',(-0.,-0.,-1.));
#17924 = DIRECTION('',(-4.175242306735E-15,-1.,0.));
#17925 = ADVANCED_FACE('',(#17926),#17937,.F.);
#17926 = FACE_BOUND('',#17927,.T.);
#17927 = EDGE_LOOP('',(#17928,#17929,#17935,#17936));
#17928 = ORIENTED_EDGE('',*,*,#14115,.T.);
#17929 = ORIENTED_EDGE('',*,*,#17930,.T.);
#17930 = EDGE_CURVE('',#14116,#15802,#17931,.T.);
#17931 = LINE('',#17932,#17933);
#17932 = CARTESIAN_POINT('',(31.036777,-20.8189,-4.6E-02));
#17933 = VECTOR('',#17934,1.);
#17934 = DIRECTION('',(0.,0.,1.));
#17935 = ORIENTED_EDGE('',*,*,#15801,.F.);
#17936 = ORIENTED_EDGE('',*,*,#17930,.F.);
#17937 = CYLINDRICAL_SURFACE('',#17938,1.9939);
#17938 = AXIS2_PLACEMENT_3D('',#17939,#17940,#17941);
#17939 = CARTESIAN_POINT('',(31.036777,-18.825,-4.6E-02));
#17940 = DIRECTION('',(-0.,-0.,-1.));
#17941 = DIRECTION('',(-0.,-1.,0.));
#17942 = ADVANCED_FACE('',(#17943),#17954,.F.);
#17943 = FACE_BOUND('',#17944,.T.);
#17944 = EDGE_LOOP('',(#17945,#17946,#17952,#17953));
#17945 = ORIENTED_EDGE('',*,*,#14126,.T.);
#17946 = ORIENTED_EDGE('',*,*,#17947,.T.);
#17947 = EDGE_CURVE('',#14127,#15813,#17948,.T.);
#17948 = LINE('',#17949,#17950);
#17949 = CARTESIAN_POINT('',(36.116777,-19.6759,-4.6E-02));
#17950 = VECTOR('',#17951,1.);
#17951 = DIRECTION('',(0.,0.,1.));
#17952 = ORIENTED_EDGE('',*,*,#15812,.F.);
#17953 = ORIENTED_EDGE('',*,*,#17947,.F.);
#17954 = CYLINDRICAL_SURFACE('',#17955,0.8509);
#17955 = AXIS2_PLACEMENT_3D('',#17956,#17957,#17958);
#17956 = CARTESIAN_POINT('',(36.116777,-18.825,-4.6E-02));
#17957 = DIRECTION('',(-0.,-0.,-1.));
#17958 = DIRECTION('',(-0.,-1.,0.));
#17959 = ADVANCED_FACE('',(#17960),#17971,.F.);
#17960 = FACE_BOUND('',#17961,.T.);
#17961 = EDGE_LOOP('',(#17962,#17963,#17969,#17970));
#17962 = ORIENTED_EDGE('',*,*,#14137,.T.);
#17963 = ORIENTED_EDGE('',*,*,#17964,.T.);
#17964 = EDGE_CURVE('',#14138,#15824,#17965,.T.);
#17965 = LINE('',#17966,#17967);
#17966 = CARTESIAN_POINT('',(28.496777,-15.245,-4.6E-02));
#17967 = VECTOR('',#17968,1.);
#17968 = DIRECTION('',(0.,0.,1.));
#17969 = ORIENTED_EDGE('',*,*,#15823,.F.);
#17970 = ORIENTED_EDGE('',*,*,#17964,.F.);
#17971 = CYLINDRICAL_SURFACE('',#17972,1.5);
#17972 = AXIS2_PLACEMENT_3D('',#17973,#17974,#17975);
#17973 = CARTESIAN_POINT('',(28.496777,-13.745,-4.6E-02));
#17974 = DIRECTION('',(-0.,-0.,-1.));
#17975 = DIRECTION('',(-0.,-1.,0.));
#17976 = ADVANCED_FACE('',(#17977),#17988,.F.);
#17977 = FACE_BOUND('',#17978,.T.);
#17978 = EDGE_LOOP('',(#17979,#17980,#17986,#17987));
#17979 = ORIENTED_EDGE('',*,*,#14148,.T.);
#17980 = ORIENTED_EDGE('',*,*,#17981,.T.);
#17981 = EDGE_CURVE('',#14149,#15835,#17982,.T.);
#17982 = LINE('',#17983,#17984);
#17983 = CARTESIAN_POINT('',(34.846777,-17.785,-4.6E-02));
#17984 = VECTOR('',#17985,1.);
#17985 = DIRECTION('',(0.,0.,1.));
#17986 = ORIENTED_EDGE('',*,*,#15834,.F.);
#17987 = ORIENTED_EDGE('',*,*,#17981,.F.);
#17988 = CYLINDRICAL_SURFACE('',#17989,1.5);
#17989 = AXIS2_PLACEMENT_3D('',#17990,#17991,#17992);
#17990 = CARTESIAN_POINT('',(34.846777,-16.285,-4.6E-02));
#17991 = DIRECTION('',(-0.,-0.,-1.));
#17992 = DIRECTION('',(-0.,-1.,0.));
#17993 = ADVANCED_FACE('',(#17994),#18005,.F.);
#17994 = FACE_BOUND('',#17995,.T.);
#17995 = EDGE_LOOP('',(#17996,#17997,#18003,#18004));
#17996 = ORIENTED_EDGE('',*,*,#14159,.T.);
#17997 = ORIENTED_EDGE('',*,*,#17998,.T.);
#17998 = EDGE_CURVE('',#14160,#15846,#17999,.T.);
#17999 = LINE('',#18000,#18001);
#18000 = CARTESIAN_POINT('',(30.731777,-9.395,-4.6E-02));
#18001 = VECTOR('',#18002,1.);
#18002 = DIRECTION('',(0.,0.,1.));
#18003 = ORIENTED_EDGE('',*,*,#15845,.F.);
#18004 = ORIENTED_EDGE('',*,*,#17998,.F.);
#18005 = CYLINDRICAL_SURFACE('',#18006,0.4);
#18006 = AXIS2_PLACEMENT_3D('',#18007,#18008,#18009);
#18007 = CARTESIAN_POINT('',(30.731777,-8.995,-4.6E-02));
#18008 = DIRECTION('',(-0.,-0.,-1.));
#18009 = DIRECTION('',(-0.,-1.,0.));
#18010 = ADVANCED_FACE('',(#18011),#18022,.F.);
#18011 = FACE_BOUND('',#18012,.T.);
#18012 = EDGE_LOOP('',(#18013,#18014,#18020,#18021));
#18013 = ORIENTED_EDGE('',*,*,#14170,.T.);
#18014 = ORIENTED_EDGE('',*,*,#18015,.T.);
#18015 = EDGE_CURVE('',#14171,#15857,#18016,.T.);
#18016 = LINE('',#18017,#18018);
#18017 = CARTESIAN_POINT('',(25.956777,1.41E-02,-4.6E-02));
#18018 = VECTOR('',#18019,1.);
#18019 = DIRECTION('',(0.,0.,1.));
#18020 = ORIENTED_EDGE('',*,*,#15856,.F.);
#18021 = ORIENTED_EDGE('',*,*,#18015,.F.);
#18022 = CYLINDRICAL_SURFACE('',#18023,0.8509);
#18023 = AXIS2_PLACEMENT_3D('',#18024,#18025,#18026);
#18024 = CARTESIAN_POINT('',(25.956777,0.865,-4.6E-02));
#18025 = DIRECTION('',(-0.,-0.,-1.));
#18026 = DIRECTION('',(-4.175242306735E-15,-1.,0.));
#18027 = ADVANCED_FACE('',(#18028),#18039,.F.);
#18028 = FACE_BOUND('',#18029,.T.);
#18029 = EDGE_LOOP('',(#18030,#18031,#18037,#18038));
#18030 = ORIENTED_EDGE('',*,*,#14181,.T.);
#18031 = ORIENTED_EDGE('',*,*,#18032,.T.);
#18032 = EDGE_CURVE('',#14182,#15868,#18033,.T.);
#18033 = LINE('',#18034,#18035);
#18034 = CARTESIAN_POINT('',(31.036777,-1.1289,-4.6E-02));
#18035 = VECTOR('',#18036,1.);
#18036 = DIRECTION('',(0.,0.,1.));
#18037 = ORIENTED_EDGE('',*,*,#15867,.F.);
#18038 = ORIENTED_EDGE('',*,*,#18032,.F.);
#18039 = CYLINDRICAL_SURFACE('',#18040,1.9939);
#18040 = AXIS2_PLACEMENT_3D('',#18041,#18042,#18043);
#18041 = CARTESIAN_POINT('',(31.036777,0.865,-4.6E-02));
#18042 = DIRECTION('',(-0.,-0.,-1.));
#18043 = DIRECTION('',(-0.,-1.,0.));
#18044 = ADVANCED_FACE('',(#18045),#18056,.F.);
#18045 = FACE_BOUND('',#18046,.T.);
#18046 = EDGE_LOOP('',(#18047,#18048,#18054,#18055));
#18047 = ORIENTED_EDGE('',*,*,#14192,.T.);
#18048 = ORIENTED_EDGE('',*,*,#18049,.T.);
#18049 = EDGE_CURVE('',#14193,#15879,#18050,.T.);
#18050 = LINE('',#18051,#18052);
#18051 = CARTESIAN_POINT('',(36.116777,1.41E-02,-4.6E-02));
#18052 = VECTOR('',#18053,1.);
#18053 = DIRECTION('',(0.,0.,1.));
#18054 = ORIENTED_EDGE('',*,*,#15878,.F.);
#18055 = ORIENTED_EDGE('',*,*,#18049,.F.);
#18056 = CYLINDRICAL_SURFACE('',#18057,0.8509);
#18057 = AXIS2_PLACEMENT_3D('',#18058,#18059,#18060);
#18058 = CARTESIAN_POINT('',(36.116777,0.865,-4.6E-02));
#18059 = DIRECTION('',(-0.,-0.,-1.));
#18060 = DIRECTION('',(-0.,-1.,0.));
#18061 = ADVANCED_FACE('',(#18062),#18073,.F.);
#18062 = FACE_BOUND('',#18063,.T.);
#18063 = EDGE_LOOP('',(#18064,#18065,#18071,#18072));
#18064 = ORIENTED_EDGE('',*,*,#14203,.T.);
#18065 = ORIENTED_EDGE('',*,*,#18066,.T.);
#18066 = EDGE_CURVE('',#14204,#15890,#18067,.T.);
#18067 = LINE('',#18068,#18069);
#18068 = CARTESIAN_POINT('',(-48.338223,0.945,-4.6E-02));
#18069 = VECTOR('',#18070,1.);
#18070 = DIRECTION('',(0.,0.,1.));
#18071 = ORIENTED_EDGE('',*,*,#15889,.F.);
#18072 = ORIENTED_EDGE('',*,*,#18066,.F.);
#18073 = CYLINDRICAL_SURFACE('',#18074,0.5);
#18074 = AXIS2_PLACEMENT_3D('',#18075,#18076,#18077);
#18075 = CARTESIAN_POINT('',(-48.338223,1.445,-4.6E-02));
#18076 = DIRECTION('',(-0.,-0.,-1.));
#18077 = DIRECTION('',(-0.,-1.,0.));
#18078 = ADVANCED_FACE('',(#18079),#18090,.F.);
#18079 = FACE_BOUND('',#18080,.T.);
#18080 = EDGE_LOOP('',(#18081,#18082,#18088,#18089));
#18081 = ORIENTED_EDGE('',*,*,#14214,.T.);
#18082 = ORIENTED_EDGE('',*,*,#18083,.T.);
#18083 = EDGE_CURVE('',#14215,#15901,#18084,.T.);
#18084 = LINE('',#18085,#18086);
#18085 = CARTESIAN_POINT('',(-48.338223,3.485,-4.6E-02));
#18086 = VECTOR('',#18087,1.);
#18087 = DIRECTION('',(0.,0.,1.));
#18088 = ORIENTED_EDGE('',*,*,#15900,.F.);
#18089 = ORIENTED_EDGE('',*,*,#18083,.F.);
#18090 = CYLINDRICAL_SURFACE('',#18091,0.5);
#18091 = AXIS2_PLACEMENT_3D('',#18092,#18093,#18094);
#18092 = CARTESIAN_POINT('',(-48.338223,3.985,-4.6E-02));
#18093 = DIRECTION('',(-0.,-0.,-1.));
#18094 = DIRECTION('',(-0.,-1.,0.));
#18095 = ADVANCED_FACE('',(#18096),#18107,.F.);
#18096 = FACE_BOUND('',#18097,.T.);
#18097 = EDGE_LOOP('',(#18098,#18099,#18105,#18106));
#18098 = ORIENTED_EDGE('',*,*,#14225,.T.);
#18099 = ORIENTED_EDGE('',*,*,#18100,.T.);
#18100 = EDGE_CURVE('',#14226,#15912,#18101,.T.);
#18101 = LINE('',#18102,#18103);
#18102 = CARTESIAN_POINT('',(-48.338223,6.025,-4.6E-02));
#18103 = VECTOR('',#18104,1.);
#18104 = DIRECTION('',(0.,0.,1.));
#18105 = ORIENTED_EDGE('',*,*,#15911,.F.);
#18106 = ORIENTED_EDGE('',*,*,#18100,.F.);
#18107 = CYLINDRICAL_SURFACE('',#18108,0.5);
#18108 = AXIS2_PLACEMENT_3D('',#18109,#18110,#18111);
#18109 = CARTESIAN_POINT('',(-48.338223,6.525,-4.6E-02));
#18110 = DIRECTION('',(-0.,-0.,-1.));
#18111 = DIRECTION('',(-0.,-1.,0.));
#18112 = ADVANCED_FACE('',(#18113),#18124,.F.);
#18113 = FACE_BOUND('',#18114,.T.);
#18114 = EDGE_LOOP('',(#18115,#18116,#18122,#18123));
#18115 = ORIENTED_EDGE('',*,*,#14236,.T.);
#18116 = ORIENTED_EDGE('',*,*,#18117,.T.);
#18117 = EDGE_CURVE('',#14237,#15923,#18118,.T.);
#18118 = LINE('',#18119,#18120);
#18119 = CARTESIAN_POINT('',(-30.573223,4.445,-4.6E-02));
#18120 = VECTOR('',#18121,1.);
#18121 = DIRECTION('',(0.,0.,1.));
#18122 = ORIENTED_EDGE('',*,*,#15922,.F.);
#18123 = ORIENTED_EDGE('',*,*,#18117,.F.);
#18124 = CYLINDRICAL_SURFACE('',#18125,1.5);
#18125 = AXIS2_PLACEMENT_3D('',#18126,#18127,#18128);
#18126 = CARTESIAN_POINT('',(-30.573223,5.945,-4.6E-02));
#18127 = DIRECTION('',(-0.,-0.,-1.));
#18128 = DIRECTION('',(-0.,-1.,0.));
#18129 = ADVANCED_FACE('',(#18130),#18141,.F.);
#18130 = FACE_BOUND('',#18131,.T.);
#18131 = EDGE_LOOP('',(#18132,#18133,#18139,#18140));
#18132 = ORIENTED_EDGE('',*,*,#14247,.T.);
#18133 = ORIENTED_EDGE('',*,*,#18134,.T.);
#18134 = EDGE_CURVE('',#14248,#15934,#18135,.T.);
#18135 = LINE('',#18136,#18137);
#18136 = CARTESIAN_POINT('',(-24.223223,1.905,-4.6E-02));
#18137 = VECTOR('',#18138,1.);
#18138 = DIRECTION('',(0.,0.,1.));
#18139 = ORIENTED_EDGE('',*,*,#15933,.F.);
#18140 = ORIENTED_EDGE('',*,*,#18134,.F.);
#18141 = CYLINDRICAL_SURFACE('',#18142,1.5);
#18142 = AXIS2_PLACEMENT_3D('',#18143,#18144,#18145);
#18143 = CARTESIAN_POINT('',(-24.223223,3.405,-4.6E-02));
#18144 = DIRECTION('',(-0.,-0.,-1.));
#18145 = DIRECTION('',(-0.,-1.,0.));
#18146 = ADVANCED_FACE('',(#18147),#18158,.F.);
#18147 = FACE_BOUND('',#18148,.T.);
#18148 = EDGE_LOOP('',(#18149,#18150,#18156,#18157));
#18149 = ORIENTED_EDGE('',*,*,#14258,.T.);
#18150 = ORIENTED_EDGE('',*,*,#18151,.T.);
#18151 = EDGE_CURVE('',#14259,#15945,#18152,.T.);
#18152 = LINE('',#18153,#18154);
#18153 = CARTESIAN_POINT('',(-36.008223,10.225,-4.6E-02));
#18154 = VECTOR('',#18155,1.);
#18155 = DIRECTION('',(0.,0.,1.));
#18156 = ORIENTED_EDGE('',*,*,#15944,.F.);
#18157 = ORIENTED_EDGE('',*,*,#18151,.F.);
#18158 = CYLINDRICAL_SURFACE('',#18159,0.4);
#18159 = AXIS2_PLACEMENT_3D('',#18160,#18161,#18162);
#18160 = CARTESIAN_POINT('',(-36.008223,10.625,-4.6E-02));
#18161 = DIRECTION('',(-0.,-0.,-1.));
#18162 = DIRECTION('',(-0.,-1.,0.));
#18163 = ADVANCED_FACE('',(#18164),#18175,.F.);
#18164 = FACE_BOUND('',#18165,.T.);
#18165 = EDGE_LOOP('',(#18166,#18167,#18173,#18174));
#18166 = ORIENTED_EDGE('',*,*,#14269,.T.);
#18167 = ORIENTED_EDGE('',*,*,#18168,.T.);
#18168 = EDGE_CURVE('',#14270,#15956,#18169,.T.);
#18169 = LINE('',#18170,#18171);
#18170 = CARTESIAN_POINT('',(-28.388223,10.225,-4.6E-02));
#18171 = VECTOR('',#18172,1.);
#18172 = DIRECTION('',(0.,0.,1.));
#18173 = ORIENTED_EDGE('',*,*,#15955,.F.);
#18174 = ORIENTED_EDGE('',*,*,#18168,.F.);
#18175 = CYLINDRICAL_SURFACE('',#18176,0.4);
#18176 = AXIS2_PLACEMENT_3D('',#18177,#18178,#18179);
#18177 = CARTESIAN_POINT('',(-28.388223,10.625,-4.6E-02));
#18178 = DIRECTION('',(-0.,-0.,-1.));
#18179 = DIRECTION('',(-0.,-1.,0.));
#18180 = ADVANCED_FACE('',(#18181),#18192,.F.);
#18181 = FACE_BOUND('',#18182,.T.);
#18182 = EDGE_LOOP('',(#18183,#18184,#18190,#18191));
#18183 = ORIENTED_EDGE('',*,*,#14280,.T.);
#18184 = ORIENTED_EDGE('',*,*,#18185,.T.);
#18185 = EDGE_CURVE('',#14281,#15967,#18186,.T.);
#18186 = LINE('',#18187,#18188);
#18187 = CARTESIAN_POINT('',(-33.113223,19.7041,-4.6E-02));
#18188 = VECTOR('',#18189,1.);
#18189 = DIRECTION('',(0.,0.,1.));
#18190 = ORIENTED_EDGE('',*,*,#15966,.F.);
#18191 = ORIENTED_EDGE('',*,*,#18185,.F.);
#18192 = CYLINDRICAL_SURFACE('',#18193,0.8509);
#18193 = AXIS2_PLACEMENT_3D('',#18194,#18195,#18196);
#18194 = CARTESIAN_POINT('',(-33.113223,20.555,-4.6E-02));
#18195 = DIRECTION('',(-0.,0.,-1.));
#18196 = DIRECTION('',(8.350484613469E-15,-1.,-0.));
#18197 = ADVANCED_FACE('',(#18198),#18209,.F.);
#18198 = FACE_BOUND('',#18199,.T.);
#18199 = EDGE_LOOP('',(#18200,#18201,#18207,#18208));
#18200 = ORIENTED_EDGE('',*,*,#14291,.T.);
#18201 = ORIENTED_EDGE('',*,*,#18202,.T.);
#18202 = EDGE_CURVE('',#14292,#15978,#18203,.T.);
#18203 = LINE('',#18204,#18205);
#18204 = CARTESIAN_POINT('',(-30.573223,24.135,-4.6E-02));
#18205 = VECTOR('',#18206,1.);
#18206 = DIRECTION('',(0.,0.,1.));
#18207 = ORIENTED_EDGE('',*,*,#15977,.F.);
#18208 = ORIENTED_EDGE('',*,*,#18202,.F.);
#18209 = CYLINDRICAL_SURFACE('',#18210,1.5);
#18210 = AXIS2_PLACEMENT_3D('',#18211,#18212,#18213);
#18211 = CARTESIAN_POINT('',(-30.573223,25.635,-4.6E-02));
#18212 = DIRECTION('',(-0.,-0.,-1.));
#18213 = DIRECTION('',(-0.,-1.,0.));
#18214 = ADVANCED_FACE('',(#18215),#18226,.F.);
#18215 = FACE_BOUND('',#18216,.T.);
#18216 = EDGE_LOOP('',(#18217,#18218,#18224,#18225));
#18217 = ORIENTED_EDGE('',*,*,#14302,.T.);
#18218 = ORIENTED_EDGE('',*,*,#18219,.T.);
#18219 = EDGE_CURVE('',#14303,#15989,#18220,.T.);
#18220 = LINE('',#18221,#18222);
#18221 = CARTESIAN_POINT('',(-28.033223,18.5611,-4.6E-02));
#18222 = VECTOR('',#18223,1.);
#18223 = DIRECTION('',(0.,0.,1.));
#18224 = ORIENTED_EDGE('',*,*,#15988,.F.);
#18225 = ORIENTED_EDGE('',*,*,#18219,.F.);
#18226 = CYLINDRICAL_SURFACE('',#18227,1.9939);
#18227 = AXIS2_PLACEMENT_3D('',#18228,#18229,#18230);
#18228 = CARTESIAN_POINT('',(-28.033223,20.555,-4.6E-02));
#18229 = DIRECTION('',(-0.,-0.,-1.));
#18230 = DIRECTION('',(-0.,-1.,0.));
#18231 = ADVANCED_FACE('',(#18232),#18243,.F.);
#18232 = FACE_BOUND('',#18233,.T.);
#18233 = EDGE_LOOP('',(#18234,#18235,#18241,#18242));
#18234 = ORIENTED_EDGE('',*,*,#14313,.T.);
#18235 = ORIENTED_EDGE('',*,*,#18236,.T.);
#18236 = EDGE_CURVE('',#14314,#16000,#18237,.T.);
#18237 = LINE('',#18238,#18239);
#18238 = CARTESIAN_POINT('',(-24.223223,21.595,-4.6E-02));
#18239 = VECTOR('',#18240,1.);
#18240 = DIRECTION('',(0.,0.,1.));
#18241 = ORIENTED_EDGE('',*,*,#15999,.F.);
#18242 = ORIENTED_EDGE('',*,*,#18236,.F.);
#18243 = CYLINDRICAL_SURFACE('',#18244,1.5);
#18244 = AXIS2_PLACEMENT_3D('',#18245,#18246,#18247);
#18245 = CARTESIAN_POINT('',(-24.223223,23.095,-4.6E-02));
#18246 = DIRECTION('',(-0.,-0.,-1.));
#18247 = DIRECTION('',(-0.,-1.,0.));
#18248 = ADVANCED_FACE('',(#18249),#18260,.F.);
#18249 = FACE_BOUND('',#18250,.T.);
#18250 = EDGE_LOOP('',(#18251,#18252,#18258,#18259));
#18251 = ORIENTED_EDGE('',*,*,#14324,.T.);
#18252 = ORIENTED_EDGE('',*,*,#18253,.T.);
#18253 = EDGE_CURVE('',#14325,#16011,#18254,.T.);
#18254 = LINE('',#18255,#18256);
#18255 = CARTESIAN_POINT('',(-16.368223,10.345,-4.6E-02));
#18256 = VECTOR('',#18257,1.);
#18257 = DIRECTION('',(0.,0.,1.));
#18258 = ORIENTED_EDGE('',*,*,#16010,.F.);
#18259 = ORIENTED_EDGE('',*,*,#18253,.F.);
#18260 = CYLINDRICAL_SURFACE('',#18261,0.4);
#18261 = AXIS2_PLACEMENT_3D('',#18262,#18263,#18264);
#18262 = CARTESIAN_POINT('',(-16.368223,10.745,-4.6E-02));
#18263 = DIRECTION('',(-0.,-0.,-1.));
#18264 = DIRECTION('',(-0.,-1.,0.));
#18265 = ADVANCED_FACE('',(#18266),#18277,.F.);
#18266 = FACE_BOUND('',#18267,.T.);
#18267 = EDGE_LOOP('',(#18268,#18269,#18275,#18276));
#18268 = ORIENTED_EDGE('',*,*,#14335,.T.);
#18269 = ORIENTED_EDGE('',*,*,#18270,.T.);
#18270 = EDGE_CURVE('',#14336,#16022,#18271,.T.);
#18271 = LINE('',#18272,#18273);
#18272 = CARTESIAN_POINT('',(-10.883223,4.445,-4.6E-02));
#18273 = VECTOR('',#18274,1.);
#18274 = DIRECTION('',(0.,0.,1.));
#18275 = ORIENTED_EDGE('',*,*,#16021,.F.);
#18276 = ORIENTED_EDGE('',*,*,#18270,.F.);
#18277 = CYLINDRICAL_SURFACE('',#18278,1.5);
#18278 = AXIS2_PLACEMENT_3D('',#18279,#18280,#18281);
#18279 = CARTESIAN_POINT('',(-10.883223,5.945,-4.6E-02));
#18280 = DIRECTION('',(-0.,-0.,-1.));
#18281 = DIRECTION('',(-0.,-1.,0.));
#18282 = ADVANCED_FACE('',(#18283),#18294,.F.);
#18283 = FACE_BOUND('',#18284,.T.);
#18284 = EDGE_LOOP('',(#18285,#18286,#18292,#18293));
#18285 = ORIENTED_EDGE('',*,*,#14346,.T.);
#18286 = ORIENTED_EDGE('',*,*,#18287,.T.);
#18287 = EDGE_CURVE('',#14347,#16033,#18288,.T.);
#18288 = LINE('',#18289,#18290);
#18289 = CARTESIAN_POINT('',(-4.533223,1.905,-4.6E-02));
#18290 = VECTOR('',#18291,1.);
#18291 = DIRECTION('',(0.,0.,1.));
#18292 = ORIENTED_EDGE('',*,*,#16032,.F.);
#18293 = ORIENTED_EDGE('',*,*,#18287,.F.);
#18294 = CYLINDRICAL_SURFACE('',#18295,1.5);
#18295 = AXIS2_PLACEMENT_3D('',#18296,#18297,#18298);
#18296 = CARTESIAN_POINT('',(-4.533223,3.405,-4.6E-02));
#18297 = DIRECTION('',(-0.,-0.,-1.));
#18298 = DIRECTION('',(-0.,-1.,0.));
#18299 = ADVANCED_FACE('',(#18300),#18311,.F.);
#18300 = FACE_BOUND('',#18301,.T.);
#18301 = EDGE_LOOP('',(#18302,#18303,#18309,#18310));
#18302 = ORIENTED_EDGE('',*,*,#14357,.T.);
#18303 = ORIENTED_EDGE('',*,*,#18304,.T.);
#18304 = EDGE_CURVE('',#14358,#16044,#18305,.T.);
#18305 = LINE('',#18306,#18307);
#18306 = CARTESIAN_POINT('',(-8.748223,10.345,-4.6E-02));
#18307 = VECTOR('',#18308,1.);
#18308 = DIRECTION('',(0.,0.,1.));
#18309 = ORIENTED_EDGE('',*,*,#16043,.F.);
#18310 = ORIENTED_EDGE('',*,*,#18304,.F.);
#18311 = CYLINDRICAL_SURFACE('',#18312,0.4);
#18312 = AXIS2_PLACEMENT_3D('',#18313,#18314,#18315);
#18313 = CARTESIAN_POINT('',(-8.748223,10.745,-4.6E-02));
#18314 = DIRECTION('',(-0.,-0.,-1.));
#18315 = DIRECTION('',(-0.,-1.,0.));
#18316 = ADVANCED_FACE('',(#18317),#18328,.F.);
#18317 = FACE_BOUND('',#18318,.T.);
#18318 = EDGE_LOOP('',(#18319,#18320,#18326,#18327));
#18319 = ORIENTED_EDGE('',*,*,#14368,.T.);
#18320 = ORIENTED_EDGE('',*,*,#18321,.T.);
#18321 = EDGE_CURVE('',#14369,#16055,#18322,.T.);
#18322 = LINE('',#18323,#18324);
#18323 = CARTESIAN_POINT('',(-22.953223,19.7041,-4.6E-02));
#18324 = VECTOR('',#18325,1.);
#18325 = DIRECTION('',(0.,0.,1.));
#18326 = ORIENTED_EDGE('',*,*,#16054,.F.);
#18327 = ORIENTED_EDGE('',*,*,#18321,.F.);
#18328 = CYLINDRICAL_SURFACE('',#18329,0.8509);
#18329 = AXIS2_PLACEMENT_3D('',#18330,#18331,#18332);
#18330 = CARTESIAN_POINT('',(-22.953223,20.555,-4.6E-02));
#18331 = DIRECTION('',(-0.,-0.,-1.));
#18332 = DIRECTION('',(-0.,-1.,0.));
#18333 = ADVANCED_FACE('',(#18334),#18345,.F.);
#18334 = FACE_BOUND('',#18335,.T.);
#18335 = EDGE_LOOP('',(#18336,#18337,#18343,#18344));
#18336 = ORIENTED_EDGE('',*,*,#14379,.T.);
#18337 = ORIENTED_EDGE('',*,*,#18338,.T.);
#18338 = EDGE_CURVE('',#14380,#16066,#18339,.T.);
#18339 = LINE('',#18340,#18341);
#18340 = CARTESIAN_POINT('',(-13.423223,19.7041,-4.6E-02));
#18341 = VECTOR('',#18342,1.);
#18342 = DIRECTION('',(0.,0.,1.));
#18343 = ORIENTED_EDGE('',*,*,#16065,.F.);
#18344 = ORIENTED_EDGE('',*,*,#18338,.F.);
#18345 = CYLINDRICAL_SURFACE('',#18346,0.8509);
#18346 = AXIS2_PLACEMENT_3D('',#18347,#18348,#18349);
#18347 = CARTESIAN_POINT('',(-13.423223,20.555,-4.6E-02));
#18348 = DIRECTION('',(-0.,-0.,-1.));
#18349 = DIRECTION('',(-0.,-1.,0.));
#18350 = ADVANCED_FACE('',(#18351),#18362,.F.);
#18351 = FACE_BOUND('',#18352,.T.);
#18352 = EDGE_LOOP('',(#18353,#18354,#18360,#18361));
#18353 = ORIENTED_EDGE('',*,*,#14390,.T.);
#18354 = ORIENTED_EDGE('',*,*,#18355,.T.);
#18355 = EDGE_CURVE('',#14391,#16077,#18356,.T.);
#18356 = LINE('',#18357,#18358);
#18357 = CARTESIAN_POINT('',(-8.343223,18.5611,-4.6E-02));
#18358 = VECTOR('',#18359,1.);
#18359 = DIRECTION('',(0.,0.,1.));
#18360 = ORIENTED_EDGE('',*,*,#16076,.F.);
#18361 = ORIENTED_EDGE('',*,*,#18355,.F.);
#18362 = CYLINDRICAL_SURFACE('',#18363,1.9939);
#18363 = AXIS2_PLACEMENT_3D('',#18364,#18365,#18366);
#18364 = CARTESIAN_POINT('',(-8.343223,20.555,-4.6E-02));
#18365 = DIRECTION('',(-0.,-0.,-1.));
#18366 = DIRECTION('',(-0.,-1.,0.));
#18367 = ADVANCED_FACE('',(#18368),#18379,.F.);
#18368 = FACE_BOUND('',#18369,.T.);
#18369 = EDGE_LOOP('',(#18370,#18371,#18377,#18378));
#18370 = ORIENTED_EDGE('',*,*,#14401,.T.);
#18371 = ORIENTED_EDGE('',*,*,#18372,.T.);
#18372 = EDGE_CURVE('',#14402,#16088,#18373,.T.);
#18373 = LINE('',#18374,#18375);
#18374 = CARTESIAN_POINT('',(-10.883223,24.135,-4.6E-02));
#18375 = VECTOR('',#18376,1.);
#18376 = DIRECTION('',(0.,0.,1.));
#18377 = ORIENTED_EDGE('',*,*,#16087,.F.);
#18378 = ORIENTED_EDGE('',*,*,#18372,.F.);
#18379 = CYLINDRICAL_SURFACE('',#18380,1.5);
#18380 = AXIS2_PLACEMENT_3D('',#18381,#18382,#18383);
#18381 = CARTESIAN_POINT('',(-10.883223,25.635,-4.6E-02));
#18382 = DIRECTION('',(-0.,-0.,-1.));
#18383 = DIRECTION('',(-0.,-1.,0.));
#18384 = ADVANCED_FACE('',(#18385),#18396,.F.);
#18385 = FACE_BOUND('',#18386,.T.);
#18386 = EDGE_LOOP('',(#18387,#18388,#18394,#18395));
#18387 = ORIENTED_EDGE('',*,*,#14412,.T.);
#18388 = ORIENTED_EDGE('',*,*,#18389,.T.);
#18389 = EDGE_CURVE('',#14413,#16099,#18390,.T.);
#18390 = LINE('',#18391,#18392);
#18391 = CARTESIAN_POINT('',(-3.263223,19.7041,-4.6E-02));
#18392 = VECTOR('',#18393,1.);
#18393 = DIRECTION('',(0.,0.,1.));
#18394 = ORIENTED_EDGE('',*,*,#16098,.F.);
#18395 = ORIENTED_EDGE('',*,*,#18389,.F.);
#18396 = CYLINDRICAL_SURFACE('',#18397,0.8509);
#18397 = AXIS2_PLACEMENT_3D('',#18398,#18399,#18400);
#18398 = CARTESIAN_POINT('',(-3.263223,20.555,-4.6E-02));
#18399 = DIRECTION('',(-0.,-0.,-1.));
#18400 = DIRECTION('',(-0.,-1.,0.));
#18401 = ADVANCED_FACE('',(#18402),#18413,.F.);
#18402 = FACE_BOUND('',#18403,.T.);
#18403 = EDGE_LOOP('',(#18404,#18405,#18411,#18412));
#18404 = ORIENTED_EDGE('',*,*,#14423,.T.);
#18405 = ORIENTED_EDGE('',*,*,#18406,.T.);
#18406 = EDGE_CURVE('',#14424,#16110,#18407,.T.);
#18407 = LINE('',#18408,#18409);
#18408 = CARTESIAN_POINT('',(-4.533223,21.595,-4.6E-02));
#18409 = VECTOR('',#18410,1.);
#18410 = DIRECTION('',(0.,0.,1.));
#18411 = ORIENTED_EDGE('',*,*,#16109,.F.);
#18412 = ORIENTED_EDGE('',*,*,#18406,.F.);
#18413 = CYLINDRICAL_SURFACE('',#18414,1.5);
#18414 = AXIS2_PLACEMENT_3D('',#18415,#18416,#18417);
#18415 = CARTESIAN_POINT('',(-4.533223,23.095,-4.6E-02));
#18416 = DIRECTION('',(-0.,-0.,-1.));
#18417 = DIRECTION('',(-0.,-1.,0.));
#18418 = ADVANCED_FACE('',(#18419),#18435,.F.);
#18419 = FACE_BOUND('',#18420,.T.);
#18420 = EDGE_LOOP('',(#18421,#18422,#18428,#18429));
#18421 = ORIENTED_EDGE('',*,*,#14434,.T.);
#18422 = ORIENTED_EDGE('',*,*,#18423,.T.);
#18423 = EDGE_CURVE('',#14437,#16123,#18424,.T.);
#18424 = LINE('',#18425,#18426);
#18425 = CARTESIAN_POINT('',(-40.288223,35.725,-4.6E-02));
#18426 = VECTOR('',#18427,1.);
#18427 = DIRECTION('',(0.,0.,1.));
#18428 = ORIENTED_EDGE('',*,*,#16120,.F.);
#18429 = ORIENTED_EDGE('',*,*,#18430,.F.);
#18430 = EDGE_CURVE('',#14435,#16121,#18431,.T.);
#18431 = LINE('',#18432,#18433);
#18432 = CARTESIAN_POINT('',(-40.288223,37.225,-4.6E-02));
#18433 = VECTOR('',#18434,1.);
#18434 = DIRECTION('',(0.,0.,1.));
#18435 = CYLINDRICAL_SURFACE('',#18436,0.75);
#18436 = AXIS2_PLACEMENT_3D('',#18437,#18438,#18439);
#18437 = CARTESIAN_POINT('',(-40.288223,36.475,-4.6E-02));
#18438 = DIRECTION('',(-0.,-0.,-1.));
#18439 = DIRECTION('',(-0.,-1.,0.));
#18440 = ADVANCED_FACE('',(#18441),#18452,.T.);
#18441 = FACE_BOUND('',#18442,.T.);
#18442 = EDGE_LOOP('',(#18443,#18444,#18445,#18446));
#18443 = ORIENTED_EDGE('',*,*,#14462,.T.);
#18444 = ORIENTED_EDGE('',*,*,#18430,.T.);
#18445 = ORIENTED_EDGE('',*,*,#16148,.F.);
#18446 = ORIENTED_EDGE('',*,*,#18447,.F.);
#18447 = EDGE_CURVE('',#14454,#16140,#18448,.T.);
#18448 = LINE('',#18449,#18450);
#18449 = CARTESIAN_POINT('',(-41.588223,37.225,-4.6E-02));
#18450 = VECTOR('',#18451,1.);
#18451 = DIRECTION('',(0.,0.,1.));
#18452 = PLANE('',#18453);
#18453 = AXIS2_PLACEMENT_3D('',#18454,#18455,#18456);
#18454 = CARTESIAN_POINT('',(-40.288223,37.225,-4.6E-02));
#18455 = DIRECTION('',(0.,-1.,0.));
#18456 = DIRECTION('',(-1.,0.,0.));
#18457 = ADVANCED_FACE('',(#18458),#18469,.F.);
#18458 = FACE_BOUND('',#18459,.T.);
#18459 = EDGE_LOOP('',(#18460,#18461,#18462,#18463));
#18460 = ORIENTED_EDGE('',*,*,#14453,.T.);
#18461 = ORIENTED_EDGE('',*,*,#18447,.T.);
#18462 = ORIENTED_EDGE('',*,*,#16139,.F.);
#18463 = ORIENTED_EDGE('',*,*,#18464,.F.);
#18464 = EDGE_CURVE('',#14446,#16132,#18465,.T.);
#18465 = LINE('',#18466,#18467);
#18466 = CARTESIAN_POINT('',(-41.588223,35.725,-4.6E-02));
#18467 = VECTOR('',#18468,1.);
#18468 = DIRECTION('',(0.,0.,1.));
#18469 = CYLINDRICAL_SURFACE('',#18470,0.75);
#18470 = AXIS2_PLACEMENT_3D('',#18471,#18472,#18473);
#18471 = CARTESIAN_POINT('',(-41.588223,36.475,-4.6E-02));
#18472 = DIRECTION('',(-0.,0.,-1.));
#18473 = DIRECTION('',(0.,1.,0.));
#18474 = ADVANCED_FACE('',(#18475),#18481,.T.);
#18475 = FACE_BOUND('',#18476,.T.);
#18476 = EDGE_LOOP('',(#18477,#18478,#18479,#18480));
#18477 = ORIENTED_EDGE('',*,*,#14445,.T.);
#18478 = ORIENTED_EDGE('',*,*,#18464,.T.);
#18479 = ORIENTED_EDGE('',*,*,#16131,.F.);
#18480 = ORIENTED_EDGE('',*,*,#18423,.F.);
#18481 = PLANE('',#18482);
#18482 = AXIS2_PLACEMENT_3D('',#18483,#18484,#18485);
#18483 = CARTESIAN_POINT('',(-41.588223,35.725,-4.6E-02));
#18484 = DIRECTION('',(0.,1.,0.));
#18485 = DIRECTION('',(1.,0.,0.));
#18486 = ADVANCED_FACE('',(#18487),#18498,.F.);
#18487 = FACE_BOUND('',#18488,.T.);
#18488 = EDGE_LOOP('',(#18489,#18490,#18496,#18497));
#18489 = ORIENTED_EDGE('',*,*,#14470,.T.);
#18490 = ORIENTED_EDGE('',*,*,#18491,.T.);
#18491 = EDGE_CURVE('',#14471,#16157,#18492,.T.);
#18492 = LINE('',#18493,#18494);
#18493 = CARTESIAN_POINT('',(-48.438223,39.075,-4.6E-02));
#18494 = VECTOR('',#18495,1.);
#18495 = DIRECTION('',(0.,0.,1.));
#18496 = ORIENTED_EDGE('',*,*,#16156,.F.);
#18497 = ORIENTED_EDGE('',*,*,#18491,.F.);
#18498 = CYLINDRICAL_SURFACE('',#18499,0.5);
#18499 = AXIS2_PLACEMENT_3D('',#18500,#18501,#18502);
#18500 = CARTESIAN_POINT('',(-48.438223,39.575,-4.6E-02));
#18501 = DIRECTION('',(-0.,-0.,-1.));
#18502 = DIRECTION('',(-0.,-1.,0.));
#18503 = ADVANCED_FACE('',(#18504),#18515,.F.);
#18504 = FACE_BOUND('',#18505,.T.);
#18505 = EDGE_LOOP('',(#18506,#18507,#18513,#18514));
#18506 = ORIENTED_EDGE('',*,*,#14481,.T.);
#18507 = ORIENTED_EDGE('',*,*,#18508,.T.);
#18508 = EDGE_CURVE('',#14482,#16168,#18509,.T.);
#18509 = LINE('',#18510,#18511);
#18510 = CARTESIAN_POINT('',(-48.438223,41.575,-4.6E-02));
#18511 = VECTOR('',#18512,1.);
#18512 = DIRECTION('',(0.,0.,1.));
#18513 = ORIENTED_EDGE('',*,*,#16167,.F.);
#18514 = ORIENTED_EDGE('',*,*,#18508,.F.);
#18515 = CYLINDRICAL_SURFACE('',#18516,0.5);
#18516 = AXIS2_PLACEMENT_3D('',#18517,#18518,#18519);
#18517 = CARTESIAN_POINT('',(-48.438223,42.075,-4.6E-02));
#18518 = DIRECTION('',(-0.,-0.,-1.));
#18519 = DIRECTION('',(-0.,-1.,0.));
#18520 = ADVANCED_FACE('',(#18521),#18532,.F.);
#18521 = FACE_BOUND('',#18522,.T.);
#18522 = EDGE_LOOP('',(#18523,#18524,#18530,#18531));
#18523 = ORIENTED_EDGE('',*,*,#14492,.T.);
#18524 = ORIENTED_EDGE('',*,*,#18525,.T.);
#18525 = EDGE_CURVE('',#14493,#16179,#18526,.T.);
#18526 = LINE('',#18527,#18528);
#18527 = CARTESIAN_POINT('',(-48.438223,44.075,-4.6E-02));
#18528 = VECTOR('',#18529,1.);
#18529 = DIRECTION('',(0.,0.,1.));
#18530 = ORIENTED_EDGE('',*,*,#16178,.F.);
#18531 = ORIENTED_EDGE('',*,*,#18525,.F.);
#18532 = CYLINDRICAL_SURFACE('',#18533,0.5);
#18533 = AXIS2_PLACEMENT_3D('',#18534,#18535,#18536);
#18534 = CARTESIAN_POINT('',(-48.438223,44.575,-4.6E-02));
#18535 = DIRECTION('',(-0.,-0.,-1.));
#18536 = DIRECTION('',(-0.,-1.,0.));
#18537 = ADVANCED_FACE('',(#18538),#18549,.F.);
#18538 = FACE_BOUND('',#18539,.T.);
#18539 = EDGE_LOOP('',(#18540,#18541,#18547,#18548));
#18540 = ORIENTED_EDGE('',*,*,#14503,.T.);
#18541 = ORIENTED_EDGE('',*,*,#18542,.T.);
#18542 = EDGE_CURVE('',#14504,#16190,#18543,.T.);
#18543 = LINE('',#18544,#18545);
#18544 = CARTESIAN_POINT('',(-44.158223,50.625,-4.6E-02));
#18545 = VECTOR('',#18546,1.);
#18546 = DIRECTION('',(0.,0.,1.));
#18547 = ORIENTED_EDGE('',*,*,#16189,.F.);
#18548 = ORIENTED_EDGE('',*,*,#18542,.F.);
#18549 = CYLINDRICAL_SURFACE('',#18550,0.4);
#18550 = AXIS2_PLACEMENT_3D('',#18551,#18552,#18553);
#18551 = CARTESIAN_POINT('',(-44.158223,51.025,-4.6E-02));
#18552 = DIRECTION('',(-0.,-0.,-1.));
#18553 = DIRECTION('',(-0.,-1.,0.));
#18554 = ADVANCED_FACE('',(#18555),#18571,.F.);
#18555 = FACE_BOUND('',#18556,.T.);
#18556 = EDGE_LOOP('',(#18557,#18558,#18564,#18565));
#18557 = ORIENTED_EDGE('',*,*,#14514,.T.);
#18558 = ORIENTED_EDGE('',*,*,#18559,.T.);
#18559 = EDGE_CURVE('',#14517,#16203,#18560,.T.);
#18560 = LINE('',#18561,#18562);
#18561 = CARTESIAN_POINT('',(-40.288223,46.925,-4.6E-02));
#18562 = VECTOR('',#18563,1.);
#18563 = DIRECTION('',(0.,0.,1.));
#18564 = ORIENTED_EDGE('',*,*,#16200,.F.);
#18565 = ORIENTED_EDGE('',*,*,#18566,.F.);
#18566 = EDGE_CURVE('',#14515,#16201,#18567,.T.);
#18567 = LINE('',#18568,#18569);
#18568 = CARTESIAN_POINT('',(-40.288223,48.425,-4.6E-02));
#18569 = VECTOR('',#18570,1.);
#18570 = DIRECTION('',(0.,0.,1.));
#18571 = CYLINDRICAL_SURFACE('',#18572,0.75);
#18572 = AXIS2_PLACEMENT_3D('',#18573,#18574,#18575);
#18573 = CARTESIAN_POINT('',(-40.288223,47.675,-4.6E-02));
#18574 = DIRECTION('',(-0.,-0.,-1.));
#18575 = DIRECTION('',(-0.,-1.,0.));
#18576 = ADVANCED_FACE('',(#18577),#18588,.T.);
#18577 = FACE_BOUND('',#18578,.T.);
#18578 = EDGE_LOOP('',(#18579,#18580,#18581,#18582));
#18579 = ORIENTED_EDGE('',*,*,#14542,.T.);
#18580 = ORIENTED_EDGE('',*,*,#18566,.T.);
#18581 = ORIENTED_EDGE('',*,*,#16228,.F.);
#18582 = ORIENTED_EDGE('',*,*,#18583,.F.);
#18583 = EDGE_CURVE('',#14534,#16220,#18584,.T.);
#18584 = LINE('',#18585,#18586);
#18585 = CARTESIAN_POINT('',(-41.588223,48.425,-4.6E-02));
#18586 = VECTOR('',#18587,1.);
#18587 = DIRECTION('',(0.,0.,1.));
#18588 = PLANE('',#18589);
#18589 = AXIS2_PLACEMENT_3D('',#18590,#18591,#18592);
#18590 = CARTESIAN_POINT('',(-40.288223,48.425,-4.6E-02));
#18591 = DIRECTION('',(0.,-1.,0.));
#18592 = DIRECTION('',(-1.,0.,0.));
#18593 = ADVANCED_FACE('',(#18594),#18605,.F.);
#18594 = FACE_BOUND('',#18595,.T.);
#18595 = EDGE_LOOP('',(#18596,#18597,#18598,#18599));
#18596 = ORIENTED_EDGE('',*,*,#14533,.T.);
#18597 = ORIENTED_EDGE('',*,*,#18583,.T.);
#18598 = ORIENTED_EDGE('',*,*,#16219,.F.);
#18599 = ORIENTED_EDGE('',*,*,#18600,.F.);
#18600 = EDGE_CURVE('',#14526,#16212,#18601,.T.);
#18601 = LINE('',#18602,#18603);
#18602 = CARTESIAN_POINT('',(-41.588223,46.925,-4.6E-02));
#18603 = VECTOR('',#18604,1.);
#18604 = DIRECTION('',(0.,0.,1.));
#18605 = CYLINDRICAL_SURFACE('',#18606,0.75);
#18606 = AXIS2_PLACEMENT_3D('',#18607,#18608,#18609);
#18607 = CARTESIAN_POINT('',(-41.588223,47.675,-4.6E-02));
#18608 = DIRECTION('',(-0.,0.,-1.));
#18609 = DIRECTION('',(0.,1.,0.));
#18610 = ADVANCED_FACE('',(#18611),#18617,.T.);
#18611 = FACE_BOUND('',#18612,.T.);
#18612 = EDGE_LOOP('',(#18613,#18614,#18615,#18616));
#18613 = ORIENTED_EDGE('',*,*,#14525,.T.);
#18614 = ORIENTED_EDGE('',*,*,#18600,.T.);
#18615 = ORIENTED_EDGE('',*,*,#16211,.F.);
#18616 = ORIENTED_EDGE('',*,*,#18559,.F.);
#18617 = PLANE('',#18618);
#18618 = AXIS2_PLACEMENT_3D('',#18619,#18620,#18621);
#18619 = CARTESIAN_POINT('',(-41.588223,46.925,-4.6E-02));
#18620 = DIRECTION('',(0.,1.,0.));
#18621 = DIRECTION('',(1.,0.,0.));
#18622 = ADVANCED_FACE('',(#18623),#18634,.F.);
#18623 = FACE_BOUND('',#18624,.T.);
#18624 = EDGE_LOOP('',(#18625,#18626,#18632,#18633));
#18625 = ORIENTED_EDGE('',*,*,#14550,.T.);
#18626 = ORIENTED_EDGE('',*,*,#18627,.T.);
#18627 = EDGE_CURVE('',#14551,#16237,#18628,.T.);
#18628 = LINE('',#18629,#18630);
#18629 = CARTESIAN_POINT('',(-36.538223,50.625,-4.6E-02));
#18630 = VECTOR('',#18631,1.);
#18631 = DIRECTION('',(0.,0.,1.));
#18632 = ORIENTED_EDGE('',*,*,#16236,.F.);
#18633 = ORIENTED_EDGE('',*,*,#18627,.F.);
#18634 = CYLINDRICAL_SURFACE('',#18635,0.4);
#18635 = AXIS2_PLACEMENT_3D('',#18636,#18637,#18638);
#18636 = CARTESIAN_POINT('',(-36.538223,51.025,-4.6E-02));
#18637 = DIRECTION('',(-0.,-0.,-1.));
#18638 = DIRECTION('',(-0.,-1.,0.));
#18639 = ADVANCED_FACE('',(#18640),#18651,.F.);
#18640 = FACE_BOUND('',#18641,.T.);
#18641 = EDGE_LOOP('',(#18642,#18643,#18649,#18650));
#18642 = ORIENTED_EDGE('',*,*,#14561,.T.);
#18643 = ORIENTED_EDGE('',*,*,#18644,.T.);
#18644 = EDGE_CURVE('',#14562,#16248,#18645,.T.);
#18645 = LINE('',#18646,#18647);
#18646 = CARTESIAN_POINT('',(-33.938223,39.075,-4.6E-02));
#18647 = VECTOR('',#18648,1.);
#18648 = DIRECTION('',(0.,0.,1.));
#18649 = ORIENTED_EDGE('',*,*,#16247,.F.);
#18650 = ORIENTED_EDGE('',*,*,#18644,.F.);
#18651 = CYLINDRICAL_SURFACE('',#18652,0.5);
#18652 = AXIS2_PLACEMENT_3D('',#18653,#18654,#18655);
#18653 = CARTESIAN_POINT('',(-33.938223,39.575,-4.6E-02));
#18654 = DIRECTION('',(-0.,-0.,-1.));
#18655 = DIRECTION('',(-0.,-1.,0.));
#18656 = ADVANCED_FACE('',(#18657),#18668,.F.);
#18657 = FACE_BOUND('',#18658,.T.);
#18658 = EDGE_LOOP('',(#18659,#18660,#18666,#18667));
#18659 = ORIENTED_EDGE('',*,*,#14572,.T.);
#18660 = ORIENTED_EDGE('',*,*,#18661,.T.);
#18661 = EDGE_CURVE('',#14573,#16259,#18662,.T.);
#18662 = LINE('',#18663,#18664);
#18663 = CARTESIAN_POINT('',(-30.638223,38.555,-4.6E-02));
#18664 = VECTOR('',#18665,1.);
#18665 = DIRECTION('',(0.,0.,1.));
#18666 = ORIENTED_EDGE('',*,*,#16258,.F.);
#18667 = ORIENTED_EDGE('',*,*,#18661,.F.);
#18668 = CYLINDRICAL_SURFACE('',#18669,0.4);
#18669 = AXIS2_PLACEMENT_3D('',#18670,#18671,#18672);
#18670 = CARTESIAN_POINT('',(-30.638223,38.955,-4.6E-02));
#18671 = DIRECTION('',(-0.,-0.,-1.));
#18672 = DIRECTION('',(-0.,-1.,0.));
#18673 = ADVANCED_FACE('',(#18674),#18685,.F.);
#18674 = FACE_BOUND('',#18675,.T.);
#18675 = EDGE_LOOP('',(#18676,#18677,#18683,#18684));
#18676 = ORIENTED_EDGE('',*,*,#14583,.T.);
#18677 = ORIENTED_EDGE('',*,*,#18678,.T.);
#18678 = EDGE_CURVE('',#14584,#16270,#18679,.T.);
#18679 = LINE('',#18680,#18681);
#18680 = CARTESIAN_POINT('',(-33.938223,44.075,-4.6E-02));
#18681 = VECTOR('',#18682,1.);
#18682 = DIRECTION('',(0.,0.,1.));
#18683 = ORIENTED_EDGE('',*,*,#16269,.F.);
#18684 = ORIENTED_EDGE('',*,*,#18678,.F.);
#18685 = CYLINDRICAL_SURFACE('',#18686,0.5);
#18686 = AXIS2_PLACEMENT_3D('',#18687,#18688,#18689);
#18687 = CARTESIAN_POINT('',(-33.938223,44.575,-4.6E-02));
#18688 = DIRECTION('',(-0.,-0.,-1.));
#18689 = DIRECTION('',(-0.,-1.,0.));
#18690 = ADVANCED_FACE('',(#18691),#18702,.F.);
#18691 = FACE_BOUND('',#18692,.T.);
#18692 = EDGE_LOOP('',(#18693,#18694,#18700,#18701));
#18693 = ORIENTED_EDGE('',*,*,#14594,.T.);
#18694 = ORIENTED_EDGE('',*,*,#18695,.T.);
#18695 = EDGE_CURVE('',#14595,#16281,#18696,.T.);
#18696 = LINE('',#18697,#18698);
#18697 = CARTESIAN_POINT('',(-30.638223,46.175,-4.6E-02));
#18698 = VECTOR('',#18699,1.);
#18699 = DIRECTION('',(0.,0.,1.));
#18700 = ORIENTED_EDGE('',*,*,#16280,.F.);
#18701 = ORIENTED_EDGE('',*,*,#18695,.F.);
#18702 = CYLINDRICAL_SURFACE('',#18703,0.4);
#18703 = AXIS2_PLACEMENT_3D('',#18704,#18705,#18706);
#18704 = CARTESIAN_POINT('',(-30.638223,46.575,-4.6E-02));
#18705 = DIRECTION('',(-0.,-0.,-1.));
#18706 = DIRECTION('',(-0.,-1.,0.));
#18707 = ADVANCED_FACE('',(#18708),#18719,.F.);
#18708 = FACE_BOUND('',#18709,.T.);
#18709 = EDGE_LOOP('',(#18710,#18711,#18717,#18718));
#18710 = ORIENTED_EDGE('',*,*,#14605,.T.);
#18711 = ORIENTED_EDGE('',*,*,#18712,.T.);
#18712 = EDGE_CURVE('',#14606,#16292,#18713,.T.);
#18713 = LINE('',#18714,#18715);
#18714 = CARTESIAN_POINT('',(-18.388223,41.005,-4.6E-02));
#18715 = VECTOR('',#18716,1.);
#18716 = DIRECTION('',(0.,0.,1.));
#18717 = ORIENTED_EDGE('',*,*,#16291,.F.);
#18718 = ORIENTED_EDGE('',*,*,#18712,.F.);
#18719 = CYLINDRICAL_SURFACE('',#18720,0.5);
#18720 = AXIS2_PLACEMENT_3D('',#18721,#18722,#18723);
#18721 = CARTESIAN_POINT('',(-18.388223,41.505,-4.6E-02));
#18722 = DIRECTION('',(-0.,-0.,-1.));
#18723 = DIRECTION('',(-0.,-1.,0.));
#18724 = ADVANCED_FACE('',(#18725),#18736,.F.);
#18725 = FACE_BOUND('',#18726,.T.);
#18726 = EDGE_LOOP('',(#18727,#18728,#18734,#18735));
#18727 = ORIENTED_EDGE('',*,*,#14616,.T.);
#18728 = ORIENTED_EDGE('',*,*,#18729,.T.);
#18729 = EDGE_CURVE('',#14617,#16303,#18730,.T.);
#18730 = LINE('',#18731,#18732);
#18731 = CARTESIAN_POINT('',(-18.388223,43.545,-4.6E-02));
#18732 = VECTOR('',#18733,1.);
#18733 = DIRECTION('',(0.,0.,1.));
#18734 = ORIENTED_EDGE('',*,*,#16302,.F.);
#18735 = ORIENTED_EDGE('',*,*,#18729,.F.);
#18736 = CYLINDRICAL_SURFACE('',#18737,0.5);
#18737 = AXIS2_PLACEMENT_3D('',#18738,#18739,#18740);
#18738 = CARTESIAN_POINT('',(-18.388223,44.045,-4.6E-02));
#18739 = DIRECTION('',(-0.,-0.,-1.));
#18740 = DIRECTION('',(-0.,-1.,0.));
#18741 = ADVANCED_FACE('',(#18742),#18753,.F.);
#18742 = FACE_BOUND('',#18743,.T.);
#18743 = EDGE_LOOP('',(#18744,#18745,#18751,#18752));
#18744 = ORIENTED_EDGE('',*,*,#14627,.T.);
#18745 = ORIENTED_EDGE('',*,*,#18746,.T.);
#18746 = EDGE_CURVE('',#14628,#16314,#18747,.T.);
#18747 = LINE('',#18748,#18749);
#18748 = CARTESIAN_POINT('',(-18.388223,46.085,-4.6E-02));
#18749 = VECTOR('',#18750,1.);
#18750 = DIRECTION('',(0.,0.,1.));
#18751 = ORIENTED_EDGE('',*,*,#16313,.F.);
#18752 = ORIENTED_EDGE('',*,*,#18746,.F.);
#18753 = CYLINDRICAL_SURFACE('',#18754,0.5);
#18754 = AXIS2_PLACEMENT_3D('',#18755,#18756,#18757);
#18755 = CARTESIAN_POINT('',(-18.388223,46.585,-4.6E-02));
#18756 = DIRECTION('',(-0.,-0.,-1.));
#18757 = DIRECTION('',(-0.,-1.,0.));
#18758 = ADVANCED_FACE('',(#18759),#18770,.F.);
#18759 = FACE_BOUND('',#18760,.T.);
#18760 = EDGE_LOOP('',(#18761,#18762,#18768,#18769));
#18761 = ORIENTED_EDGE('',*,*,#14638,.T.);
#18762 = ORIENTED_EDGE('',*,*,#18763,.T.);
#18763 = EDGE_CURVE('',#14639,#16325,#18764,.T.);
#18764 = LINE('',#18765,#18766);
#18765 = CARTESIAN_POINT('',(-18.388223,48.625,-4.6E-02));
#18766 = VECTOR('',#18767,1.);
#18767 = DIRECTION('',(0.,0.,1.));
#18768 = ORIENTED_EDGE('',*,*,#16324,.F.);
#18769 = ORIENTED_EDGE('',*,*,#18763,.F.);
#18770 = CYLINDRICAL_SURFACE('',#18771,0.5);
#18771 = AXIS2_PLACEMENT_3D('',#18772,#18773,#18774);
#18772 = CARTESIAN_POINT('',(-18.388223,49.125,-4.6E-02));
#18773 = DIRECTION('',(-0.,-0.,-1.));
#18774 = DIRECTION('',(-0.,-1.,0.));
#18775 = ADVANCED_FACE('',(#18776),#18787,.F.);
#18776 = FACE_BOUND('',#18777,.T.);
#18777 = EDGE_LOOP('',(#18778,#18779,#18785,#18786));
#18778 = ORIENTED_EDGE('',*,*,#14649,.T.);
#18779 = ORIENTED_EDGE('',*,*,#18780,.T.);
#18780 = EDGE_CURVE('',#14650,#16336,#18781,.T.);
#18781 = LINE('',#18782,#18783);
#18782 = CARTESIAN_POINT('',(8.806777,4.445,-4.6E-02));
#18783 = VECTOR('',#18784,1.);
#18784 = DIRECTION('',(0.,0.,1.));
#18785 = ORIENTED_EDGE('',*,*,#16335,.F.);
#18786 = ORIENTED_EDGE('',*,*,#18780,.F.);
#18787 = CYLINDRICAL_SURFACE('',#18788,1.5);
#18788 = AXIS2_PLACEMENT_3D('',#18789,#18790,#18791);
#18789 = CARTESIAN_POINT('',(8.806777,5.945,-4.6E-02));
#18790 = DIRECTION('',(-0.,-0.,-1.));
#18791 = DIRECTION('',(-0.,-1.,0.));
#18792 = ADVANCED_FACE('',(#18793),#18804,.F.);
#18793 = FACE_BOUND('',#18794,.T.);
#18794 = EDGE_LOOP('',(#18795,#18796,#18802,#18803));
#18795 = ORIENTED_EDGE('',*,*,#14660,.T.);
#18796 = ORIENTED_EDGE('',*,*,#18797,.T.);
#18797 = EDGE_CURVE('',#14661,#16347,#18798,.T.);
#18798 = LINE('',#18799,#18800);
#18799 = CARTESIAN_POINT('',(3.371777,10.345,-4.6E-02));
#18800 = VECTOR('',#18801,1.);
#18801 = DIRECTION('',(0.,0.,1.));
#18802 = ORIENTED_EDGE('',*,*,#16346,.F.);
#18803 = ORIENTED_EDGE('',*,*,#18797,.F.);
#18804 = CYLINDRICAL_SURFACE('',#18805,0.4);
#18805 = AXIS2_PLACEMENT_3D('',#18806,#18807,#18808);
#18806 = CARTESIAN_POINT('',(3.371777,10.745,-4.6E-02));
#18807 = DIRECTION('',(-0.,-0.,-1.));
#18808 = DIRECTION('',(-0.,-1.,0.));
#18809 = ADVANCED_FACE('',(#18810),#18821,.F.);
#18810 = FACE_BOUND('',#18811,.T.);
#18811 = EDGE_LOOP('',(#18812,#18813,#18819,#18820));
#18812 = ORIENTED_EDGE('',*,*,#14671,.T.);
#18813 = ORIENTED_EDGE('',*,*,#18814,.T.);
#18814 = EDGE_CURVE('',#14672,#16358,#18815,.T.);
#18815 = LINE('',#18816,#18817);
#18816 = CARTESIAN_POINT('',(10.991777,10.345,-4.6E-02));
#18817 = VECTOR('',#18818,1.);
#18818 = DIRECTION('',(0.,0.,1.));
#18819 = ORIENTED_EDGE('',*,*,#16357,.F.);
#18820 = ORIENTED_EDGE('',*,*,#18814,.F.);
#18821 = CYLINDRICAL_SURFACE('',#18822,0.4);
#18822 = AXIS2_PLACEMENT_3D('',#18823,#18824,#18825);
#18823 = CARTESIAN_POINT('',(10.991777,10.745,-4.6E-02));
#18824 = DIRECTION('',(-0.,0.,-1.));
#18825 = DIRECTION('',(4.440892098501E-15,-1.,-0.));
#18826 = ADVANCED_FACE('',(#18827),#18838,.F.);
#18827 = FACE_BOUND('',#18828,.T.);
#18828 = EDGE_LOOP('',(#18829,#18830,#18836,#18837));
#18829 = ORIENTED_EDGE('',*,*,#14682,.T.);
#18830 = ORIENTED_EDGE('',*,*,#18831,.T.);
#18831 = EDGE_CURVE('',#14683,#16369,#18832,.T.);
#18832 = LINE('',#18833,#18834);
#18833 = CARTESIAN_POINT('',(15.156777,1.905,-4.6E-02));
#18834 = VECTOR('',#18835,1.);
#18835 = DIRECTION('',(0.,0.,1.));
#18836 = ORIENTED_EDGE('',*,*,#16368,.F.);
#18837 = ORIENTED_EDGE('',*,*,#18831,.F.);
#18838 = CYLINDRICAL_SURFACE('',#18839,1.5);
#18839 = AXIS2_PLACEMENT_3D('',#18840,#18841,#18842);
#18840 = CARTESIAN_POINT('',(15.156777,3.405,-4.6E-02));
#18841 = DIRECTION('',(-0.,-0.,-1.));
#18842 = DIRECTION('',(-1.184237892933E-15,-1.,0.));
#18843 = ADVANCED_FACE('',(#18844),#18855,.F.);
#18844 = FACE_BOUND('',#18845,.T.);
#18845 = EDGE_LOOP('',(#18846,#18847,#18853,#18854));
#18846 = ORIENTED_EDGE('',*,*,#14693,.T.);
#18847 = ORIENTED_EDGE('',*,*,#18848,.T.);
#18848 = EDGE_CURVE('',#14694,#16380,#18849,.T.);
#18849 = LINE('',#18850,#18851);
#18850 = CARTESIAN_POINT('',(23.111777,10.345,-4.6E-02));
#18851 = VECTOR('',#18852,1.);
#18852 = DIRECTION('',(0.,0.,1.));
#18853 = ORIENTED_EDGE('',*,*,#16379,.F.);
#18854 = ORIENTED_EDGE('',*,*,#18848,.F.);
#18855 = CYLINDRICAL_SURFACE('',#18856,0.4);
#18856 = AXIS2_PLACEMENT_3D('',#18857,#18858,#18859);
#18857 = CARTESIAN_POINT('',(23.111777,10.745,-4.6E-02));
#18858 = DIRECTION('',(-0.,-0.,-1.));
#18859 = DIRECTION('',(-0.,-1.,0.));
#18860 = ADVANCED_FACE('',(#18861),#18872,.F.);
#18861 = FACE_BOUND('',#18862,.T.);
#18862 = EDGE_LOOP('',(#18863,#18864,#18870,#18871));
#18863 = ORIENTED_EDGE('',*,*,#14704,.T.);
#18864 = ORIENTED_EDGE('',*,*,#18865,.T.);
#18865 = EDGE_CURVE('',#14705,#16391,#18866,.T.);
#18866 = LINE('',#18867,#18868);
#18867 = CARTESIAN_POINT('',(6.266777,19.7041,-4.6E-02));
#18868 = VECTOR('',#18869,1.);
#18869 = DIRECTION('',(0.,0.,1.));
#18870 = ORIENTED_EDGE('',*,*,#16390,.F.);
#18871 = ORIENTED_EDGE('',*,*,#18865,.F.);
#18872 = CYLINDRICAL_SURFACE('',#18873,0.8509);
#18873 = AXIS2_PLACEMENT_3D('',#18874,#18875,#18876);
#18874 = CARTESIAN_POINT('',(6.266777,20.555,-4.6E-02));
#18875 = DIRECTION('',(-0.,0.,-1.));
#18876 = DIRECTION('',(1.043810576684E-15,-1.,-0.));
#18877 = ADVANCED_FACE('',(#18878),#18889,.F.);
#18878 = FACE_BOUND('',#18879,.T.);
#18879 = EDGE_LOOP('',(#18880,#18881,#18887,#18888));
#18880 = ORIENTED_EDGE('',*,*,#14715,.T.);
#18881 = ORIENTED_EDGE('',*,*,#18882,.T.);
#18882 = EDGE_CURVE('',#14716,#16402,#18883,.T.);
#18883 = LINE('',#18884,#18885);
#18884 = CARTESIAN_POINT('',(11.346777,18.5611,-4.6E-02));
#18885 = VECTOR('',#18886,1.);
#18886 = DIRECTION('',(0.,0.,1.));
#18887 = ORIENTED_EDGE('',*,*,#16401,.F.);
#18888 = ORIENTED_EDGE('',*,*,#18882,.F.);
#18889 = CYLINDRICAL_SURFACE('',#18890,1.9939);
#18890 = AXIS2_PLACEMENT_3D('',#18891,#18892,#18893);
#18891 = CARTESIAN_POINT('',(11.346777,20.555,-4.6E-02));
#18892 = DIRECTION('',(-0.,-0.,-1.));
#18893 = DIRECTION('',(-0.,-1.,0.));
#18894 = ADVANCED_FACE('',(#18895),#18906,.F.);
#18895 = FACE_BOUND('',#18896,.T.);
#18896 = EDGE_LOOP('',(#18897,#18898,#18904,#18905));
#18897 = ORIENTED_EDGE('',*,*,#14726,.T.);
#18898 = ORIENTED_EDGE('',*,*,#18899,.T.);
#18899 = EDGE_CURVE('',#14727,#16413,#18900,.T.);
#18900 = LINE('',#18901,#18902);
#18901 = CARTESIAN_POINT('',(8.806777,24.135,-4.6E-02));
#18902 = VECTOR('',#18903,1.);
#18903 = DIRECTION('',(0.,0.,1.));
#18904 = ORIENTED_EDGE('',*,*,#16412,.F.);
#18905 = ORIENTED_EDGE('',*,*,#18899,.F.);
#18906 = CYLINDRICAL_SURFACE('',#18907,1.5);
#18907 = AXIS2_PLACEMENT_3D('',#18908,#18909,#18910);
#18908 = CARTESIAN_POINT('',(8.806777,25.635,-4.6E-02));
#18909 = DIRECTION('',(-0.,-0.,-1.));
#18910 = DIRECTION('',(-0.,-1.,0.));
#18911 = ADVANCED_FACE('',(#18912),#18923,.F.);
#18912 = FACE_BOUND('',#18913,.T.);
#18913 = EDGE_LOOP('',(#18914,#18915,#18921,#18922));
#18914 = ORIENTED_EDGE('',*,*,#14737,.T.);
#18915 = ORIENTED_EDGE('',*,*,#18916,.T.);
#18916 = EDGE_CURVE('',#14738,#16424,#18917,.T.);
#18917 = LINE('',#18918,#18919);
#18918 = CARTESIAN_POINT('',(16.426777,19.7041,-4.6E-02));
#18919 = VECTOR('',#18920,1.);
#18920 = DIRECTION('',(0.,0.,1.));
#18921 = ORIENTED_EDGE('',*,*,#16423,.F.);
#18922 = ORIENTED_EDGE('',*,*,#18916,.F.);
#18923 = CYLINDRICAL_SURFACE('',#18924,0.8509);
#18924 = AXIS2_PLACEMENT_3D('',#18925,#18926,#18927);
#18925 = CARTESIAN_POINT('',(16.426777,20.555,-4.6E-02));
#18926 = DIRECTION('',(-0.,-0.,-1.));
#18927 = DIRECTION('',(-0.,-1.,0.));
#18928 = ADVANCED_FACE('',(#18929),#18940,.F.);
#18929 = FACE_BOUND('',#18930,.T.);
#18930 = EDGE_LOOP('',(#18931,#18932,#18938,#18939));
#18931 = ORIENTED_EDGE('',*,*,#14748,.T.);
#18932 = ORIENTED_EDGE('',*,*,#18933,.T.);
#18933 = EDGE_CURVE('',#14749,#16435,#18934,.T.);
#18934 = LINE('',#18935,#18936);
#18935 = CARTESIAN_POINT('',(15.156777,21.595,-4.6E-02));
#18936 = VECTOR('',#18937,1.);
#18937 = DIRECTION('',(0.,0.,1.));
#18938 = ORIENTED_EDGE('',*,*,#16434,.F.);
#18939 = ORIENTED_EDGE('',*,*,#18933,.F.);
#18940 = CYLINDRICAL_SURFACE('',#18941,1.5);
#18941 = AXIS2_PLACEMENT_3D('',#18942,#18943,#18944);
#18942 = CARTESIAN_POINT('',(15.156777,23.095,-4.6E-02));
#18943 = DIRECTION('',(-0.,-0.,-1.));
#18944 = DIRECTION('',(-1.184237892934E-15,-1.,0.));
#18945 = ADVANCED_FACE('',(#18946),#18957,.F.);
#18946 = FACE_BOUND('',#18947,.T.);
#18947 = EDGE_LOOP('',(#18948,#18949,#18955,#18956));
#18948 = ORIENTED_EDGE('',*,*,#14759,.T.);
#18949 = ORIENTED_EDGE('',*,*,#18950,.T.);
#18950 = EDGE_CURVE('',#14760,#16446,#18951,.T.);
#18951 = LINE('',#18952,#18953);
#18952 = CARTESIAN_POINT('',(28.496777,4.445,-4.6E-02));
#18953 = VECTOR('',#18954,1.);
#18954 = DIRECTION('',(0.,0.,1.));
#18955 = ORIENTED_EDGE('',*,*,#16445,.F.);
#18956 = ORIENTED_EDGE('',*,*,#18950,.F.);
#18957 = CYLINDRICAL_SURFACE('',#18958,1.5);
#18958 = AXIS2_PLACEMENT_3D('',#18959,#18960,#18961);
#18959 = CARTESIAN_POINT('',(28.496777,5.945,-4.6E-02));
#18960 = DIRECTION('',(-0.,-0.,-1.));
#18961 = DIRECTION('',(-0.,-1.,0.));
#18962 = ADVANCED_FACE('',(#18963),#18974,.F.);
#18963 = FACE_BOUND('',#18964,.T.);
#18964 = EDGE_LOOP('',(#18965,#18966,#18972,#18973));
#18965 = ORIENTED_EDGE('',*,*,#14770,.T.);
#18966 = ORIENTED_EDGE('',*,*,#18967,.T.);
#18967 = EDGE_CURVE('',#14771,#16457,#18968,.T.);
#18968 = LINE('',#18969,#18970);
#18969 = CARTESIAN_POINT('',(34.846777,1.905,-4.6E-02));
#18970 = VECTOR('',#18971,1.);
#18971 = DIRECTION('',(0.,0.,1.));
#18972 = ORIENTED_EDGE('',*,*,#16456,.F.);
#18973 = ORIENTED_EDGE('',*,*,#18967,.F.);
#18974 = CYLINDRICAL_SURFACE('',#18975,1.5);
#18975 = AXIS2_PLACEMENT_3D('',#18976,#18977,#18978);
#18976 = CARTESIAN_POINT('',(34.846777,3.405,-4.6E-02));
#18977 = DIRECTION('',(-0.,-0.,-1.));
#18978 = DIRECTION('',(-0.,-1.,0.));
#18979 = ADVANCED_FACE('',(#18980),#18991,.F.);
#18980 = FACE_BOUND('',#18981,.T.);
#18981 = EDGE_LOOP('',(#18982,#18983,#18989,#18990));
#18982 = ORIENTED_EDGE('',*,*,#14781,.T.);
#18983 = ORIENTED_EDGE('',*,*,#18984,.T.);
#18984 = EDGE_CURVE('',#14782,#16468,#18985,.T.);
#18985 = LINE('',#18986,#18987);
#18986 = CARTESIAN_POINT('',(30.731777,10.345,-4.6E-02));
#18987 = VECTOR('',#18988,1.);
#18988 = DIRECTION('',(0.,0.,1.));
#18989 = ORIENTED_EDGE('',*,*,#16467,.F.);
#18990 = ORIENTED_EDGE('',*,*,#18984,.F.);
#18991 = CYLINDRICAL_SURFACE('',#18992,0.4);
#18992 = AXIS2_PLACEMENT_3D('',#18993,#18994,#18995);
#18993 = CARTESIAN_POINT('',(30.731777,10.745,-4.6E-02));
#18994 = DIRECTION('',(-0.,-0.,-1.));
#18995 = DIRECTION('',(-0.,-1.,0.));
#18996 = ADVANCED_FACE('',(#18997),#19008,.F.);
#18997 = FACE_BOUND('',#18998,.T.);
#18998 = EDGE_LOOP('',(#18999,#19000,#19006,#19007));
#18999 = ORIENTED_EDGE('',*,*,#14792,.T.);
#19000 = ORIENTED_EDGE('',*,*,#19001,.T.);
#19001 = EDGE_CURVE('',#14793,#16479,#19002,.T.);
#19002 = LINE('',#19003,#19004);
#19003 = CARTESIAN_POINT('',(25.956777,19.7041,-4.6E-02));
#19004 = VECTOR('',#19005,1.);
#19005 = DIRECTION('',(0.,0.,1.));
#19006 = ORIENTED_EDGE('',*,*,#16478,.F.);
#19007 = ORIENTED_EDGE('',*,*,#19001,.F.);
#19008 = CYLINDRICAL_SURFACE('',#19009,0.8509);
#19009 = AXIS2_PLACEMENT_3D('',#19010,#19011,#19012);
#19010 = CARTESIAN_POINT('',(25.956777,20.555,-4.6E-02));
#19011 = DIRECTION('',(-0.,-0.,-1.));
#19012 = DIRECTION('',(-4.175242306735E-15,-1.,0.));
#19013 = ADVANCED_FACE('',(#19014),#19025,.F.);
#19014 = FACE_BOUND('',#19015,.T.);
#19015 = EDGE_LOOP('',(#19016,#19017,#19023,#19024));
#19016 = ORIENTED_EDGE('',*,*,#14803,.T.);
#19017 = ORIENTED_EDGE('',*,*,#19018,.T.);
#19018 = EDGE_CURVE('',#14804,#16490,#19019,.T.);
#19019 = LINE('',#19020,#19021);
#19020 = CARTESIAN_POINT('',(31.036777,18.5611,-4.6E-02));
#19021 = VECTOR('',#19022,1.);
#19022 = DIRECTION('',(0.,0.,1.));
#19023 = ORIENTED_EDGE('',*,*,#16489,.F.);
#19024 = ORIENTED_EDGE('',*,*,#19018,.F.);
#19025 = CYLINDRICAL_SURFACE('',#19026,1.9939);
#19026 = AXIS2_PLACEMENT_3D('',#19027,#19028,#19029);
#19027 = CARTESIAN_POINT('',(31.036777,20.555,-4.6E-02));
#19028 = DIRECTION('',(-0.,-0.,-1.));
#19029 = DIRECTION('',(-0.,-1.,0.));
#19030 = ADVANCED_FACE('',(#19031),#19042,.F.);
#19031 = FACE_BOUND('',#19032,.T.);
#19032 = EDGE_LOOP('',(#19033,#19034,#19040,#19041));
#19033 = ORIENTED_EDGE('',*,*,#14814,.T.);
#19034 = ORIENTED_EDGE('',*,*,#19035,.T.);
#19035 = EDGE_CURVE('',#14815,#16501,#19036,.T.);
#19036 = LINE('',#19037,#19038);
#19037 = CARTESIAN_POINT('',(28.496777,24.135,-4.6E-02));
#19038 = VECTOR('',#19039,1.);
#19039 = DIRECTION('',(0.,0.,1.));
#19040 = ORIENTED_EDGE('',*,*,#16500,.F.);
#19041 = ORIENTED_EDGE('',*,*,#19035,.F.);
#19042 = CYLINDRICAL_SURFACE('',#19043,1.5);
#19043 = AXIS2_PLACEMENT_3D('',#19044,#19045,#19046);
#19044 = CARTESIAN_POINT('',(28.496777,25.635,-4.6E-02));
#19045 = DIRECTION('',(-0.,-0.,-1.));
#19046 = DIRECTION('',(-0.,-1.,0.));
#19047 = ADVANCED_FACE('',(#19048),#19059,.F.);
#19048 = FACE_BOUND('',#19049,.T.);
#19049 = EDGE_LOOP('',(#19050,#19051,#19057,#19058));
#19050 = ORIENTED_EDGE('',*,*,#14825,.T.);
#19051 = ORIENTED_EDGE('',*,*,#19052,.T.);
#19052 = EDGE_CURVE('',#14826,#16512,#19053,.T.);
#19053 = LINE('',#19054,#19055);
#19054 = CARTESIAN_POINT('',(34.846777,21.595,-4.6E-02));
#19055 = VECTOR('',#19056,1.);
#19056 = DIRECTION('',(0.,0.,1.));
#19057 = ORIENTED_EDGE('',*,*,#16511,.F.);
#19058 = ORIENTED_EDGE('',*,*,#19052,.F.);
#19059 = CYLINDRICAL_SURFACE('',#19060,1.5);
#19060 = AXIS2_PLACEMENT_3D('',#19061,#19062,#19063);
#19061 = CARTESIAN_POINT('',(34.846777,23.095,-4.6E-02));
#19062 = DIRECTION('',(-0.,-0.,-1.));
#19063 = DIRECTION('',(-0.,-1.,0.));
#19064 = ADVANCED_FACE('',(#19065),#19076,.F.);
#19065 = FACE_BOUND('',#19066,.T.);
#19066 = EDGE_LOOP('',(#19067,#19068,#19074,#19075));
#19067 = ORIENTED_EDGE('',*,*,#14836,.T.);
#19068 = ORIENTED_EDGE('',*,*,#19069,.T.);
#19069 = EDGE_CURVE('',#14837,#16523,#19070,.T.);
#19070 = LINE('',#19071,#19072);
#19071 = CARTESIAN_POINT('',(36.116777,19.7041,-4.6E-02));
#19072 = VECTOR('',#19073,1.);
#19073 = DIRECTION('',(0.,0.,1.));
#19074 = ORIENTED_EDGE('',*,*,#16522,.F.);
#19075 = ORIENTED_EDGE('',*,*,#19069,.F.);
#19076 = CYLINDRICAL_SURFACE('',#19077,0.8509);
#19077 = AXIS2_PLACEMENT_3D('',#19078,#19079,#19080);
#19078 = CARTESIAN_POINT('',(36.116777,20.555,-4.6E-02));
#19079 = DIRECTION('',(-0.,-0.,-1.));
#19080 = DIRECTION('',(-0.,-1.,0.));
#19081 = ADVANCED_FACE('',(#19082),#19093,.F.);
#19082 = FACE_BOUND('',#19083,.T.);
#19083 = EDGE_LOOP('',(#19084,#19085,#19091,#19092));
#19084 = ORIENTED_EDGE('',*,*,#14847,.T.);
#19085 = ORIENTED_EDGE('',*,*,#19086,.T.);
#19086 = EDGE_CURVE('',#14848,#16534,#19087,.T.);
#19087 = LINE('',#19088,#19089);
#19088 = CARTESIAN_POINT('',(35.041777,34.575,-4.6E-02));
#19089 = VECTOR('',#19090,1.);
#19090 = DIRECTION('',(0.,0.,1.));
#19091 = ORIENTED_EDGE('',*,*,#16533,.F.);
#19092 = ORIENTED_EDGE('',*,*,#19086,.F.);
#19093 = CYLINDRICAL_SURFACE('',#19094,0.5);
#19094 = AXIS2_PLACEMENT_3D('',#19095,#19096,#19097);
#19095 = CARTESIAN_POINT('',(35.041777,35.075,-4.6E-02));
#19096 = DIRECTION('',(-0.,-0.,-1.));
#19097 = DIRECTION('',(-0.,-1.,0.));
#19098 = ADVANCED_FACE('',(#19099),#19110,.F.);
#19099 = FACE_BOUND('',#19100,.T.);
#19100 = EDGE_LOOP('',(#19101,#19102,#19108,#19109));
#19101 = ORIENTED_EDGE('',*,*,#14858,.T.);
#19102 = ORIENTED_EDGE('',*,*,#19103,.T.);
#19103 = EDGE_CURVE('',#14859,#16545,#19104,.T.);
#19104 = LINE('',#19105,#19106);
#19105 = CARTESIAN_POINT('',(37.581777,34.575,-4.6E-02));
#19106 = VECTOR('',#19107,1.);
#19107 = DIRECTION('',(0.,0.,1.));
#19108 = ORIENTED_EDGE('',*,*,#16544,.F.);
#19109 = ORIENTED_EDGE('',*,*,#19103,.F.);
#19110 = CYLINDRICAL_SURFACE('',#19111,0.5);
#19111 = AXIS2_PLACEMENT_3D('',#19112,#19113,#19114);
#19112 = CARTESIAN_POINT('',(37.581777,35.075,-4.6E-02));
#19113 = DIRECTION('',(-0.,-0.,-1.));
#19114 = DIRECTION('',(-0.,-1.,0.));
#19115 = ADVANCED_FACE('',(#19116),#19127,.F.);
#19116 = FACE_BOUND('',#19117,.T.);
#19117 = EDGE_LOOP('',(#19118,#19119,#19125,#19126));
#19118 = ORIENTED_EDGE('',*,*,#14869,.T.);
#19119 = ORIENTED_EDGE('',*,*,#19120,.T.);
#19120 = EDGE_CURVE('',#14870,#16556,#19121,.T.);
#19121 = LINE('',#19122,#19123);
#19122 = CARTESIAN_POINT('',(40.121777,34.575,-4.6E-02));
#19123 = VECTOR('',#19124,1.);
#19124 = DIRECTION('',(0.,0.,1.));
#19125 = ORIENTED_EDGE('',*,*,#16555,.F.);
#19126 = ORIENTED_EDGE('',*,*,#19120,.F.);
#19127 = CYLINDRICAL_SURFACE('',#19128,0.5);
#19128 = AXIS2_PLACEMENT_3D('',#19129,#19130,#19131);
#19129 = CARTESIAN_POINT('',(40.121777,35.075,-4.6E-02));
#19130 = DIRECTION('',(-0.,-0.,-1.));
#19131 = DIRECTION('',(-0.,-1.,0.));
#19132 = ADVANCED_FACE('',(#19133),#19144,.F.);
#19133 = FACE_BOUND('',#19134,.T.);
#19134 = EDGE_LOOP('',(#19135,#19136,#19142,#19143));
#19135 = ORIENTED_EDGE('',*,*,#14880,.T.);
#19136 = ORIENTED_EDGE('',*,*,#19137,.T.);
#19137 = EDGE_CURVE('',#14881,#16567,#19138,.T.);
#19138 = LINE('',#19139,#19140);
#19139 = CARTESIAN_POINT('',(42.661777,34.575,-4.6E-02));
#19140 = VECTOR('',#19141,1.);
#19141 = DIRECTION('',(0.,0.,1.));
#19142 = ORIENTED_EDGE('',*,*,#16566,.F.);
#19143 = ORIENTED_EDGE('',*,*,#19137,.F.);
#19144 = CYLINDRICAL_SURFACE('',#19145,0.5);
#19145 = AXIS2_PLACEMENT_3D('',#19146,#19147,#19148);
#19146 = CARTESIAN_POINT('',(42.661777,35.075,-4.6E-02));
#19147 = DIRECTION('',(-0.,-0.,-1.));
#19148 = DIRECTION('',(-0.,-1.,0.));
#19149 = ADVANCED_FACE('',(#19150),#19161,.F.);
#19150 = FACE_BOUND('',#19151,.T.);
#19151 = EDGE_LOOP('',(#19152,#19153,#19159,#19160));
#19152 = ORIENTED_EDGE('',*,*,#14891,.T.);
#19153 = ORIENTED_EDGE('',*,*,#19154,.T.);
#19154 = EDGE_CURVE('',#14892,#16578,#19155,.T.);
#19155 = LINE('',#19156,#19157);
#19156 = CARTESIAN_POINT('',(45.201777,34.575,-4.6E-02));
#19157 = VECTOR('',#19158,1.);
#19158 = DIRECTION('',(0.,0.,1.));
#19159 = ORIENTED_EDGE('',*,*,#16577,.F.);
#19160 = ORIENTED_EDGE('',*,*,#19154,.F.);
#19161 = CYLINDRICAL_SURFACE('',#19162,0.5);
#19162 = AXIS2_PLACEMENT_3D('',#19163,#19164,#19165);
#19163 = CARTESIAN_POINT('',(45.201777,35.075,-4.6E-02));
#19164 = DIRECTION('',(-0.,-0.,-1.));
#19165 = DIRECTION('',(-0.,-1.,0.));
#19166 = ADVANCED_FACE('',(#19167),#19178,.F.);
#19167 = FACE_BOUND('',#19168,.T.);
#19168 = EDGE_LOOP('',(#19169,#19170,#19176,#19177));
#19169 = ORIENTED_EDGE('',*,*,#14902,.T.);
#19170 = ORIENTED_EDGE('',*,*,#19171,.T.);
#19171 = EDGE_CURVE('',#14903,#16589,#19172,.T.);
#19172 = LINE('',#19173,#19174);
#19173 = CARTESIAN_POINT('',(47.741777,34.575,-4.6E-02));
#19174 = VECTOR('',#19175,1.);
#19175 = DIRECTION('',(0.,0.,1.));
#19176 = ORIENTED_EDGE('',*,*,#16588,.F.);
#19177 = ORIENTED_EDGE('',*,*,#19171,.F.);
#19178 = CYLINDRICAL_SURFACE('',#19179,0.5);
#19179 = AXIS2_PLACEMENT_3D('',#19180,#19181,#19182);
#19180 = CARTESIAN_POINT('',(47.741777,35.075,-4.6E-02));
#19181 = DIRECTION('',(-0.,-0.,-1.));
#19182 = DIRECTION('',(-0.,-1.,0.));
#19183 = ADVANCED_FACE('',(#19184),#19195,.F.);
#19184 = FACE_BOUND('',#19185,.T.);
#19185 = EDGE_LOOP('',(#19186,#19187,#19193,#19194));
#19186 = ORIENTED_EDGE('',*,*,#14913,.T.);
#19187 = ORIENTED_EDGE('',*,*,#19188,.T.);
#19188 = EDGE_CURVE('',#14914,#16600,#19189,.T.);
#19189 = LINE('',#19190,#19191);
#19190 = CARTESIAN_POINT('',(50.281777,34.575,-4.6E-02));
#19191 = VECTOR('',#19192,1.);
#19192 = DIRECTION('',(0.,0.,1.));
#19193 = ORIENTED_EDGE('',*,*,#16599,.F.);
#19194 = ORIENTED_EDGE('',*,*,#19188,.F.);
#19195 = CYLINDRICAL_SURFACE('',#19196,0.5);
#19196 = AXIS2_PLACEMENT_3D('',#19197,#19198,#19199);
#19197 = CARTESIAN_POINT('',(50.281777,35.075,-4.6E-02));
#19198 = DIRECTION('',(-0.,-0.,-1.));
#19199 = DIRECTION('',(-0.,-1.,0.));
#19200 = ADVANCED_FACE('',(#19201),#19212,.F.);
#19201 = FACE_BOUND('',#19202,.T.);
#19202 = EDGE_LOOP('',(#19203,#19204,#19210,#19211));
#19203 = ORIENTED_EDGE('',*,*,#14924,.T.);
#19204 = ORIENTED_EDGE('',*,*,#19205,.T.);
#19205 = EDGE_CURVE('',#14925,#16611,#19206,.T.);
#19206 = LINE('',#19207,#19208);
#19207 = CARTESIAN_POINT('',(35.041777,49.825,-4.6E-02));
#19208 = VECTOR('',#19209,1.);
#19209 = DIRECTION('',(0.,0.,1.));
#19210 = ORIENTED_EDGE('',*,*,#16610,.F.);
#19211 = ORIENTED_EDGE('',*,*,#19205,.F.);
#19212 = CYLINDRICAL_SURFACE('',#19213,0.5);
#19213 = AXIS2_PLACEMENT_3D('',#19214,#19215,#19216);
#19214 = CARTESIAN_POINT('',(35.041777,50.325,-4.6E-02));
#19215 = DIRECTION('',(-0.,-0.,-1.));
#19216 = DIRECTION('',(-0.,-1.,0.));
#19217 = ADVANCED_FACE('',(#19218),#19229,.F.);
#19218 = FACE_BOUND('',#19219,.T.);
#19219 = EDGE_LOOP('',(#19220,#19221,#19227,#19228));
#19220 = ORIENTED_EDGE('',*,*,#14935,.T.);
#19221 = ORIENTED_EDGE('',*,*,#19222,.T.);
#19222 = EDGE_CURVE('',#14936,#16622,#19223,.T.);
#19223 = LINE('',#19224,#19225);
#19224 = CARTESIAN_POINT('',(37.581777,49.825,-4.6E-02));
#19225 = VECTOR('',#19226,1.);
#19226 = DIRECTION('',(0.,0.,1.));
#19227 = ORIENTED_EDGE('',*,*,#16621,.F.);
#19228 = ORIENTED_EDGE('',*,*,#19222,.F.);
#19229 = CYLINDRICAL_SURFACE('',#19230,0.5);
#19230 = AXIS2_PLACEMENT_3D('',#19231,#19232,#19233);
#19231 = CARTESIAN_POINT('',(37.581777,50.325,-4.6E-02));
#19232 = DIRECTION('',(-0.,-0.,-1.));
#19233 = DIRECTION('',(-0.,-1.,0.));
#19234 = ADVANCED_FACE('',(#19235),#19246,.F.);
#19235 = FACE_BOUND('',#19236,.T.);
#19236 = EDGE_LOOP('',(#19237,#19238,#19244,#19245));
#19237 = ORIENTED_EDGE('',*,*,#14946,.T.);
#19238 = ORIENTED_EDGE('',*,*,#19239,.T.);
#19239 = EDGE_CURVE('',#14947,#16633,#19240,.T.);
#19240 = LINE('',#19241,#19242);
#19241 = CARTESIAN_POINT('',(40.121777,49.825,-4.6E-02));
#19242 = VECTOR('',#19243,1.);
#19243 = DIRECTION('',(0.,0.,1.));
#19244 = ORIENTED_EDGE('',*,*,#16632,.F.);
#19245 = ORIENTED_EDGE('',*,*,#19239,.F.);
#19246 = CYLINDRICAL_SURFACE('',#19247,0.5);
#19247 = AXIS2_PLACEMENT_3D('',#19248,#19249,#19250);
#19248 = CARTESIAN_POINT('',(40.121777,50.325,-4.6E-02));
#19249 = DIRECTION('',(-0.,-0.,-1.));
#19250 = DIRECTION('',(-0.,-1.,0.));
#19251 = ADVANCED_FACE('',(#19252),#19263,.F.);
#19252 = FACE_BOUND('',#19253,.T.);
#19253 = EDGE_LOOP('',(#19254,#19255,#19261,#19262));
#19254 = ORIENTED_EDGE('',*,*,#14957,.T.);
#19255 = ORIENTED_EDGE('',*,*,#19256,.T.);
#19256 = EDGE_CURVE('',#14958,#16644,#19257,.T.);
#19257 = LINE('',#19258,#19259);
#19258 = CARTESIAN_POINT('',(42.661777,49.825,-4.6E-02));
#19259 = VECTOR('',#19260,1.);
#19260 = DIRECTION('',(0.,0.,1.));
#19261 = ORIENTED_EDGE('',*,*,#16643,.F.);
#19262 = ORIENTED_EDGE('',*,*,#19256,.F.);
#19263 = CYLINDRICAL_SURFACE('',#19264,0.5);
#19264 = AXIS2_PLACEMENT_3D('',#19265,#19266,#19267);
#19265 = CARTESIAN_POINT('',(42.661777,50.325,-4.6E-02));
#19266 = DIRECTION('',(-0.,-0.,-1.));
#19267 = DIRECTION('',(-0.,-1.,0.));
#19268 = ADVANCED_FACE('',(#19269),#19280,.F.);
#19269 = FACE_BOUND('',#19270,.T.);
#19270 = EDGE_LOOP('',(#19271,#19272,#19278,#19279));
#19271 = ORIENTED_EDGE('',*,*,#14968,.T.);
#19272 = ORIENTED_EDGE('',*,*,#19273,.T.);
#19273 = EDGE_CURVE('',#14969,#16655,#19274,.T.);
#19274 = LINE('',#19275,#19276);
#19275 = CARTESIAN_POINT('',(45.201777,49.825,-4.6E-02));
#19276 = VECTOR('',#19277,1.);
#19277 = DIRECTION('',(0.,0.,1.));
#19278 = ORIENTED_EDGE('',*,*,#16654,.F.);
#19279 = ORIENTED_EDGE('',*,*,#19273,.F.);
#19280 = CYLINDRICAL_SURFACE('',#19281,0.5);
#19281 = AXIS2_PLACEMENT_3D('',#19282,#19283,#19284);
#19282 = CARTESIAN_POINT('',(45.201777,50.325,-4.6E-02));
#19283 = DIRECTION('',(-0.,-0.,-1.));
#19284 = DIRECTION('',(-0.,-1.,0.));
#19285 = ADVANCED_FACE('',(#19286),#19297,.F.);
#19286 = FACE_BOUND('',#19287,.T.);
#19287 = EDGE_LOOP('',(#19288,#19289,#19295,#19296));
#19288 = ORIENTED_EDGE('',*,*,#14979,.T.);
#19289 = ORIENTED_EDGE('',*,*,#19290,.T.);
#19290 = EDGE_CURVE('',#14980,#16666,#19291,.T.);
#19291 = LINE('',#19292,#19293);
#19292 = CARTESIAN_POINT('',(47.741777,49.825,-4.6E-02));
#19293 = VECTOR('',#19294,1.);
#19294 = DIRECTION('',(0.,0.,1.));
#19295 = ORIENTED_EDGE('',*,*,#16665,.F.);
#19296 = ORIENTED_EDGE('',*,*,#19290,.F.);
#19297 = CYLINDRICAL_SURFACE('',#19298,0.5);
#19298 = AXIS2_PLACEMENT_3D('',#19299,#19300,#19301);
#19299 = CARTESIAN_POINT('',(47.741777,50.325,-4.6E-02));
#19300 = DIRECTION('',(-0.,-0.,-1.));
#19301 = DIRECTION('',(-0.,-1.,0.));
#19302 = ADVANCED_FACE('',(#19303),#19314,.F.);
#19303 = FACE_BOUND('',#19304,.T.);
#19304 = EDGE_LOOP('',(#19305,#19306,#19312,#19313));
#19305 = ORIENTED_EDGE('',*,*,#14990,.T.);
#19306 = ORIENTED_EDGE('',*,*,#19307,.T.);
#19307 = EDGE_CURVE('',#14991,#16677,#19308,.T.);
#19308 = LINE('',#19309,#19310);
#19309 = CARTESIAN_POINT('',(50.281777,49.825,-4.6E-02));
#19310 = VECTOR('',#19311,1.);
#19311 = DIRECTION('',(0.,0.,1.));
#19312 = ORIENTED_EDGE('',*,*,#16676,.F.);
#19313 = ORIENTED_EDGE('',*,*,#19307,.F.);
#19314 = CYLINDRICAL_SURFACE('',#19315,0.5);
#19315 = AXIS2_PLACEMENT_3D('',#19316,#19317,#19318);
#19316 = CARTESIAN_POINT('',(50.281777,50.325,-4.6E-02));
#19317 = DIRECTION('',(-0.,-0.,-1.));
#19318 = DIRECTION('',(-0.,-1.,0.));
#19319 = ( GEOMETRIC_REPRESENTATION_CONTEXT(3) 
GLOBAL_UNCERTAINTY_ASSIGNED_CONTEXT((#19323)) 
GLOBAL_UNIT_ASSIGNED_CONTEXT((#19320,#19321,#19322)) 
REPRESENTATION_CONTEXT('Context #1',
  '3D Context with UNIT and UNCERTAINTY') );
#19320 = ( LENGTH_UNIT() NAMED_UNIT(*) SI_UNIT(.MILLI.,.METRE.) );
#19321 = ( NAMED_UNIT(*) PLANE_ANGLE_UNIT() SI_UNIT($,.RADIAN.) );
#19322 = ( NAMED_UNIT(*) SI_UNIT($,.STERADIAN.) SOLID_ANGLE_UNIT() );
#19323 = UNCERTAINTY_MEASURE_WITH_UNIT(LENGTH_MEASURE(1.E-07),#19320,
  'distance_accuracy_value','confusion accuracy');
#19324 = CONTEXT_DEPENDENT_SHAPE_REPRESENTATION(#19325,#19327);
#19325 = ( REPRESENTATION_RELATIONSHIP('','',#13210,#10) 
REPRESENTATION_RELATIONSHIP_WITH_TRANSFORMATION(#19326) 
SHAPE_REPRESENTATION_RELATIONSHIP() );
#19326 = ITEM_DEFINED_TRANSFORMATION('','',#11,#159);
#19327 = PRODUCT_DEFINITION_SHAPE('Placement','Placement of an item',
  #19328);
#19328 = NEXT_ASSEMBLY_USAGE_OCCURRENCE('41','=>[0:1:1:10]','',#5,#13205
  ,$);
#19329 = PRODUCT_RELATED_PRODUCT_CATEGORY('part',$,(#13207));
#19330 = REPRESENTATION('material name',(#19331),#7670);
#19331 = DESCRIPTIVE_REPRESENTATION_ITEM('Aluminum 6061','Aluminum 6061'
  );
#19332 = DERIVED_UNIT((#19333,#19335));
#19333 = DERIVED_UNIT_ELEMENT(#19334,3.);
#19334 = ( MASS_UNIT() NAMED_UNIT(*) SI_UNIT($,.GRAM.) );
#19335 = DERIVED_UNIT_ELEMENT(#19336,2.);
#19336 = ( LENGTH_UNIT() NAMED_UNIT(*) SI_UNIT(.CENTI.,.METRE.) );
#19337 = REPRESENTATION('density',(#19338),#7670);
#19338 = MEASURE_REPRESENTATION_ITEM('density measure',
  POSITIVE_RATIO_MEASURE(2.7E-03),#19332);
#19339 = PROPERTY_DEFINITION('material property','material name',#194);
#19340 = PROPERTY_DEFINITION_REPRESENTATION(#19339,#19330);
#19341 = PROPERTY_DEFINITION('material property','density',#194);
#19342 = PROPERTY_DEFINITION_REPRESENTATION(#19341,#19337);
#19343 = MECHANICAL_DESIGN_GEOMETRIC_PRESENTATION_REPRESENTATION('',(
    #19344,#19352,#19359,#19366,#19373,#19380,#19387,#19394,#19401,
    #19408,#19415,#19422,#19429,#19436,#19443,#19450,#19457,#19464,
    #19471,#19478,#19485,#19492,#19499,#19506,#19513,#19520,#19527,
    #19534,#19541,#19549,#19556,#19563,#19570,#19577,#19584,#19591,
    #19598,#19605,#19612,#19619,#19626,#19633,#19640,#19647,#19654,
    #19661,#19668,#19675,#19682,#19689,#19696,#19703,#19710,#19717,
    #19724,#19731,#19738,#19745,#19752,#19759,#19766,#19773,#19780,
    #19787,#19794,#19801,#19808,#19815,#19822,#19829,#19836,#19843,
    #19850,#19857,#19864,#19871,#19878,#19885,#19892,#19899,#19906,
    #19913,#19920,#19927,#19934,#19941,#19948,#19955,#19962,#19969,
    #19976,#19983,#19990,#19997,#20004,#20011,#20018,#20025,#20032,
    #20039),#10492);
#19344 = STYLED_ITEM('color',(#19345),#7714);
#19345 = PRESENTATION_STYLE_ASSIGNMENT((#19346));
#19346 = SURFACE_STYLE_USAGE(.BOTH.,#19347);
#19347 = SURFACE_SIDE_STYLE('',(#19348));
#19348 = SURFACE_STYLE_FILL_AREA(#19349);
#19349 = FILL_AREA_STYLE('',(#19350));
#19350 = FILL_AREA_STYLE_COLOUR('',#19351);
#19351 = COLOUR_RGB('',0.147999998088,0.144999993226,0.144999993226);
#19352 = STYLED_ITEM('color',(#19353),#7754);
#19353 = PRESENTATION_STYLE_ASSIGNMENT((#19354));
#19354 = SURFACE_STYLE_USAGE(.BOTH.,#19355);
#19355 = SURFACE_SIDE_STYLE('',(#19356));
#19356 = SURFACE_STYLE_FILL_AREA(#19357);
#19357 = FILL_AREA_STYLE('',(#19358));
#19358 = FILL_AREA_STYLE_COLOUR('',#19351);
#19359 = STYLED_ITEM('color',(#19360),#7785);
#19360 = PRESENTATION_STYLE_ASSIGNMENT((#19361));
#19361 = SURFACE_STYLE_USAGE(.BOTH.,#19362);
#19362 = SURFACE_SIDE_STYLE('',(#19363));
#19363 = SURFACE_STYLE_FILL_AREA(#19364);
#19364 = FILL_AREA_STYLE('',(#19365));
#19365 = FILL_AREA_STYLE_COLOUR('',#19351);
#19366 = STYLED_ITEM('color',(#19367),#7816);
#19367 = PRESENTATION_STYLE_ASSIGNMENT((#19368));
#19368 = SURFACE_STYLE_USAGE(.BOTH.,#19369);
#19369 = SURFACE_SIDE_STYLE('',(#19370));
#19370 = SURFACE_STYLE_FILL_AREA(#19371);
#19371 = FILL_AREA_STYLE('',(#19372));
#19372 = FILL_AREA_STYLE_COLOUR('',#19351);
#19373 = STYLED_ITEM('color',(#19374),#8145);
#19374 = PRESENTATION_STYLE_ASSIGNMENT((#19375));
#19375 = SURFACE_STYLE_USAGE(.BOTH.,#19376);
#19376 = SURFACE_SIDE_STYLE('',(#19377));
#19377 = SURFACE_STYLE_FILL_AREA(#19378);
#19378 = FILL_AREA_STYLE('',(#19379));
#19379 = FILL_AREA_STYLE_COLOUR('',#19351);
#19380 = STYLED_ITEM('color',(#19381),#8474);
#19381 = PRESENTATION_STYLE_ASSIGNMENT((#19382));
#19382 = SURFACE_STYLE_USAGE(.BOTH.,#19383);
#19383 = SURFACE_SIDE_STYLE('',(#19384));
#19384 = SURFACE_STYLE_FILL_AREA(#19385);
#19385 = FILL_AREA_STYLE('',(#19386));
#19386 = FILL_AREA_STYLE_COLOUR('',#19351);
#19387 = STYLED_ITEM('color',(#19388),#8491);
#19388 = PRESENTATION_STYLE_ASSIGNMENT((#19389));
#19389 = SURFACE_STYLE_USAGE(.BOTH.,#19390);
#19390 = SURFACE_SIDE_STYLE('',(#19391));
#19391 = SURFACE_STYLE_FILL_AREA(#19392);
#19392 = FILL_AREA_STYLE('',(#19393));
#19393 = FILL_AREA_STYLE_COLOUR('',#19351);
#19394 = STYLED_ITEM('color',(#19395),#8508);
#19395 = PRESENTATION_STYLE_ASSIGNMENT((#19396));
#19396 = SURFACE_STYLE_USAGE(.BOTH.,#19397);
#19397 = SURFACE_SIDE_STYLE('',(#19398));
#19398 = SURFACE_STYLE_FILL_AREA(#19399);
#19399 = FILL_AREA_STYLE('',(#19400));
#19400 = FILL_AREA_STYLE_COLOUR('',#19351);
#19401 = STYLED_ITEM('color',(#19402),#8525);
#19402 = PRESENTATION_STYLE_ASSIGNMENT((#19403));
#19403 = SURFACE_STYLE_USAGE(.BOTH.,#19404);
#19404 = SURFACE_SIDE_STYLE('',(#19405));
#19405 = SURFACE_STYLE_FILL_AREA(#19406);
#19406 = FILL_AREA_STYLE('',(#19407));
#19407 = FILL_AREA_STYLE_COLOUR('',#19351);
#19408 = STYLED_ITEM('color',(#19409),#8542);
#19409 = PRESENTATION_STYLE_ASSIGNMENT((#19410));
#19410 = SURFACE_STYLE_USAGE(.BOTH.,#19411);
#19411 = SURFACE_SIDE_STYLE('',(#19412));
#19412 = SURFACE_STYLE_FILL_AREA(#19413);
#19413 = FILL_AREA_STYLE('',(#19414));
#19414 = FILL_AREA_STYLE_COLOUR('',#19351);
#19415 = STYLED_ITEM('color',(#19416),#8559);
#19416 = PRESENTATION_STYLE_ASSIGNMENT((#19417));
#19417 = SURFACE_STYLE_USAGE(.BOTH.,#19418);
#19418 = SURFACE_SIDE_STYLE('',(#19419));
#19419 = SURFACE_STYLE_FILL_AREA(#19420);
#19420 = FILL_AREA_STYLE('',(#19421));
#19421 = FILL_AREA_STYLE_COLOUR('',#19351);
#19422 = STYLED_ITEM('color',(#19423),#8576);
#19423 = PRESENTATION_STYLE_ASSIGNMENT((#19424));
#19424 = SURFACE_STYLE_USAGE(.BOTH.,#19425);
#19425 = SURFACE_SIDE_STYLE('',(#19426));
#19426 = SURFACE_STYLE_FILL_AREA(#19427);
#19427 = FILL_AREA_STYLE('',(#19428));
#19428 = FILL_AREA_STYLE_COLOUR('',#19351);
#19429 = STYLED_ITEM('color',(#19430),#8593);
#19430 = PRESENTATION_STYLE_ASSIGNMENT((#19431));
#19431 = SURFACE_STYLE_USAGE(.BOTH.,#19432);
#19432 = SURFACE_SIDE_STYLE('',(#19433));
#19433 = SURFACE_STYLE_FILL_AREA(#19434);
#19434 = FILL_AREA_STYLE('',(#19435));
#19435 = FILL_AREA_STYLE_COLOUR('',#19351);
#19436 = STYLED_ITEM('color',(#19437),#8610);
#19437 = PRESENTATION_STYLE_ASSIGNMENT((#19438));
#19438 = SURFACE_STYLE_USAGE(.BOTH.,#19439);
#19439 = SURFACE_SIDE_STYLE('',(#19440));
#19440 = SURFACE_STYLE_FILL_AREA(#19441);
#19441 = FILL_AREA_STYLE('',(#19442));
#19442 = FILL_AREA_STYLE_COLOUR('',#19351);
#19443 = STYLED_ITEM('color',(#19444),#8627);
#19444 = PRESENTATION_STYLE_ASSIGNMENT((#19445));
#19445 = SURFACE_STYLE_USAGE(.BOTH.,#19446);
#19446 = SURFACE_SIDE_STYLE('',(#19447));
#19447 = SURFACE_STYLE_FILL_AREA(#19448);
#19448 = FILL_AREA_STYLE('',(#19449));
#19449 = FILL_AREA_STYLE_COLOUR('',#19351);
#19450 = STYLED_ITEM('color',(#19451),#8644);
#19451 = PRESENTATION_STYLE_ASSIGNMENT((#19452));
#19452 = SURFACE_STYLE_USAGE(.BOTH.,#19453);
#19453 = SURFACE_SIDE_STYLE('',(#19454));
#19454 = SURFACE_STYLE_FILL_AREA(#19455);
#19455 = FILL_AREA_STYLE('',(#19456));
#19456 = FILL_AREA_STYLE_COLOUR('',#19351);
#19457 = STYLED_ITEM('color',(#19458),#8661);
#19458 = PRESENTATION_STYLE_ASSIGNMENT((#19459));
#19459 = SURFACE_STYLE_USAGE(.BOTH.,#19460);
#19460 = SURFACE_SIDE_STYLE('',(#19461));
#19461 = SURFACE_STYLE_FILL_AREA(#19462);
#19462 = FILL_AREA_STYLE('',(#19463));
#19463 = FILL_AREA_STYLE_COLOUR('',#19351);
#19464 = STYLED_ITEM('color',(#19465),#8678);
#19465 = PRESENTATION_STYLE_ASSIGNMENT((#19466));
#19466 = SURFACE_STYLE_USAGE(.BOTH.,#19467);
#19467 = SURFACE_SIDE_STYLE('',(#19468));
#19468 = SURFACE_STYLE_FILL_AREA(#19469);
#19469 = FILL_AREA_STYLE('',(#19470));
#19470 = FILL_AREA_STYLE_COLOUR('',#19351);
#19471 = STYLED_ITEM('color',(#19472),#8695);
#19472 = PRESENTATION_STYLE_ASSIGNMENT((#19473));
#19473 = SURFACE_STYLE_USAGE(.BOTH.,#19474);
#19474 = SURFACE_SIDE_STYLE('',(#19475));
#19475 = SURFACE_STYLE_FILL_AREA(#19476);
#19476 = FILL_AREA_STYLE('',(#19477));
#19477 = FILL_AREA_STYLE_COLOUR('',#19351);
#19478 = STYLED_ITEM('color',(#19479),#8712);
#19479 = PRESENTATION_STYLE_ASSIGNMENT((#19480));
#19480 = SURFACE_STYLE_USAGE(.BOTH.,#19481);
#19481 = SURFACE_SIDE_STYLE('',(#19482));
#19482 = SURFACE_STYLE_FILL_AREA(#19483);
#19483 = FILL_AREA_STYLE('',(#19484));
#19484 = FILL_AREA_STYLE_COLOUR('',#19351);
#19485 = STYLED_ITEM('color',(#19486),#8729);
#19486 = PRESENTATION_STYLE_ASSIGNMENT((#19487));
#19487 = SURFACE_STYLE_USAGE(.BOTH.,#19488);
#19488 = SURFACE_SIDE_STYLE('',(#19489));
#19489 = SURFACE_STYLE_FILL_AREA(#19490);
#19490 = FILL_AREA_STYLE('',(#19491));
#19491 = FILL_AREA_STYLE_COLOUR('',#19351);
#19492 = STYLED_ITEM('color',(#19493),#8746);
#19493 = PRESENTATION_STYLE_ASSIGNMENT((#19494));
#19494 = SURFACE_STYLE_USAGE(.BOTH.,#19495);
#19495 = SURFACE_SIDE_STYLE('',(#19496));
#19496 = SURFACE_STYLE_FILL_AREA(#19497);
#19497 = FILL_AREA_STYLE('',(#19498));
#19498 = FILL_AREA_STYLE_COLOUR('',#19351);
#19499 = STYLED_ITEM('color',(#19500),#8763);
#19500 = PRESENTATION_STYLE_ASSIGNMENT((#19501));
#19501 = SURFACE_STYLE_USAGE(.BOTH.,#19502);
#19502 = SURFACE_SIDE_STYLE('',(#19503));
#19503 = SURFACE_STYLE_FILL_AREA(#19504);
#19504 = FILL_AREA_STYLE('',(#19505));
#19505 = FILL_AREA_STYLE_COLOUR('',#19351);
#19506 = STYLED_ITEM('color',(#19507),#8780);
#19507 = PRESENTATION_STYLE_ASSIGNMENT((#19508));
#19508 = SURFACE_STYLE_USAGE(.BOTH.,#19509);
#19509 = SURFACE_SIDE_STYLE('',(#19510));
#19510 = SURFACE_STYLE_FILL_AREA(#19511);
#19511 = FILL_AREA_STYLE('',(#19512));
#19512 = FILL_AREA_STYLE_COLOUR('',#19351);
#19513 = STYLED_ITEM('color',(#19514),#8797);
#19514 = PRESENTATION_STYLE_ASSIGNMENT((#19515));
#19515 = SURFACE_STYLE_USAGE(.BOTH.,#19516);
#19516 = SURFACE_SIDE_STYLE('',(#19517));
#19517 = SURFACE_STYLE_FILL_AREA(#19518);
#19518 = FILL_AREA_STYLE('',(#19519));
#19519 = FILL_AREA_STYLE_COLOUR('',#19351);
#19520 = STYLED_ITEM('color',(#19521),#8814);
#19521 = PRESENTATION_STYLE_ASSIGNMENT((#19522));
#19522 = SURFACE_STYLE_USAGE(.BOTH.,#19523);
#19523 = SURFACE_SIDE_STYLE('',(#19524));
#19524 = SURFACE_STYLE_FILL_AREA(#19525);
#19525 = FILL_AREA_STYLE('',(#19526));
#19526 = FILL_AREA_STYLE_COLOUR('',#19351);
#19527 = STYLED_ITEM('color',(#19528),#8831);
#19528 = PRESENTATION_STYLE_ASSIGNMENT((#19529));
#19529 = SURFACE_STYLE_USAGE(.BOTH.,#19530);
#19530 = SURFACE_SIDE_STYLE('',(#19531));
#19531 = SURFACE_STYLE_FILL_AREA(#19532);
#19532 = FILL_AREA_STYLE('',(#19533));
#19533 = FILL_AREA_STYLE_COLOUR('',#19351);
#19534 = STYLED_ITEM('color',(#19535),#8848);
#19535 = PRESENTATION_STYLE_ASSIGNMENT((#19536));
#19536 = SURFACE_STYLE_USAGE(.BOTH.,#19537);
#19537 = SURFACE_SIDE_STYLE('',(#19538));
#19538 = SURFACE_STYLE_FILL_AREA(#19539);
#19539 = FILL_AREA_STYLE('',(#19540));
#19540 = FILL_AREA_STYLE_COLOUR('',#19351);
#19541 = STYLED_ITEM('color',(#19542),#8860);
#19542 = PRESENTATION_STYLE_ASSIGNMENT((#19543));
#19543 = SURFACE_STYLE_USAGE(.BOTH.,#19544);
#19544 = SURFACE_SIDE_STYLE('',(#19545));
#19545 = SURFACE_STYLE_FILL_AREA(#19546);
#19546 = FILL_AREA_STYLE('',(#19547));
#19547 = FILL_AREA_STYLE_COLOUR('',#19548);
#19548 = COLOUR_RGB('',0.859000020776,0.737999965183,0.495999988746);
#19549 = STYLED_ITEM('color',(#19550),#8891);
#19550 = PRESENTATION_STYLE_ASSIGNMENT((#19551));
#19551 = SURFACE_STYLE_USAGE(.BOTH.,#19552);
#19552 = SURFACE_SIDE_STYLE('',(#19553));
#19553 = SURFACE_STYLE_FILL_AREA(#19554);
#19554 = FILL_AREA_STYLE('',(#19555));
#19555 = FILL_AREA_STYLE_COLOUR('',#19548);
#19556 = STYLED_ITEM('color',(#19557),#8915);
#19557 = PRESENTATION_STYLE_ASSIGNMENT((#19558));
#19558 = SURFACE_STYLE_USAGE(.BOTH.,#19559);
#19559 = SURFACE_SIDE_STYLE('',(#19560));
#19560 = SURFACE_STYLE_FILL_AREA(#19561);
#19561 = FILL_AREA_STYLE('',(#19562));
#19562 = FILL_AREA_STYLE_COLOUR('',#19548);
#19563 = STYLED_ITEM('color',(#19564),#8939);
#19564 = PRESENTATION_STYLE_ASSIGNMENT((#19565));
#19565 = SURFACE_STYLE_USAGE(.BOTH.,#19566);
#19566 = SURFACE_SIDE_STYLE('',(#19567));
#19567 = SURFACE_STYLE_FILL_AREA(#19568);
#19568 = FILL_AREA_STYLE('',(#19569));
#19569 = FILL_AREA_STYLE_COLOUR('',#19548);
#19570 = STYLED_ITEM('color',(#19571),#8956);
#19571 = PRESENTATION_STYLE_ASSIGNMENT((#19572));
#19572 = SURFACE_STYLE_USAGE(.BOTH.,#19573);
#19573 = SURFACE_SIDE_STYLE('',(#19574));
#19574 = SURFACE_STYLE_FILL_AREA(#19575);
#19575 = FILL_AREA_STYLE('',(#19576));
#19576 = FILL_AREA_STYLE_COLOUR('',#19548);
#19577 = STYLED_ITEM('color',(#19578),#8987);
#19578 = PRESENTATION_STYLE_ASSIGNMENT((#19579));
#19579 = SURFACE_STYLE_USAGE(.BOTH.,#19580);
#19580 = SURFACE_SIDE_STYLE('',(#19581));
#19581 = SURFACE_STYLE_FILL_AREA(#19582);
#19582 = FILL_AREA_STYLE('',(#19583));
#19583 = FILL_AREA_STYLE_COLOUR('',#19548);
#19584 = STYLED_ITEM('color',(#19585),#9011);
#19585 = PRESENTATION_STYLE_ASSIGNMENT((#19586));
#19586 = SURFACE_STYLE_USAGE(.BOTH.,#19587);
#19587 = SURFACE_SIDE_STYLE('',(#19588));
#19588 = SURFACE_STYLE_FILL_AREA(#19589);
#19589 = FILL_AREA_STYLE('',(#19590));
#19590 = FILL_AREA_STYLE_COLOUR('',#19548);
#19591 = STYLED_ITEM('color',(#19592),#9035);
#19592 = PRESENTATION_STYLE_ASSIGNMENT((#19593));
#19593 = SURFACE_STYLE_USAGE(.BOTH.,#19594);
#19594 = SURFACE_SIDE_STYLE('',(#19595));
#19595 = SURFACE_STYLE_FILL_AREA(#19596);
#19596 = FILL_AREA_STYLE('',(#19597));
#19597 = FILL_AREA_STYLE_COLOUR('',#19548);
#19598 = STYLED_ITEM('color',(#19599),#9052);
#19599 = PRESENTATION_STYLE_ASSIGNMENT((#19600));
#19600 = SURFACE_STYLE_USAGE(.BOTH.,#19601);
#19601 = SURFACE_SIDE_STYLE('',(#19602));
#19602 = SURFACE_STYLE_FILL_AREA(#19603);
#19603 = FILL_AREA_STYLE('',(#19604));
#19604 = FILL_AREA_STYLE_COLOUR('',#19548);
#19605 = STYLED_ITEM('color',(#19606),#9083);
#19606 = PRESENTATION_STYLE_ASSIGNMENT((#19607));
#19607 = SURFACE_STYLE_USAGE(.BOTH.,#19608);
#19608 = SURFACE_SIDE_STYLE('',(#19609));
#19609 = SURFACE_STYLE_FILL_AREA(#19610);
#19610 = FILL_AREA_STYLE('',(#19611));
#19611 = FILL_AREA_STYLE_COLOUR('',#19548);
#19612 = STYLED_ITEM('color',(#19613),#9107);
#19613 = PRESENTATION_STYLE_ASSIGNMENT((#19614));
#19614 = SURFACE_STYLE_USAGE(.BOTH.,#19615);
#19615 = SURFACE_SIDE_STYLE('',(#19616));
#19616 = SURFACE_STYLE_FILL_AREA(#19617);
#19617 = FILL_AREA_STYLE('',(#19618));
#19618 = FILL_AREA_STYLE_COLOUR('',#19548);
#19619 = STYLED_ITEM('color',(#19620),#9131);
#19620 = PRESENTATION_STYLE_ASSIGNMENT((#19621));
#19621 = SURFACE_STYLE_USAGE(.BOTH.,#19622);
#19622 = SURFACE_SIDE_STYLE('',(#19623));
#19623 = SURFACE_STYLE_FILL_AREA(#19624);
#19624 = FILL_AREA_STYLE('',(#19625));
#19625 = FILL_AREA_STYLE_COLOUR('',#19548);
#19626 = STYLED_ITEM('color',(#19627),#9148);
#19627 = PRESENTATION_STYLE_ASSIGNMENT((#19628));
#19628 = SURFACE_STYLE_USAGE(.BOTH.,#19629);
#19629 = SURFACE_SIDE_STYLE('',(#19630));
#19630 = SURFACE_STYLE_FILL_AREA(#19631);
#19631 = FILL_AREA_STYLE('',(#19632));
#19632 = FILL_AREA_STYLE_COLOUR('',#19548);
#19633 = STYLED_ITEM('color',(#19634),#9179);
#19634 = PRESENTATION_STYLE_ASSIGNMENT((#19635));
#19635 = SURFACE_STYLE_USAGE(.BOTH.,#19636);
#19636 = SURFACE_SIDE_STYLE('',(#19637));
#19637 = SURFACE_STYLE_FILL_AREA(#19638);
#19638 = FILL_AREA_STYLE('',(#19639));
#19639 = FILL_AREA_STYLE_COLOUR('',#19548);
#19640 = STYLED_ITEM('color',(#19641),#9203);
#19641 = PRESENTATION_STYLE_ASSIGNMENT((#19642));
#19642 = SURFACE_STYLE_USAGE(.BOTH.,#19643);
#19643 = SURFACE_SIDE_STYLE('',(#19644));
#19644 = SURFACE_STYLE_FILL_AREA(#19645);
#19645 = FILL_AREA_STYLE('',(#19646));
#19646 = FILL_AREA_STYLE_COLOUR('',#19548);
#19647 = STYLED_ITEM('color',(#19648),#9227);
#19648 = PRESENTATION_STYLE_ASSIGNMENT((#19649));
#19649 = SURFACE_STYLE_USAGE(.BOTH.,#19650);
#19650 = SURFACE_SIDE_STYLE('',(#19651));
#19651 = SURFACE_STYLE_FILL_AREA(#19652);
#19652 = FILL_AREA_STYLE('',(#19653));
#19653 = FILL_AREA_STYLE_COLOUR('',#19548);
#19654 = STYLED_ITEM('color',(#19655),#9244);
#19655 = PRESENTATION_STYLE_ASSIGNMENT((#19656));
#19656 = SURFACE_STYLE_USAGE(.BOTH.,#19657);
#19657 = SURFACE_SIDE_STYLE('',(#19658));
#19658 = SURFACE_STYLE_FILL_AREA(#19659);
#19659 = FILL_AREA_STYLE('',(#19660));
#19660 = FILL_AREA_STYLE_COLOUR('',#19548);
#19661 = STYLED_ITEM('color',(#19662),#9275);
#19662 = PRESENTATION_STYLE_ASSIGNMENT((#19663));
#19663 = SURFACE_STYLE_USAGE(.BOTH.,#19664);
#19664 = SURFACE_SIDE_STYLE('',(#19665));
#19665 = SURFACE_STYLE_FILL_AREA(#19666);
#19666 = FILL_AREA_STYLE('',(#19667));
#19667 = FILL_AREA_STYLE_COLOUR('',#19548);
#19668 = STYLED_ITEM('color',(#19669),#9299);
#19669 = PRESENTATION_STYLE_ASSIGNMENT((#19670));
#19670 = SURFACE_STYLE_USAGE(.BOTH.,#19671);
#19671 = SURFACE_SIDE_STYLE('',(#19672));
#19672 = SURFACE_STYLE_FILL_AREA(#19673);
#19673 = FILL_AREA_STYLE('',(#19674));
#19674 = FILL_AREA_STYLE_COLOUR('',#19548);
#19675 = STYLED_ITEM('color',(#19676),#9323);
#19676 = PRESENTATION_STYLE_ASSIGNMENT((#19677));
#19677 = SURFACE_STYLE_USAGE(.BOTH.,#19678);
#19678 = SURFACE_SIDE_STYLE('',(#19679));
#19679 = SURFACE_STYLE_FILL_AREA(#19680);
#19680 = FILL_AREA_STYLE('',(#19681));
#19681 = FILL_AREA_STYLE_COLOUR('',#19548);
#19682 = STYLED_ITEM('color',(#19683),#9340);
#19683 = PRESENTATION_STYLE_ASSIGNMENT((#19684));
#19684 = SURFACE_STYLE_USAGE(.BOTH.,#19685);
#19685 = SURFACE_SIDE_STYLE('',(#19686));
#19686 = SURFACE_STYLE_FILL_AREA(#19687);
#19687 = FILL_AREA_STYLE('',(#19688));
#19688 = FILL_AREA_STYLE_COLOUR('',#19548);
#19689 = STYLED_ITEM('color',(#19690),#9371);
#19690 = PRESENTATION_STYLE_ASSIGNMENT((#19691));
#19691 = SURFACE_STYLE_USAGE(.BOTH.,#19692);
#19692 = SURFACE_SIDE_STYLE('',(#19693));
#19693 = SURFACE_STYLE_FILL_AREA(#19694);
#19694 = FILL_AREA_STYLE('',(#19695));
#19695 = FILL_AREA_STYLE_COLOUR('',#19548);
#19696 = STYLED_ITEM('color',(#19697),#9395);
#19697 = PRESENTATION_STYLE_ASSIGNMENT((#19698));
#19698 = SURFACE_STYLE_USAGE(.BOTH.,#19699);
#19699 = SURFACE_SIDE_STYLE('',(#19700));
#19700 = SURFACE_STYLE_FILL_AREA(#19701);
#19701 = FILL_AREA_STYLE('',(#19702));
#19702 = FILL_AREA_STYLE_COLOUR('',#19548);
#19703 = STYLED_ITEM('color',(#19704),#9419);
#19704 = PRESENTATION_STYLE_ASSIGNMENT((#19705));
#19705 = SURFACE_STYLE_USAGE(.BOTH.,#19706);
#19706 = SURFACE_SIDE_STYLE('',(#19707));
#19707 = SURFACE_STYLE_FILL_AREA(#19708);
#19708 = FILL_AREA_STYLE('',(#19709));
#19709 = FILL_AREA_STYLE_COLOUR('',#19548);
#19710 = STYLED_ITEM('color',(#19711),#9436);
#19711 = PRESENTATION_STYLE_ASSIGNMENT((#19712));
#19712 = SURFACE_STYLE_USAGE(.BOTH.,#19713);
#19713 = SURFACE_SIDE_STYLE('',(#19714));
#19714 = SURFACE_STYLE_FILL_AREA(#19715);
#19715 = FILL_AREA_STYLE('',(#19716));
#19716 = FILL_AREA_STYLE_COLOUR('',#19548);
#19717 = STYLED_ITEM('color',(#19718),#9467);
#19718 = PRESENTATION_STYLE_ASSIGNMENT((#19719));
#19719 = SURFACE_STYLE_USAGE(.BOTH.,#19720);
#19720 = SURFACE_SIDE_STYLE('',(#19721));
#19721 = SURFACE_STYLE_FILL_AREA(#19722);
#19722 = FILL_AREA_STYLE('',(#19723));
#19723 = FILL_AREA_STYLE_COLOUR('',#19548);
#19724 = STYLED_ITEM('color',(#19725),#9491);
#19725 = PRESENTATION_STYLE_ASSIGNMENT((#19726));
#19726 = SURFACE_STYLE_USAGE(.BOTH.,#19727);
#19727 = SURFACE_SIDE_STYLE('',(#19728));
#19728 = SURFACE_STYLE_FILL_AREA(#19729);
#19729 = FILL_AREA_STYLE('',(#19730));
#19730 = FILL_AREA_STYLE_COLOUR('',#19548);
#19731 = STYLED_ITEM('color',(#19732),#9515);
#19732 = PRESENTATION_STYLE_ASSIGNMENT((#19733));
#19733 = SURFACE_STYLE_USAGE(.BOTH.,#19734);
#19734 = SURFACE_SIDE_STYLE('',(#19735));
#19735 = SURFACE_STYLE_FILL_AREA(#19736);
#19736 = FILL_AREA_STYLE('',(#19737));
#19737 = FILL_AREA_STYLE_COLOUR('',#19548);
#19738 = STYLED_ITEM('color',(#19739),#9532);
#19739 = PRESENTATION_STYLE_ASSIGNMENT((#19740));
#19740 = SURFACE_STYLE_USAGE(.BOTH.,#19741);
#19741 = SURFACE_SIDE_STYLE('',(#19742));
#19742 = SURFACE_STYLE_FILL_AREA(#19743);
#19743 = FILL_AREA_STYLE('',(#19744));
#19744 = FILL_AREA_STYLE_COLOUR('',#19548);
#19745 = STYLED_ITEM('color',(#19746),#9563);
#19746 = PRESENTATION_STYLE_ASSIGNMENT((#19747));
#19747 = SURFACE_STYLE_USAGE(.BOTH.,#19748);
#19748 = SURFACE_SIDE_STYLE('',(#19749));
#19749 = SURFACE_STYLE_FILL_AREA(#19750);
#19750 = FILL_AREA_STYLE('',(#19751));
#19751 = FILL_AREA_STYLE_COLOUR('',#19548);
#19752 = STYLED_ITEM('color',(#19753),#9587);
#19753 = PRESENTATION_STYLE_ASSIGNMENT((#19754));
#19754 = SURFACE_STYLE_USAGE(.BOTH.,#19755);
#19755 = SURFACE_SIDE_STYLE('',(#19756));
#19756 = SURFACE_STYLE_FILL_AREA(#19757);
#19757 = FILL_AREA_STYLE('',(#19758));
#19758 = FILL_AREA_STYLE_COLOUR('',#19548);
#19759 = STYLED_ITEM('color',(#19760),#9611);
#19760 = PRESENTATION_STYLE_ASSIGNMENT((#19761));
#19761 = SURFACE_STYLE_USAGE(.BOTH.,#19762);
#19762 = SURFACE_SIDE_STYLE('',(#19763));
#19763 = SURFACE_STYLE_FILL_AREA(#19764);
#19764 = FILL_AREA_STYLE('',(#19765));
#19765 = FILL_AREA_STYLE_COLOUR('',#19548);
#19766 = STYLED_ITEM('color',(#19767),#9628);
#19767 = PRESENTATION_STYLE_ASSIGNMENT((#19768));
#19768 = SURFACE_STYLE_USAGE(.BOTH.,#19769);
#19769 = SURFACE_SIDE_STYLE('',(#19770));
#19770 = SURFACE_STYLE_FILL_AREA(#19771);
#19771 = FILL_AREA_STYLE('',(#19772));
#19772 = FILL_AREA_STYLE_COLOUR('',#19548);
#19773 = STYLED_ITEM('color',(#19774),#9659);
#19774 = PRESENTATION_STYLE_ASSIGNMENT((#19775));
#19775 = SURFACE_STYLE_USAGE(.BOTH.,#19776);
#19776 = SURFACE_SIDE_STYLE('',(#19777));
#19777 = SURFACE_STYLE_FILL_AREA(#19778);
#19778 = FILL_AREA_STYLE('',(#19779));
#19779 = FILL_AREA_STYLE_COLOUR('',#19548);
#19780 = STYLED_ITEM('color',(#19781),#9683);
#19781 = PRESENTATION_STYLE_ASSIGNMENT((#19782));
#19782 = SURFACE_STYLE_USAGE(.BOTH.,#19783);
#19783 = SURFACE_SIDE_STYLE('',(#19784));
#19784 = SURFACE_STYLE_FILL_AREA(#19785);
#19785 = FILL_AREA_STYLE('',(#19786));
#19786 = FILL_AREA_STYLE_COLOUR('',#19548);
#19787 = STYLED_ITEM('color',(#19788),#9707);
#19788 = PRESENTATION_STYLE_ASSIGNMENT((#19789));
#19789 = SURFACE_STYLE_USAGE(.BOTH.,#19790);
#19790 = SURFACE_SIDE_STYLE('',(#19791));
#19791 = SURFACE_STYLE_FILL_AREA(#19792);
#19792 = FILL_AREA_STYLE('',(#19793));
#19793 = FILL_AREA_STYLE_COLOUR('',#19548);
#19794 = STYLED_ITEM('color',(#19795),#9724);
#19795 = PRESENTATION_STYLE_ASSIGNMENT((#19796));
#19796 = SURFACE_STYLE_USAGE(.BOTH.,#19797);
#19797 = SURFACE_SIDE_STYLE('',(#19798));
#19798 = SURFACE_STYLE_FILL_AREA(#19799);
#19799 = FILL_AREA_STYLE('',(#19800));
#19800 = FILL_AREA_STYLE_COLOUR('',#19548);
#19801 = STYLED_ITEM('color',(#19802),#9755);
#19802 = PRESENTATION_STYLE_ASSIGNMENT((#19803));
#19803 = SURFACE_STYLE_USAGE(.BOTH.,#19804);
#19804 = SURFACE_SIDE_STYLE('',(#19805));
#19805 = SURFACE_STYLE_FILL_AREA(#19806);
#19806 = FILL_AREA_STYLE('',(#19807));
#19807 = FILL_AREA_STYLE_COLOUR('',#19548);
#19808 = STYLED_ITEM('color',(#19809),#9779);
#19809 = PRESENTATION_STYLE_ASSIGNMENT((#19810));
#19810 = SURFACE_STYLE_USAGE(.BOTH.,#19811);
#19811 = SURFACE_SIDE_STYLE('',(#19812));
#19812 = SURFACE_STYLE_FILL_AREA(#19813);
#19813 = FILL_AREA_STYLE('',(#19814));
#19814 = FILL_AREA_STYLE_COLOUR('',#19548);
#19815 = STYLED_ITEM('color',(#19816),#9803);
#19816 = PRESENTATION_STYLE_ASSIGNMENT((#19817));
#19817 = SURFACE_STYLE_USAGE(.BOTH.,#19818);
#19818 = SURFACE_SIDE_STYLE('',(#19819));
#19819 = SURFACE_STYLE_FILL_AREA(#19820);
#19820 = FILL_AREA_STYLE('',(#19821));
#19821 = FILL_AREA_STYLE_COLOUR('',#19548);
#19822 = STYLED_ITEM('color',(#19823),#9820);
#19823 = PRESENTATION_STYLE_ASSIGNMENT((#19824));
#19824 = SURFACE_STYLE_USAGE(.BOTH.,#19825);
#19825 = SURFACE_SIDE_STYLE('',(#19826));
#19826 = SURFACE_STYLE_FILL_AREA(#19827);
#19827 = FILL_AREA_STYLE('',(#19828));
#19828 = FILL_AREA_STYLE_COLOUR('',#19548);
#19829 = STYLED_ITEM('color',(#19830),#9851);
#19830 = PRESENTATION_STYLE_ASSIGNMENT((#19831));
#19831 = SURFACE_STYLE_USAGE(.BOTH.,#19832);
#19832 = SURFACE_SIDE_STYLE('',(#19833));
#19833 = SURFACE_STYLE_FILL_AREA(#19834);
#19834 = FILL_AREA_STYLE('',(#19835));
#19835 = FILL_AREA_STYLE_COLOUR('',#19548);
#19836 = STYLED_ITEM('color',(#19837),#9875);
#19837 = PRESENTATION_STYLE_ASSIGNMENT((#19838));
#19838 = SURFACE_STYLE_USAGE(.BOTH.,#19839);
#19839 = SURFACE_SIDE_STYLE('',(#19840));
#19840 = SURFACE_STYLE_FILL_AREA(#19841);
#19841 = FILL_AREA_STYLE('',(#19842));
#19842 = FILL_AREA_STYLE_COLOUR('',#19548);
#19843 = STYLED_ITEM('color',(#19844),#9899);
#19844 = PRESENTATION_STYLE_ASSIGNMENT((#19845));
#19845 = SURFACE_STYLE_USAGE(.BOTH.,#19846);
#19846 = SURFACE_SIDE_STYLE('',(#19847));
#19847 = SURFACE_STYLE_FILL_AREA(#19848);
#19848 = FILL_AREA_STYLE('',(#19849));
#19849 = FILL_AREA_STYLE_COLOUR('',#19548);
#19850 = STYLED_ITEM('color',(#19851),#9916);
#19851 = PRESENTATION_STYLE_ASSIGNMENT((#19852));
#19852 = SURFACE_STYLE_USAGE(.BOTH.,#19853);
#19853 = SURFACE_SIDE_STYLE('',(#19854));
#19854 = SURFACE_STYLE_FILL_AREA(#19855);
#19855 = FILL_AREA_STYLE('',(#19856));
#19856 = FILL_AREA_STYLE_COLOUR('',#19548);
#19857 = STYLED_ITEM('color',(#19858),#9947);
#19858 = PRESENTATION_STYLE_ASSIGNMENT((#19859));
#19859 = SURFACE_STYLE_USAGE(.BOTH.,#19860);
#19860 = SURFACE_SIDE_STYLE('',(#19861));
#19861 = SURFACE_STYLE_FILL_AREA(#19862);
#19862 = FILL_AREA_STYLE('',(#19863));
#19863 = FILL_AREA_STYLE_COLOUR('',#19548);
#19864 = STYLED_ITEM('color',(#19865),#9971);
#19865 = PRESENTATION_STYLE_ASSIGNMENT((#19866));
#19866 = SURFACE_STYLE_USAGE(.BOTH.,#19867);
#19867 = SURFACE_SIDE_STYLE('',(#19868));
#19868 = SURFACE_STYLE_FILL_AREA(#19869);
#19869 = FILL_AREA_STYLE('',(#19870));
#19870 = FILL_AREA_STYLE_COLOUR('',#19548);
#19871 = STYLED_ITEM('color',(#19872),#9995);
#19872 = PRESENTATION_STYLE_ASSIGNMENT((#19873));
#19873 = SURFACE_STYLE_USAGE(.BOTH.,#19874);
#19874 = SURFACE_SIDE_STYLE('',(#19875));
#19875 = SURFACE_STYLE_FILL_AREA(#19876);
#19876 = FILL_AREA_STYLE('',(#19877));
#19877 = FILL_AREA_STYLE_COLOUR('',#19548);
#19878 = STYLED_ITEM('color',(#19879),#10012);
#19879 = PRESENTATION_STYLE_ASSIGNMENT((#19880));
#19880 = SURFACE_STYLE_USAGE(.BOTH.,#19881);
#19881 = SURFACE_SIDE_STYLE('',(#19882));
#19882 = SURFACE_STYLE_FILL_AREA(#19883);
#19883 = FILL_AREA_STYLE('',(#19884));
#19884 = FILL_AREA_STYLE_COLOUR('',#19548);
#19885 = STYLED_ITEM('color',(#19886),#10043);
#19886 = PRESENTATION_STYLE_ASSIGNMENT((#19887));
#19887 = SURFACE_STYLE_USAGE(.BOTH.,#19888);
#19888 = SURFACE_SIDE_STYLE('',(#19889));
#19889 = SURFACE_STYLE_FILL_AREA(#19890);
#19890 = FILL_AREA_STYLE('',(#19891));
#19891 = FILL_AREA_STYLE_COLOUR('',#19548);
#19892 = STYLED_ITEM('color',(#19893),#10067);
#19893 = PRESENTATION_STYLE_ASSIGNMENT((#19894));
#19894 = SURFACE_STYLE_USAGE(.BOTH.,#19895);
#19895 = SURFACE_SIDE_STYLE('',(#19896));
#19896 = SURFACE_STYLE_FILL_AREA(#19897);
#19897 = FILL_AREA_STYLE('',(#19898));
#19898 = FILL_AREA_STYLE_COLOUR('',#19548);
#19899 = STYLED_ITEM('color',(#19900),#10091);
#19900 = PRESENTATION_STYLE_ASSIGNMENT((#19901));
#19901 = SURFACE_STYLE_USAGE(.BOTH.,#19902);
#19902 = SURFACE_SIDE_STYLE('',(#19903));
#19903 = SURFACE_STYLE_FILL_AREA(#19904);
#19904 = FILL_AREA_STYLE('',(#19905));
#19905 = FILL_AREA_STYLE_COLOUR('',#19548);
#19906 = STYLED_ITEM('color',(#19907),#10108);
#19907 = PRESENTATION_STYLE_ASSIGNMENT((#19908));
#19908 = SURFACE_STYLE_USAGE(.BOTH.,#19909);
#19909 = SURFACE_SIDE_STYLE('',(#19910));
#19910 = SURFACE_STYLE_FILL_AREA(#19911);
#19911 = FILL_AREA_STYLE('',(#19912));
#19912 = FILL_AREA_STYLE_COLOUR('',#19548);
#19913 = STYLED_ITEM('color',(#19914),#10139);
#19914 = PRESENTATION_STYLE_ASSIGNMENT((#19915));
#19915 = SURFACE_STYLE_USAGE(.BOTH.,#19916);
#19916 = SURFACE_SIDE_STYLE('',(#19917));
#19917 = SURFACE_STYLE_FILL_AREA(#19918);
#19918 = FILL_AREA_STYLE('',(#19919));
#19919 = FILL_AREA_STYLE_COLOUR('',#19548);
#19920 = STYLED_ITEM('color',(#19921),#10163);
#19921 = PRESENTATION_STYLE_ASSIGNMENT((#19922));
#19922 = SURFACE_STYLE_USAGE(.BOTH.,#19923);
#19923 = SURFACE_SIDE_STYLE('',(#19924));
#19924 = SURFACE_STYLE_FILL_AREA(#19925);
#19925 = FILL_AREA_STYLE('',(#19926));
#19926 = FILL_AREA_STYLE_COLOUR('',#19548);
#19927 = STYLED_ITEM('color',(#19928),#10187);
#19928 = PRESENTATION_STYLE_ASSIGNMENT((#19929));
#19929 = SURFACE_STYLE_USAGE(.BOTH.,#19930);
#19930 = SURFACE_SIDE_STYLE('',(#19931));
#19931 = SURFACE_STYLE_FILL_AREA(#19932);
#19932 = FILL_AREA_STYLE('',(#19933));
#19933 = FILL_AREA_STYLE_COLOUR('',#19548);
#19934 = STYLED_ITEM('color',(#19935),#10204);
#19935 = PRESENTATION_STYLE_ASSIGNMENT((#19936));
#19936 = SURFACE_STYLE_USAGE(.BOTH.,#19937);
#19937 = SURFACE_SIDE_STYLE('',(#19938));
#19938 = SURFACE_STYLE_FILL_AREA(#19939);
#19939 = FILL_AREA_STYLE('',(#19940));
#19940 = FILL_AREA_STYLE_COLOUR('',#19548);
#19941 = STYLED_ITEM('color',(#19942),#10235);
#19942 = PRESENTATION_STYLE_ASSIGNMENT((#19943));
#19943 = SURFACE_STYLE_USAGE(.BOTH.,#19944);
#19944 = SURFACE_SIDE_STYLE('',(#19945));
#19945 = SURFACE_STYLE_FILL_AREA(#19946);
#19946 = FILL_AREA_STYLE('',(#19947));
#19947 = FILL_AREA_STYLE_COLOUR('',#19548);
#19948 = STYLED_ITEM('color',(#19949),#10259);
#19949 = PRESENTATION_STYLE_ASSIGNMENT((#19950));
#19950 = SURFACE_STYLE_USAGE(.BOTH.,#19951);
#19951 = SURFACE_SIDE_STYLE('',(#19952));
#19952 = SURFACE_STYLE_FILL_AREA(#19953);
#19953 = FILL_AREA_STYLE('',(#19954));
#19954 = FILL_AREA_STYLE_COLOUR('',#19548);
#19955 = STYLED_ITEM('color',(#19956),#10283);
#19956 = PRESENTATION_STYLE_ASSIGNMENT((#19957));
#19957 = SURFACE_STYLE_USAGE(.BOTH.,#19958);
#19958 = SURFACE_SIDE_STYLE('',(#19959));
#19959 = SURFACE_STYLE_FILL_AREA(#19960);
#19960 = FILL_AREA_STYLE('',(#19961));
#19961 = FILL_AREA_STYLE_COLOUR('',#19548);
#19962 = STYLED_ITEM('color',(#19963),#10300);
#19963 = PRESENTATION_STYLE_ASSIGNMENT((#19964));
#19964 = SURFACE_STYLE_USAGE(.BOTH.,#19965);
#19965 = SURFACE_SIDE_STYLE('',(#19966));
#19966 = SURFACE_STYLE_FILL_AREA(#19967);
#19967 = FILL_AREA_STYLE('',(#19968));
#19968 = FILL_AREA_STYLE_COLOUR('',#19548);
#19969 = STYLED_ITEM('color',(#19970),#10331);
#19970 = PRESENTATION_STYLE_ASSIGNMENT((#19971));
#19971 = SURFACE_STYLE_USAGE(.BOTH.,#19972);
#19972 = SURFACE_SIDE_STYLE('',(#19973));
#19973 = SURFACE_STYLE_FILL_AREA(#19974);
#19974 = FILL_AREA_STYLE('',(#19975));
#19975 = FILL_AREA_STYLE_COLOUR('',#19548);
#19976 = STYLED_ITEM('color',(#19977),#10355);
#19977 = PRESENTATION_STYLE_ASSIGNMENT((#19978));
#19978 = SURFACE_STYLE_USAGE(.BOTH.,#19979);
#19979 = SURFACE_SIDE_STYLE('',(#19980));
#19980 = SURFACE_STYLE_FILL_AREA(#19981);
#19981 = FILL_AREA_STYLE('',(#19982));
#19982 = FILL_AREA_STYLE_COLOUR('',#19548);
#19983 = STYLED_ITEM('color',(#19984),#10379);
#19984 = PRESENTATION_STYLE_ASSIGNMENT((#19985));
#19985 = SURFACE_STYLE_USAGE(.BOTH.,#19986);
#19986 = SURFACE_SIDE_STYLE('',(#19987));
#19987 = SURFACE_STYLE_FILL_AREA(#19988);
#19988 = FILL_AREA_STYLE('',(#19989));
#19989 = FILL_AREA_STYLE_COLOUR('',#19548);
#19990 = STYLED_ITEM('color',(#19991),#10396);
#19991 = PRESENTATION_STYLE_ASSIGNMENT((#19992));
#19992 = SURFACE_STYLE_USAGE(.BOTH.,#19993);
#19993 = SURFACE_SIDE_STYLE('',(#19994));
#19994 = SURFACE_STYLE_FILL_AREA(#19995);
#19995 = FILL_AREA_STYLE('',(#19996));
#19996 = FILL_AREA_STYLE_COLOUR('',#19548);
#19997 = STYLED_ITEM('color',(#19998),#10408);
#19998 = PRESENTATION_STYLE_ASSIGNMENT((#19999));
#19999 = SURFACE_STYLE_USAGE(.BOTH.,#20000);
#20000 = SURFACE_SIDE_STYLE('',(#20001));
#20001 = SURFACE_STYLE_FILL_AREA(#20002);
#20002 = FILL_AREA_STYLE('',(#20003));
#20003 = FILL_AREA_STYLE_COLOUR('',#19548);
#20004 = STYLED_ITEM('color',(#20005),#10420);
#20005 = PRESENTATION_STYLE_ASSIGNMENT((#20006));
#20006 = SURFACE_STYLE_USAGE(.BOTH.,#20007);
#20007 = SURFACE_SIDE_STYLE('',(#20008));
#20008 = SURFACE_STYLE_FILL_AREA(#20009);
#20009 = FILL_AREA_STYLE('',(#20010));
#20010 = FILL_AREA_STYLE_COLOUR('',#19548);
#20011 = STYLED_ITEM('color',(#20012),#10432);
#20012 = PRESENTATION_STYLE_ASSIGNMENT((#20013));
#20013 = SURFACE_STYLE_USAGE(.BOTH.,#20014);
#20014 = SURFACE_SIDE_STYLE('',(#20015));
#20015 = SURFACE_STYLE_FILL_AREA(#20016);
#20016 = FILL_AREA_STYLE('',(#20017));
#20017 = FILL_AREA_STYLE_COLOUR('',#19548);
#20018 = STYLED_ITEM('color',(#20019),#10444);
#20019 = PRESENTATION_STYLE_ASSIGNMENT((#20020));
#20020 = SURFACE_STYLE_USAGE(.BOTH.,#20021);
#20021 = SURFACE_SIDE_STYLE('',(#20022));
#20022 = SURFACE_STYLE_FILL_AREA(#20023);
#20023 = FILL_AREA_STYLE('',(#20024));
#20024 = FILL_AREA_STYLE_COLOUR('',#19548);
#20025 = STYLED_ITEM('color',(#20026),#10456);
#20026 = PRESENTATION_STYLE_ASSIGNMENT((#20027));
#20027 = SURFACE_STYLE_USAGE(.BOTH.,#20028);
#20028 = SURFACE_SIDE_STYLE('',(#20029));
#20029 = SURFACE_STYLE_FILL_AREA(#20030);
#20030 = FILL_AREA_STYLE('',(#20031));
#20031 = FILL_AREA_STYLE_COLOUR('',#19548);
#20032 = STYLED_ITEM('color',(#20033),#10468);
#20033 = PRESENTATION_STYLE_ASSIGNMENT((#20034));
#20034 = SURFACE_STYLE_USAGE(.BOTH.,#20035);
#20035 = SURFACE_SIDE_STYLE('',(#20036));
#20036 = SURFACE_STYLE_FILL_AREA(#20037);
#20037 = FILL_AREA_STYLE('',(#20038));
#20038 = FILL_AREA_STYLE_COLOUR('',#19548);
#20039 = STYLED_ITEM('color',(#20040),#10480);
#20040 = PRESENTATION_STYLE_ASSIGNMENT((#20041));
#20041 = SURFACE_STYLE_USAGE(.BOTH.,#20042);
#20042 = SURFACE_SIDE_STYLE('',(#20043));
#20043 = SURFACE_STYLE_FILL_AREA(#20044);
#20044 = FILL_AREA_STYLE('',(#20045));
#20045 = FILL_AREA_STYLE_COLOUR('',#19548);
#20046 = MECHANICAL_DESIGN_GEOMETRIC_PRESENTATION_REPRESENTATION('',(
    #20047,#20055,#20062,#20069,#20076,#20083,#20090,#20097,#20105,
    #20112,#20119,#20127,#20134,#20141,#20148,#20155),#10884);
#20047 = STYLED_ITEM('color',(#20048),#10536);
#20048 = PRESENTATION_STYLE_ASSIGNMENT((#20049));
#20049 = SURFACE_STYLE_USAGE(.BOTH.,#20050);
#20050 = SURFACE_SIDE_STYLE('',(#20051));
#20051 = SURFACE_STYLE_FILL_AREA(#20052);
#20052 = FILL_AREA_STYLE('',(#20053));
#20053 = FILL_AREA_STYLE_COLOUR('',#20054);
#20054 = COLOUR_RGB('',0.823999987314,0.819999987296,0.781000009244);
#20055 = STYLED_ITEM('color',(#20056),#10569);
#20056 = PRESENTATION_STYLE_ASSIGNMENT((#20057));
#20057 = SURFACE_STYLE_USAGE(.BOTH.,#20058);
#20058 = SURFACE_SIDE_STYLE('',(#20059));
#20059 = SURFACE_STYLE_FILL_AREA(#20060);
#20060 = FILL_AREA_STYLE('',(#20061));
#20061 = FILL_AREA_STYLE_COLOUR('',#20054);
#20062 = STYLED_ITEM('color',(#20063),#10595);
#20063 = PRESENTATION_STYLE_ASSIGNMENT((#20064));
#20064 = SURFACE_STYLE_USAGE(.BOTH.,#20065);
#20065 = SURFACE_SIDE_STYLE('',(#20066));
#20066 = SURFACE_STYLE_FILL_AREA(#20067);
#20067 = FILL_AREA_STYLE('',(#20068));
#20068 = FILL_AREA_STYLE_COLOUR('',#20054);
#20069 = STYLED_ITEM('color',(#20070),#10620);
#20070 = PRESENTATION_STYLE_ASSIGNMENT((#20071));
#20071 = SURFACE_STYLE_USAGE(.BOTH.,#20072);
#20072 = SURFACE_SIDE_STYLE('',(#20073));
#20073 = SURFACE_STYLE_FILL_AREA(#20074);
#20074 = FILL_AREA_STYLE('',(#20075));
#20075 = FILL_AREA_STYLE_COLOUR('',#20054);
#20076 = STYLED_ITEM('color',(#20077),#10646);
#20077 = PRESENTATION_STYLE_ASSIGNMENT((#20078));
#20078 = SURFACE_STYLE_USAGE(.BOTH.,#20079);
#20079 = SURFACE_SIDE_STYLE('',(#20080));
#20080 = SURFACE_STYLE_FILL_AREA(#20081);
#20081 = FILL_AREA_STYLE('',(#20082));
#20082 = FILL_AREA_STYLE_COLOUR('',#20054);
#20083 = STYLED_ITEM('color',(#20084),#10671);
#20084 = PRESENTATION_STYLE_ASSIGNMENT((#20085));
#20085 = SURFACE_STYLE_USAGE(.BOTH.,#20086);
#20086 = SURFACE_SIDE_STYLE('',(#20087));
#20087 = SURFACE_STYLE_FILL_AREA(#20088);
#20088 = FILL_AREA_STYLE('',(#20089));
#20089 = FILL_AREA_STYLE_COLOUR('',#20054);
#20090 = STYLED_ITEM('color',(#20091),#10680);
#20091 = PRESENTATION_STYLE_ASSIGNMENT((#20092));
#20092 = SURFACE_STYLE_USAGE(.BOTH.,#20093);
#20093 = SURFACE_SIDE_STYLE('',(#20094));
#20094 = SURFACE_STYLE_FILL_AREA(#20095);
#20095 = FILL_AREA_STYLE('',(#20096));
#20096 = FILL_AREA_STYLE_COLOUR('',#20054);
#20097 = STYLED_ITEM('color',(#20098),#10691);
#20098 = PRESENTATION_STYLE_ASSIGNMENT((#20099));
#20099 = SURFACE_STYLE_USAGE(.BOTH.,#20100);
#20100 = SURFACE_SIDE_STYLE('',(#20101));
#20101 = SURFACE_STYLE_FILL_AREA(#20102);
#20102 = FILL_AREA_STYLE('',(#20103));
#20103 = FILL_AREA_STYLE_COLOUR('',#20104);
#20104 = COLOUR_RGB('',0.699999984889,9.999999991362E-02,
  5.000000142576E-02);
#20105 = STYLED_ITEM('color',(#20106),#10724);
#20106 = PRESENTATION_STYLE_ASSIGNMENT((#20107));
#20107 = SURFACE_STYLE_USAGE(.BOTH.,#20108);
#20108 = SURFACE_SIDE_STYLE('',(#20109));
#20109 = SURFACE_STYLE_FILL_AREA(#20110);
#20110 = FILL_AREA_STYLE('',(#20111));
#20111 = FILL_AREA_STYLE_COLOUR('',#20104);
#20112 = STYLED_ITEM('color',(#20113),#10744);
#20113 = PRESENTATION_STYLE_ASSIGNMENT((#20114));
#20114 = SURFACE_STYLE_USAGE(.BOTH.,#20115);
#20115 = SURFACE_SIDE_STYLE('',(#20116));
#20116 = SURFACE_STYLE_FILL_AREA(#20117);
#20117 = FILL_AREA_STYLE('',(#20118));
#20118 = FILL_AREA_STYLE_COLOUR('',#20104);
#20119 = STYLED_ITEM('color',(#20120),#10764);
#20120 = PRESENTATION_STYLE_ASSIGNMENT((#20121));
#20121 = SURFACE_STYLE_USAGE(.BOTH.,#20122);
#20122 = SURFACE_SIDE_STYLE('',(#20123));
#20123 = SURFACE_STYLE_FILL_AREA(#20124);
#20124 = FILL_AREA_STYLE('',(#20125));
#20125 = FILL_AREA_STYLE_COLOUR('',#20126);
#20126 = COLOUR_RGB('',0.,0.631244006163,0.748016017657);
#20127 = STYLED_ITEM('color',(#20128),#10789);
#20128 = PRESENTATION_STYLE_ASSIGNMENT((#20129));
#20129 = SURFACE_STYLE_USAGE(.BOTH.,#20130);
#20130 = SURFACE_SIDE_STYLE('',(#20131));
#20131 = SURFACE_STYLE_FILL_AREA(#20132);
#20132 = FILL_AREA_STYLE('',(#20133));
#20133 = FILL_AREA_STYLE_COLOUR('',#20126);
#20134 = STYLED_ITEM('color',(#20135),#10814);
#20135 = PRESENTATION_STYLE_ASSIGNMENT((#20136));
#20136 = SURFACE_STYLE_USAGE(.BOTH.,#20137);
#20137 = SURFACE_SIDE_STYLE('',(#20138));
#20138 = SURFACE_STYLE_FILL_AREA(#20139);
#20139 = FILL_AREA_STYLE('',(#20140));
#20140 = FILL_AREA_STYLE_COLOUR('',#20126);
#20141 = STYLED_ITEM('color',(#20142),#10840);
#20142 = PRESENTATION_STYLE_ASSIGNMENT((#20143));
#20143 = SURFACE_STYLE_USAGE(.BOTH.,#20144);
#20144 = SURFACE_SIDE_STYLE('',(#20145));
#20145 = SURFACE_STYLE_FILL_AREA(#20146);
#20146 = FILL_AREA_STYLE('',(#20147));
#20147 = FILL_AREA_STYLE_COLOUR('',#20126);
#20148 = STYLED_ITEM('color',(#20149),#10866);
#20149 = PRESENTATION_STYLE_ASSIGNMENT((#20150));
#20150 = SURFACE_STYLE_USAGE(.BOTH.,#20151);
#20151 = SURFACE_SIDE_STYLE('',(#20152));
#20152 = SURFACE_STYLE_FILL_AREA(#20153);
#20153 = FILL_AREA_STYLE('',(#20154));
#20154 = FILL_AREA_STYLE_COLOUR('',#20126);
#20155 = STYLED_ITEM('color',(#20156),#10875);
#20156 = PRESENTATION_STYLE_ASSIGNMENT((#20157));
#20157 = SURFACE_STYLE_USAGE(.BOTH.,#20158);
#20158 = SURFACE_SIDE_STYLE('',(#20159));
#20159 = SURFACE_STYLE_FILL_AREA(#20160);
#20160 = FILL_AREA_STYLE('',(#20161));
#20161 = FILL_AREA_STYLE_COLOUR('',#20126);
#20162 = MECHANICAL_DESIGN_GEOMETRIC_PRESENTATION_REPRESENTATION('',(
    #20163,#20170,#20177,#20184,#20191,#20198,#20205,#20212,#20219,
    #20226,#20233,#20240,#20247,#20254,#20261,#20268,#20275,#20282,
    #20289,#20296,#20303,#20310,#20317,#20324,#20331,#20338,#20345,
    #20352,#20359,#20366,#20373,#20380,#20387,#20394,#20401,#20408,
    #20415,#20422,#20429,#20436,#20443,#20450,#20457,#20464,#20471,
    #20478,#20485,#20492,#20499,#20506,#20513,#20520,#20527,#20534,
    #20541,#20548,#20555,#20562,#20569,#20576,#20583,#20590,#20597,
    #20604,#20611,#20618,#20625,#20632,#20639,#20646,#20653,#20660,
    #20667,#20674,#20681,#20688),#13077);
#20163 = STYLED_ITEM('color',(#20164),#10973);
#20164 = PRESENTATION_STYLE_ASSIGNMENT((#20165));
#20165 = SURFACE_STYLE_USAGE(.BOTH.,#20166);
#20166 = SURFACE_SIDE_STYLE('',(#20167));
#20167 = SURFACE_STYLE_FILL_AREA(#20168);
#20168 = FILL_AREA_STYLE('',(#20169));
#20169 = FILL_AREA_STYLE_COLOUR('',#19351);
#20170 = STYLED_ITEM('color',(#20171),#11013);
#20171 = PRESENTATION_STYLE_ASSIGNMENT((#20172));
#20172 = SURFACE_STYLE_USAGE(.BOTH.,#20173);
#20173 = SURFACE_SIDE_STYLE('',(#20174));
#20174 = SURFACE_STYLE_FILL_AREA(#20175);
#20175 = FILL_AREA_STYLE('',(#20176));
#20176 = FILL_AREA_STYLE_COLOUR('',#19351);
#20177 = STYLED_ITEM('color',(#20178),#11044);
#20178 = PRESENTATION_STYLE_ASSIGNMENT((#20179));
#20179 = SURFACE_STYLE_USAGE(.BOTH.,#20180);
#20180 = SURFACE_SIDE_STYLE('',(#20181));
#20181 = SURFACE_STYLE_FILL_AREA(#20182);
#20182 = FILL_AREA_STYLE('',(#20183));
#20183 = FILL_AREA_STYLE_COLOUR('',#19351);
#20184 = STYLED_ITEM('color',(#20185),#11075);
#20185 = PRESENTATION_STYLE_ASSIGNMENT((#20186));
#20186 = SURFACE_STYLE_USAGE(.BOTH.,#20187);
#20187 = SURFACE_SIDE_STYLE('',(#20188));
#20188 = SURFACE_STYLE_FILL_AREA(#20189);
#20189 = FILL_AREA_STYLE('',(#20190));
#20190 = FILL_AREA_STYLE_COLOUR('',#19351);
#20191 = STYLED_ITEM('color',(#20192),#11322);
#20192 = PRESENTATION_STYLE_ASSIGNMENT((#20193));
#20193 = SURFACE_STYLE_USAGE(.BOTH.,#20194);
#20194 = SURFACE_SIDE_STYLE('',(#20195));
#20195 = SURFACE_STYLE_FILL_AREA(#20196);
#20196 = FILL_AREA_STYLE('',(#20197));
#20197 = FILL_AREA_STYLE_COLOUR('',#19351);
#20198 = STYLED_ITEM('color',(#20199),#11569);
#20199 = PRESENTATION_STYLE_ASSIGNMENT((#20200));
#20200 = SURFACE_STYLE_USAGE(.BOTH.,#20201);
#20201 = SURFACE_SIDE_STYLE('',(#20202));
#20202 = SURFACE_STYLE_FILL_AREA(#20203);
#20203 = FILL_AREA_STYLE('',(#20204));
#20204 = FILL_AREA_STYLE_COLOUR('',#19351);
#20205 = STYLED_ITEM('color',(#20206),#11586);
#20206 = PRESENTATION_STYLE_ASSIGNMENT((#20207));
#20207 = SURFACE_STYLE_USAGE(.BOTH.,#20208);
#20208 = SURFACE_SIDE_STYLE('',(#20209));
#20209 = SURFACE_STYLE_FILL_AREA(#20210);
#20210 = FILL_AREA_STYLE('',(#20211));
#20211 = FILL_AREA_STYLE_COLOUR('',#19351);
#20212 = STYLED_ITEM('color',(#20213),#11603);
#20213 = PRESENTATION_STYLE_ASSIGNMENT((#20214));
#20214 = SURFACE_STYLE_USAGE(.BOTH.,#20215);
#20215 = SURFACE_SIDE_STYLE('',(#20216));
#20216 = SURFACE_STYLE_FILL_AREA(#20217);
#20217 = FILL_AREA_STYLE('',(#20218));
#20218 = FILL_AREA_STYLE_COLOUR('',#19351);
#20219 = STYLED_ITEM('color',(#20220),#11620);
#20220 = PRESENTATION_STYLE_ASSIGNMENT((#20221));
#20221 = SURFACE_STYLE_USAGE(.BOTH.,#20222);
#20222 = SURFACE_SIDE_STYLE('',(#20223));
#20223 = SURFACE_STYLE_FILL_AREA(#20224);
#20224 = FILL_AREA_STYLE('',(#20225));
#20225 = FILL_AREA_STYLE_COLOUR('',#19351);
#20226 = STYLED_ITEM('color',(#20227),#11637);
#20227 = PRESENTATION_STYLE_ASSIGNMENT((#20228));
#20228 = SURFACE_STYLE_USAGE(.BOTH.,#20229);
#20229 = SURFACE_SIDE_STYLE('',(#20230));
#20230 = SURFACE_STYLE_FILL_AREA(#20231);
#20231 = FILL_AREA_STYLE('',(#20232));
#20232 = FILL_AREA_STYLE_COLOUR('',#19351);
#20233 = STYLED_ITEM('color',(#20234),#11654);
#20234 = PRESENTATION_STYLE_ASSIGNMENT((#20235));
#20235 = SURFACE_STYLE_USAGE(.BOTH.,#20236);
#20236 = SURFACE_SIDE_STYLE('',(#20237));
#20237 = SURFACE_STYLE_FILL_AREA(#20238);
#20238 = FILL_AREA_STYLE('',(#20239));
#20239 = FILL_AREA_STYLE_COLOUR('',#19351);
#20240 = STYLED_ITEM('color',(#20241),#11671);
#20241 = PRESENTATION_STYLE_ASSIGNMENT((#20242));
#20242 = SURFACE_STYLE_USAGE(.BOTH.,#20243);
#20243 = SURFACE_SIDE_STYLE('',(#20244));
#20244 = SURFACE_STYLE_FILL_AREA(#20245);
#20245 = FILL_AREA_STYLE('',(#20246));
#20246 = FILL_AREA_STYLE_COLOUR('',#19351);
#20247 = STYLED_ITEM('color',(#20248),#11688);
#20248 = PRESENTATION_STYLE_ASSIGNMENT((#20249));
#20249 = SURFACE_STYLE_USAGE(.BOTH.,#20250);
#20250 = SURFACE_SIDE_STYLE('',(#20251));
#20251 = SURFACE_STYLE_FILL_AREA(#20252);
#20252 = FILL_AREA_STYLE('',(#20253));
#20253 = FILL_AREA_STYLE_COLOUR('',#19351);
#20254 = STYLED_ITEM('color',(#20255),#11705);
#20255 = PRESENTATION_STYLE_ASSIGNMENT((#20256));
#20256 = SURFACE_STYLE_USAGE(.BOTH.,#20257);
#20257 = SURFACE_SIDE_STYLE('',(#20258));
#20258 = SURFACE_STYLE_FILL_AREA(#20259);
#20259 = FILL_AREA_STYLE('',(#20260));
#20260 = FILL_AREA_STYLE_COLOUR('',#19351);
#20261 = STYLED_ITEM('color',(#20262),#11722);
#20262 = PRESENTATION_STYLE_ASSIGNMENT((#20263));
#20263 = SURFACE_STYLE_USAGE(.BOTH.,#20264);
#20264 = SURFACE_SIDE_STYLE('',(#20265));
#20265 = SURFACE_STYLE_FILL_AREA(#20266);
#20266 = FILL_AREA_STYLE('',(#20267));
#20267 = FILL_AREA_STYLE_COLOUR('',#19351);
#20268 = STYLED_ITEM('color',(#20269),#11739);
#20269 = PRESENTATION_STYLE_ASSIGNMENT((#20270));
#20270 = SURFACE_STYLE_USAGE(.BOTH.,#20271);
#20271 = SURFACE_SIDE_STYLE('',(#20272));
#20272 = SURFACE_STYLE_FILL_AREA(#20273);
#20273 = FILL_AREA_STYLE('',(#20274));
#20274 = FILL_AREA_STYLE_COLOUR('',#19351);
#20275 = STYLED_ITEM('color',(#20276),#11756);
#20276 = PRESENTATION_STYLE_ASSIGNMENT((#20277));
#20277 = SURFACE_STYLE_USAGE(.BOTH.,#20278);
#20278 = SURFACE_SIDE_STYLE('',(#20279));
#20279 = SURFACE_STYLE_FILL_AREA(#20280);
#20280 = FILL_AREA_STYLE('',(#20281));
#20281 = FILL_AREA_STYLE_COLOUR('',#19351);
#20282 = STYLED_ITEM('color',(#20283),#11773);
#20283 = PRESENTATION_STYLE_ASSIGNMENT((#20284));
#20284 = SURFACE_STYLE_USAGE(.BOTH.,#20285);
#20285 = SURFACE_SIDE_STYLE('',(#20286));
#20286 = SURFACE_STYLE_FILL_AREA(#20287);
#20287 = FILL_AREA_STYLE('',(#20288));
#20288 = FILL_AREA_STYLE_COLOUR('',#19351);
#20289 = STYLED_ITEM('color',(#20290),#11790);
#20290 = PRESENTATION_STYLE_ASSIGNMENT((#20291));
#20291 = SURFACE_STYLE_USAGE(.BOTH.,#20292);
#20292 = SURFACE_SIDE_STYLE('',(#20293));
#20293 = SURFACE_STYLE_FILL_AREA(#20294);
#20294 = FILL_AREA_STYLE('',(#20295));
#20295 = FILL_AREA_STYLE_COLOUR('',#19351);
#20296 = STYLED_ITEM('color',(#20297),#11807);
#20297 = PRESENTATION_STYLE_ASSIGNMENT((#20298));
#20298 = SURFACE_STYLE_USAGE(.BOTH.,#20299);
#20299 = SURFACE_SIDE_STYLE('',(#20300));
#20300 = SURFACE_STYLE_FILL_AREA(#20301);
#20301 = FILL_AREA_STYLE('',(#20302));
#20302 = FILL_AREA_STYLE_COLOUR('',#19351);
#20303 = STYLED_ITEM('color',(#20304),#11824);
#20304 = PRESENTATION_STYLE_ASSIGNMENT((#20305));
#20305 = SURFACE_STYLE_USAGE(.BOTH.,#20306);
#20306 = SURFACE_SIDE_STYLE('',(#20307));
#20307 = SURFACE_STYLE_FILL_AREA(#20308);
#20308 = FILL_AREA_STYLE('',(#20309));
#20309 = FILL_AREA_STYLE_COLOUR('',#19351);
#20310 = STYLED_ITEM('color',(#20311),#11841);
#20311 = PRESENTATION_STYLE_ASSIGNMENT((#20312));
#20312 = SURFACE_STYLE_USAGE(.BOTH.,#20313);
#20313 = SURFACE_SIDE_STYLE('',(#20314));
#20314 = SURFACE_STYLE_FILL_AREA(#20315);
#20315 = FILL_AREA_STYLE('',(#20316));
#20316 = FILL_AREA_STYLE_COLOUR('',#19351);
#20317 = STYLED_ITEM('color',(#20318),#11853);
#20318 = PRESENTATION_STYLE_ASSIGNMENT((#20319));
#20319 = SURFACE_STYLE_USAGE(.BOTH.,#20320);
#20320 = SURFACE_SIDE_STYLE('',(#20321));
#20321 = SURFACE_STYLE_FILL_AREA(#20322);
#20322 = FILL_AREA_STYLE('',(#20323));
#20323 = FILL_AREA_STYLE_COLOUR('',#19548);
#20324 = STYLED_ITEM('color',(#20325),#11884);
#20325 = PRESENTATION_STYLE_ASSIGNMENT((#20326));
#20326 = SURFACE_STYLE_USAGE(.BOTH.,#20327);
#20327 = SURFACE_SIDE_STYLE('',(#20328));
#20328 = SURFACE_STYLE_FILL_AREA(#20329);
#20329 = FILL_AREA_STYLE('',(#20330));
#20330 = FILL_AREA_STYLE_COLOUR('',#19548);
#20331 = STYLED_ITEM('color',(#20332),#11908);
#20332 = PRESENTATION_STYLE_ASSIGNMENT((#20333));
#20333 = SURFACE_STYLE_USAGE(.BOTH.,#20334);
#20334 = SURFACE_SIDE_STYLE('',(#20335));
#20335 = SURFACE_STYLE_FILL_AREA(#20336);
#20336 = FILL_AREA_STYLE('',(#20337));
#20337 = FILL_AREA_STYLE_COLOUR('',#19548);
#20338 = STYLED_ITEM('color',(#20339),#11932);
#20339 = PRESENTATION_STYLE_ASSIGNMENT((#20340));
#20340 = SURFACE_STYLE_USAGE(.BOTH.,#20341);
#20341 = SURFACE_SIDE_STYLE('',(#20342));
#20342 = SURFACE_STYLE_FILL_AREA(#20343);
#20343 = FILL_AREA_STYLE('',(#20344));
#20344 = FILL_AREA_STYLE_COLOUR('',#19548);
#20345 = STYLED_ITEM('color',(#20346),#11949);
#20346 = PRESENTATION_STYLE_ASSIGNMENT((#20347));
#20347 = SURFACE_STYLE_USAGE(.BOTH.,#20348);
#20348 = SURFACE_SIDE_STYLE('',(#20349));
#20349 = SURFACE_STYLE_FILL_AREA(#20350);
#20350 = FILL_AREA_STYLE('',(#20351));
#20351 = FILL_AREA_STYLE_COLOUR('',#19548);
#20352 = STYLED_ITEM('color',(#20353),#11980);
#20353 = PRESENTATION_STYLE_ASSIGNMENT((#20354));
#20354 = SURFACE_STYLE_USAGE(.BOTH.,#20355);
#20355 = SURFACE_SIDE_STYLE('',(#20356));
#20356 = SURFACE_STYLE_FILL_AREA(#20357);
#20357 = FILL_AREA_STYLE('',(#20358));
#20358 = FILL_AREA_STYLE_COLOUR('',#19548);
#20359 = STYLED_ITEM('color',(#20360),#12004);
#20360 = PRESENTATION_STYLE_ASSIGNMENT((#20361));
#20361 = SURFACE_STYLE_USAGE(.BOTH.,#20362);
#20362 = SURFACE_SIDE_STYLE('',(#20363));
#20363 = SURFACE_STYLE_FILL_AREA(#20364);
#20364 = FILL_AREA_STYLE('',(#20365));
#20365 = FILL_AREA_STYLE_COLOUR('',#19548);
#20366 = STYLED_ITEM('color',(#20367),#12028);
#20367 = PRESENTATION_STYLE_ASSIGNMENT((#20368));
#20368 = SURFACE_STYLE_USAGE(.BOTH.,#20369);
#20369 = SURFACE_SIDE_STYLE('',(#20370));
#20370 = SURFACE_STYLE_FILL_AREA(#20371);
#20371 = FILL_AREA_STYLE('',(#20372));
#20372 = FILL_AREA_STYLE_COLOUR('',#19548);
#20373 = STYLED_ITEM('color',(#20374),#12045);
#20374 = PRESENTATION_STYLE_ASSIGNMENT((#20375));
#20375 = SURFACE_STYLE_USAGE(.BOTH.,#20376);
#20376 = SURFACE_SIDE_STYLE('',(#20377));
#20377 = SURFACE_STYLE_FILL_AREA(#20378);
#20378 = FILL_AREA_STYLE('',(#20379));
#20379 = FILL_AREA_STYLE_COLOUR('',#19548);
#20380 = STYLED_ITEM('color',(#20381),#12076);
#20381 = PRESENTATION_STYLE_ASSIGNMENT((#20382));
#20382 = SURFACE_STYLE_USAGE(.BOTH.,#20383);
#20383 = SURFACE_SIDE_STYLE('',(#20384));
#20384 = SURFACE_STYLE_FILL_AREA(#20385);
#20385 = FILL_AREA_STYLE('',(#20386));
#20386 = FILL_AREA_STYLE_COLOUR('',#19548);
#20387 = STYLED_ITEM('color',(#20388),#12100);
#20388 = PRESENTATION_STYLE_ASSIGNMENT((#20389));
#20389 = SURFACE_STYLE_USAGE(.BOTH.,#20390);
#20390 = SURFACE_SIDE_STYLE('',(#20391));
#20391 = SURFACE_STYLE_FILL_AREA(#20392);
#20392 = FILL_AREA_STYLE('',(#20393));
#20393 = FILL_AREA_STYLE_COLOUR('',#19548);
#20394 = STYLED_ITEM('color',(#20395),#12124);
#20395 = PRESENTATION_STYLE_ASSIGNMENT((#20396));
#20396 = SURFACE_STYLE_USAGE(.BOTH.,#20397);
#20397 = SURFACE_SIDE_STYLE('',(#20398));
#20398 = SURFACE_STYLE_FILL_AREA(#20399);
#20399 = FILL_AREA_STYLE('',(#20400));
#20400 = FILL_AREA_STYLE_COLOUR('',#19548);
#20401 = STYLED_ITEM('color',(#20402),#12141);
#20402 = PRESENTATION_STYLE_ASSIGNMENT((#20403));
#20403 = SURFACE_STYLE_USAGE(.BOTH.,#20404);
#20404 = SURFACE_SIDE_STYLE('',(#20405));
#20405 = SURFACE_STYLE_FILL_AREA(#20406);
#20406 = FILL_AREA_STYLE('',(#20407));
#20407 = FILL_AREA_STYLE_COLOUR('',#19548);
#20408 = STYLED_ITEM('color',(#20409),#12172);
#20409 = PRESENTATION_STYLE_ASSIGNMENT((#20410));
#20410 = SURFACE_STYLE_USAGE(.BOTH.,#20411);
#20411 = SURFACE_SIDE_STYLE('',(#20412));
#20412 = SURFACE_STYLE_FILL_AREA(#20413);
#20413 = FILL_AREA_STYLE('',(#20414));
#20414 = FILL_AREA_STYLE_COLOUR('',#19548);
#20415 = STYLED_ITEM('color',(#20416),#12196);
#20416 = PRESENTATION_STYLE_ASSIGNMENT((#20417));
#20417 = SURFACE_STYLE_USAGE(.BOTH.,#20418);
#20418 = SURFACE_SIDE_STYLE('',(#20419));
#20419 = SURFACE_STYLE_FILL_AREA(#20420);
#20420 = FILL_AREA_STYLE('',(#20421));
#20421 = FILL_AREA_STYLE_COLOUR('',#19548);
#20422 = STYLED_ITEM('color',(#20423),#12220);
#20423 = PRESENTATION_STYLE_ASSIGNMENT((#20424));
#20424 = SURFACE_STYLE_USAGE(.BOTH.,#20425);
#20425 = SURFACE_SIDE_STYLE('',(#20426));
#20426 = SURFACE_STYLE_FILL_AREA(#20427);
#20427 = FILL_AREA_STYLE('',(#20428));
#20428 = FILL_AREA_STYLE_COLOUR('',#19548);
#20429 = STYLED_ITEM('color',(#20430),#12237);
#20430 = PRESENTATION_STYLE_ASSIGNMENT((#20431));
#20431 = SURFACE_STYLE_USAGE(.BOTH.,#20432);
#20432 = SURFACE_SIDE_STYLE('',(#20433));
#20433 = SURFACE_STYLE_FILL_AREA(#20434);
#20434 = FILL_AREA_STYLE('',(#20435));
#20435 = FILL_AREA_STYLE_COLOUR('',#19548);
#20436 = STYLED_ITEM('color',(#20437),#12268);
#20437 = PRESENTATION_STYLE_ASSIGNMENT((#20438));
#20438 = SURFACE_STYLE_USAGE(.BOTH.,#20439);
#20439 = SURFACE_SIDE_STYLE('',(#20440));
#20440 = SURFACE_STYLE_FILL_AREA(#20441);
#20441 = FILL_AREA_STYLE('',(#20442));
#20442 = FILL_AREA_STYLE_COLOUR('',#19548);
#20443 = STYLED_ITEM('color',(#20444),#12292);
#20444 = PRESENTATION_STYLE_ASSIGNMENT((#20445));
#20445 = SURFACE_STYLE_USAGE(.BOTH.,#20446);
#20446 = SURFACE_SIDE_STYLE('',(#20447));
#20447 = SURFACE_STYLE_FILL_AREA(#20448);
#20448 = FILL_AREA_STYLE('',(#20449));
#20449 = FILL_AREA_STYLE_COLOUR('',#19548);
#20450 = STYLED_ITEM('color',(#20451),#12316);
#20451 = PRESENTATION_STYLE_ASSIGNMENT((#20452));
#20452 = SURFACE_STYLE_USAGE(.BOTH.,#20453);
#20453 = SURFACE_SIDE_STYLE('',(#20454));
#20454 = SURFACE_STYLE_FILL_AREA(#20455);
#20455 = FILL_AREA_STYLE('',(#20456));
#20456 = FILL_AREA_STYLE_COLOUR('',#19548);
#20457 = STYLED_ITEM('color',(#20458),#12333);
#20458 = PRESENTATION_STYLE_ASSIGNMENT((#20459));
#20459 = SURFACE_STYLE_USAGE(.BOTH.,#20460);
#20460 = SURFACE_SIDE_STYLE('',(#20461));
#20461 = SURFACE_STYLE_FILL_AREA(#20462);
#20462 = FILL_AREA_STYLE('',(#20463));
#20463 = FILL_AREA_STYLE_COLOUR('',#19548);
#20464 = STYLED_ITEM('color',(#20465),#12364);
#20465 = PRESENTATION_STYLE_ASSIGNMENT((#20466));
#20466 = SURFACE_STYLE_USAGE(.BOTH.,#20467);
#20467 = SURFACE_SIDE_STYLE('',(#20468));
#20468 = SURFACE_STYLE_FILL_AREA(#20469);
#20469 = FILL_AREA_STYLE('',(#20470));
#20470 = FILL_AREA_STYLE_COLOUR('',#19548);
#20471 = STYLED_ITEM('color',(#20472),#12388);
#20472 = PRESENTATION_STYLE_ASSIGNMENT((#20473));
#20473 = SURFACE_STYLE_USAGE(.BOTH.,#20474);
#20474 = SURFACE_SIDE_STYLE('',(#20475));
#20475 = SURFACE_STYLE_FILL_AREA(#20476);
#20476 = FILL_AREA_STYLE('',(#20477));
#20477 = FILL_AREA_STYLE_COLOUR('',#19548);
#20478 = STYLED_ITEM('color',(#20479),#12412);
#20479 = PRESENTATION_STYLE_ASSIGNMENT((#20480));
#20480 = SURFACE_STYLE_USAGE(.BOTH.,#20481);
#20481 = SURFACE_SIDE_STYLE('',(#20482));
#20482 = SURFACE_STYLE_FILL_AREA(#20483);
#20483 = FILL_AREA_STYLE('',(#20484));
#20484 = FILL_AREA_STYLE_COLOUR('',#19548);
#20485 = STYLED_ITEM('color',(#20486),#12429);
#20486 = PRESENTATION_STYLE_ASSIGNMENT((#20487));
#20487 = SURFACE_STYLE_USAGE(.BOTH.,#20488);
#20488 = SURFACE_SIDE_STYLE('',(#20489));
#20489 = SURFACE_STYLE_FILL_AREA(#20490);
#20490 = FILL_AREA_STYLE('',(#20491));
#20491 = FILL_AREA_STYLE_COLOUR('',#19548);
#20492 = STYLED_ITEM('color',(#20493),#12460);
#20493 = PRESENTATION_STYLE_ASSIGNMENT((#20494));
#20494 = SURFACE_STYLE_USAGE(.BOTH.,#20495);
#20495 = SURFACE_SIDE_STYLE('',(#20496));
#20496 = SURFACE_STYLE_FILL_AREA(#20497);
#20497 = FILL_AREA_STYLE('',(#20498));
#20498 = FILL_AREA_STYLE_COLOUR('',#19548);
#20499 = STYLED_ITEM('color',(#20500),#12484);
#20500 = PRESENTATION_STYLE_ASSIGNMENT((#20501));
#20501 = SURFACE_STYLE_USAGE(.BOTH.,#20502);
#20502 = SURFACE_SIDE_STYLE('',(#20503));
#20503 = SURFACE_STYLE_FILL_AREA(#20504);
#20504 = FILL_AREA_STYLE('',(#20505));
#20505 = FILL_AREA_STYLE_COLOUR('',#19548);
#20506 = STYLED_ITEM('color',(#20507),#12508);
#20507 = PRESENTATION_STYLE_ASSIGNMENT((#20508));
#20508 = SURFACE_STYLE_USAGE(.BOTH.,#20509);
#20509 = SURFACE_SIDE_STYLE('',(#20510));
#20510 = SURFACE_STYLE_FILL_AREA(#20511);
#20511 = FILL_AREA_STYLE('',(#20512));
#20512 = FILL_AREA_STYLE_COLOUR('',#19548);
#20513 = STYLED_ITEM('color',(#20514),#12525);
#20514 = PRESENTATION_STYLE_ASSIGNMENT((#20515));
#20515 = SURFACE_STYLE_USAGE(.BOTH.,#20516);
#20516 = SURFACE_SIDE_STYLE('',(#20517));
#20517 = SURFACE_STYLE_FILL_AREA(#20518);
#20518 = FILL_AREA_STYLE('',(#20519));
#20519 = FILL_AREA_STYLE_COLOUR('',#19548);
#20520 = STYLED_ITEM('color',(#20521),#12556);
#20521 = PRESENTATION_STYLE_ASSIGNMENT((#20522));
#20522 = SURFACE_STYLE_USAGE(.BOTH.,#20523);
#20523 = SURFACE_SIDE_STYLE('',(#20524));
#20524 = SURFACE_STYLE_FILL_AREA(#20525);
#20525 = FILL_AREA_STYLE('',(#20526));
#20526 = FILL_AREA_STYLE_COLOUR('',#19548);
#20527 = STYLED_ITEM('color',(#20528),#12580);
#20528 = PRESENTATION_STYLE_ASSIGNMENT((#20529));
#20529 = SURFACE_STYLE_USAGE(.BOTH.,#20530);
#20530 = SURFACE_SIDE_STYLE('',(#20531));
#20531 = SURFACE_STYLE_FILL_AREA(#20532);
#20532 = FILL_AREA_STYLE('',(#20533));
#20533 = FILL_AREA_STYLE_COLOUR('',#19548);
#20534 = STYLED_ITEM('color',(#20535),#12604);
#20535 = PRESENTATION_STYLE_ASSIGNMENT((#20536));
#20536 = SURFACE_STYLE_USAGE(.BOTH.,#20537);
#20537 = SURFACE_SIDE_STYLE('',(#20538));
#20538 = SURFACE_STYLE_FILL_AREA(#20539);
#20539 = FILL_AREA_STYLE('',(#20540));
#20540 = FILL_AREA_STYLE_COLOUR('',#19548);
#20541 = STYLED_ITEM('color',(#20542),#12621);
#20542 = PRESENTATION_STYLE_ASSIGNMENT((#20543));
#20543 = SURFACE_STYLE_USAGE(.BOTH.,#20544);
#20544 = SURFACE_SIDE_STYLE('',(#20545));
#20545 = SURFACE_STYLE_FILL_AREA(#20546);
#20546 = FILL_AREA_STYLE('',(#20547));
#20547 = FILL_AREA_STYLE_COLOUR('',#19548);
#20548 = STYLED_ITEM('color',(#20549),#12652);
#20549 = PRESENTATION_STYLE_ASSIGNMENT((#20550));
#20550 = SURFACE_STYLE_USAGE(.BOTH.,#20551);
#20551 = SURFACE_SIDE_STYLE('',(#20552));
#20552 = SURFACE_STYLE_FILL_AREA(#20553);
#20553 = FILL_AREA_STYLE('',(#20554));
#20554 = FILL_AREA_STYLE_COLOUR('',#19548);
#20555 = STYLED_ITEM('color',(#20556),#12676);
#20556 = PRESENTATION_STYLE_ASSIGNMENT((#20557));
#20557 = SURFACE_STYLE_USAGE(.BOTH.,#20558);
#20558 = SURFACE_SIDE_STYLE('',(#20559));
#20559 = SURFACE_STYLE_FILL_AREA(#20560);
#20560 = FILL_AREA_STYLE('',(#20561));
#20561 = FILL_AREA_STYLE_COLOUR('',#19548);
#20562 = STYLED_ITEM('color',(#20563),#12700);
#20563 = PRESENTATION_STYLE_ASSIGNMENT((#20564));
#20564 = SURFACE_STYLE_USAGE(.BOTH.,#20565);
#20565 = SURFACE_SIDE_STYLE('',(#20566));
#20566 = SURFACE_STYLE_FILL_AREA(#20567);
#20567 = FILL_AREA_STYLE('',(#20568));
#20568 = FILL_AREA_STYLE_COLOUR('',#19548);
#20569 = STYLED_ITEM('color',(#20570),#12717);
#20570 = PRESENTATION_STYLE_ASSIGNMENT((#20571));
#20571 = SURFACE_STYLE_USAGE(.BOTH.,#20572);
#20572 = SURFACE_SIDE_STYLE('',(#20573));
#20573 = SURFACE_STYLE_FILL_AREA(#20574);
#20574 = FILL_AREA_STYLE('',(#20575));
#20575 = FILL_AREA_STYLE_COLOUR('',#19548);
#20576 = STYLED_ITEM('color',(#20577),#12748);
#20577 = PRESENTATION_STYLE_ASSIGNMENT((#20578));
#20578 = SURFACE_STYLE_USAGE(.BOTH.,#20579);
#20579 = SURFACE_SIDE_STYLE('',(#20580));
#20580 = SURFACE_STYLE_FILL_AREA(#20581);
#20581 = FILL_AREA_STYLE('',(#20582));
#20582 = FILL_AREA_STYLE_COLOUR('',#19548);
#20583 = STYLED_ITEM('color',(#20584),#12772);
#20584 = PRESENTATION_STYLE_ASSIGNMENT((#20585));
#20585 = SURFACE_STYLE_USAGE(.BOTH.,#20586);
#20586 = SURFACE_SIDE_STYLE('',(#20587));
#20587 = SURFACE_STYLE_FILL_AREA(#20588);
#20588 = FILL_AREA_STYLE('',(#20589));
#20589 = FILL_AREA_STYLE_COLOUR('',#19548);
#20590 = STYLED_ITEM('color',(#20591),#12796);
#20591 = PRESENTATION_STYLE_ASSIGNMENT((#20592));
#20592 = SURFACE_STYLE_USAGE(.BOTH.,#20593);
#20593 = SURFACE_SIDE_STYLE('',(#20594));
#20594 = SURFACE_STYLE_FILL_AREA(#20595);
#20595 = FILL_AREA_STYLE('',(#20596));
#20596 = FILL_AREA_STYLE_COLOUR('',#19548);
#20597 = STYLED_ITEM('color',(#20598),#12813);
#20598 = PRESENTATION_STYLE_ASSIGNMENT((#20599));
#20599 = SURFACE_STYLE_USAGE(.BOTH.,#20600);
#20600 = SURFACE_SIDE_STYLE('',(#20601));
#20601 = SURFACE_STYLE_FILL_AREA(#20602);
#20602 = FILL_AREA_STYLE('',(#20603));
#20603 = FILL_AREA_STYLE_COLOUR('',#19548);
#20604 = STYLED_ITEM('color',(#20605),#12844);
#20605 = PRESENTATION_STYLE_ASSIGNMENT((#20606));
#20606 = SURFACE_STYLE_USAGE(.BOTH.,#20607);
#20607 = SURFACE_SIDE_STYLE('',(#20608));
#20608 = SURFACE_STYLE_FILL_AREA(#20609);
#20609 = FILL_AREA_STYLE('',(#20610));
#20610 = FILL_AREA_STYLE_COLOUR('',#19548);
#20611 = STYLED_ITEM('color',(#20612),#12868);
#20612 = PRESENTATION_STYLE_ASSIGNMENT((#20613));
#20613 = SURFACE_STYLE_USAGE(.BOTH.,#20614);
#20614 = SURFACE_SIDE_STYLE('',(#20615));
#20615 = SURFACE_STYLE_FILL_AREA(#20616);
#20616 = FILL_AREA_STYLE('',(#20617));
#20617 = FILL_AREA_STYLE_COLOUR('',#19548);
#20618 = STYLED_ITEM('color',(#20619),#12892);
#20619 = PRESENTATION_STYLE_ASSIGNMENT((#20620));
#20620 = SURFACE_STYLE_USAGE(.BOTH.,#20621);
#20621 = SURFACE_SIDE_STYLE('',(#20622));
#20622 = SURFACE_STYLE_FILL_AREA(#20623);
#20623 = FILL_AREA_STYLE('',(#20624));
#20624 = FILL_AREA_STYLE_COLOUR('',#19548);
#20625 = STYLED_ITEM('color',(#20626),#12909);
#20626 = PRESENTATION_STYLE_ASSIGNMENT((#20627));
#20627 = SURFACE_STYLE_USAGE(.BOTH.,#20628);
#20628 = SURFACE_SIDE_STYLE('',(#20629));
#20629 = SURFACE_STYLE_FILL_AREA(#20630);
#20630 = FILL_AREA_STYLE('',(#20631));
#20631 = FILL_AREA_STYLE_COLOUR('',#19548);
#20632 = STYLED_ITEM('color',(#20633),#12940);
#20633 = PRESENTATION_STYLE_ASSIGNMENT((#20634));
#20634 = SURFACE_STYLE_USAGE(.BOTH.,#20635);
#20635 = SURFACE_SIDE_STYLE('',(#20636));
#20636 = SURFACE_STYLE_FILL_AREA(#20637);
#20637 = FILL_AREA_STYLE('',(#20638));
#20638 = FILL_AREA_STYLE_COLOUR('',#19548);
#20639 = STYLED_ITEM('color',(#20640),#12964);
#20640 = PRESENTATION_STYLE_ASSIGNMENT((#20641));
#20641 = SURFACE_STYLE_USAGE(.BOTH.,#20642);
#20642 = SURFACE_SIDE_STYLE('',(#20643));
#20643 = SURFACE_STYLE_FILL_AREA(#20644);
#20644 = FILL_AREA_STYLE('',(#20645));
#20645 = FILL_AREA_STYLE_COLOUR('',#19548);
#20646 = STYLED_ITEM('color',(#20647),#12988);
#20647 = PRESENTATION_STYLE_ASSIGNMENT((#20648));
#20648 = SURFACE_STYLE_USAGE(.BOTH.,#20649);
#20649 = SURFACE_SIDE_STYLE('',(#20650));
#20650 = SURFACE_STYLE_FILL_AREA(#20651);
#20651 = FILL_AREA_STYLE('',(#20652));
#20652 = FILL_AREA_STYLE_COLOUR('',#19548);
#20653 = STYLED_ITEM('color',(#20654),#13005);
#20654 = PRESENTATION_STYLE_ASSIGNMENT((#20655));
#20655 = SURFACE_STYLE_USAGE(.BOTH.,#20656);
#20656 = SURFACE_SIDE_STYLE('',(#20657));
#20657 = SURFACE_STYLE_FILL_AREA(#20658);
#20658 = FILL_AREA_STYLE('',(#20659));
#20659 = FILL_AREA_STYLE_COLOUR('',#19548);
#20660 = STYLED_ITEM('color',(#20661),#13017);
#20661 = PRESENTATION_STYLE_ASSIGNMENT((#20662));
#20662 = SURFACE_STYLE_USAGE(.BOTH.,#20663);
#20663 = SURFACE_SIDE_STYLE('',(#20664));
#20664 = SURFACE_STYLE_FILL_AREA(#20665);
#20665 = FILL_AREA_STYLE('',(#20666));
#20666 = FILL_AREA_STYLE_COLOUR('',#19548);
#20667 = STYLED_ITEM('color',(#20668),#13029);
#20668 = PRESENTATION_STYLE_ASSIGNMENT((#20669));
#20669 = SURFACE_STYLE_USAGE(.BOTH.,#20670);
#20670 = SURFACE_SIDE_STYLE('',(#20671));
#20671 = SURFACE_STYLE_FILL_AREA(#20672);
#20672 = FILL_AREA_STYLE('',(#20673));
#20673 = FILL_AREA_STYLE_COLOUR('',#19548);
#20674 = STYLED_ITEM('color',(#20675),#13041);
#20675 = PRESENTATION_STYLE_ASSIGNMENT((#20676));
#20676 = SURFACE_STYLE_USAGE(.BOTH.,#20677);
#20677 = SURFACE_SIDE_STYLE('',(#20678));
#20678 = SURFACE_STYLE_FILL_AREA(#20679);
#20679 = FILL_AREA_STYLE('',(#20680));
#20680 = FILL_AREA_STYLE_COLOUR('',#19548);
#20681 = STYLED_ITEM('color',(#20682),#13053);
#20682 = PRESENTATION_STYLE_ASSIGNMENT((#20683));
#20683 = SURFACE_STYLE_USAGE(.BOTH.,#20684);
#20684 = SURFACE_SIDE_STYLE('',(#20685));
#20685 = SURFACE_STYLE_FILL_AREA(#20686);
#20686 = FILL_AREA_STYLE('',(#20687));
#20687 = FILL_AREA_STYLE_COLOUR('',#19548);
#20688 = STYLED_ITEM('color',(#20689),#13065);
#20689 = PRESENTATION_STYLE_ASSIGNMENT((#20690));
#20690 = SURFACE_STYLE_USAGE(.BOTH.,#20691);
#20691 = SURFACE_SIDE_STYLE('',(#20692));
#20692 = SURFACE_STYLE_FILL_AREA(#20693);
#20693 = FILL_AREA_STYLE('',(#20694));
#20694 = FILL_AREA_STYLE_COLOUR('',#19548);
#20695 = MECHANICAL_DESIGN_GEOMETRIC_PRESENTATION_REPRESENTATION('',(
    #20696,#20704,#20712,#20719,#20726,#20733,#20740,#20747,#20754,
    #20761,#20768,#20775,#20782,#20789,#20796,#20803,#20810,#20817,
    #20824,#20831,#20838,#20845,#20852,#20859,#20866,#20873,#20880,
    #20887,#20894,#20902,#20909,#20916,#20923,#20930,#20937,#20944,
    #20951,#20958,#20965,#20972,#20979,#20986,#20993,#21000,#21007,
    #21014,#21021,#21028,#21035,#21042,#21049,#21056,#21063,#21070,
    #21077,#21084,#21091,#21098,#21105,#21112,#21119,#21126,#21133,
    #21140,#21147,#21154,#21161,#21168,#21175,#21182,#21189,#21196,
    #21203,#21210,#21217,#21224,#21231,#21238,#21245,#21252,#21259,
    #21266,#21273,#21280,#21287,#21294,#21301,#21308,#21315,#21322,
    #21329,#21336,#21343,#21350,#21357,#21364,#21371,#21378,#21385,
    #21392,#21399,#21406,#21413,#21420,#21427,#21434,#21441,#21448,
    #21455,#21462,#21469,#21476,#21483,#21490,#21497,#21504,#21511,
    #21518,#21525,#21532,#21539,#21546,#21553,#21560,#21567,#21574),
  #7670);
#20696 = STYLED_ITEM('color',(#20697),#200);
#20697 = PRESENTATION_STYLE_ASSIGNMENT((#20698));
#20698 = SURFACE_STYLE_USAGE(.BOTH.,#20699);
#20699 = SURFACE_SIDE_STYLE('',(#20700));
#20700 = SURFACE_STYLE_FILL_AREA(#20701);
#20701 = FILL_AREA_STYLE('',(#20702));
#20702 = FILL_AREA_STYLE_COLOUR('',#20703);
#20703 = COLOUR_RGB('',9.803921802644E-02,9.803921802644E-02,
  9.803921802644E-02);
#20704 = OVER_RIDING_STYLED_ITEM('overriding color',(#20705),#202,#20696
  );
#20705 = PRESENTATION_STYLE_ASSIGNMENT((#20706));
#20706 = SURFACE_STYLE_USAGE(.BOTH.,#20707);
#20707 = SURFACE_SIDE_STYLE('',(#20708));
#20708 = SURFACE_STYLE_FILL_AREA(#20709);
#20709 = FILL_AREA_STYLE('',(#20710));
#20710 = FILL_AREA_STYLE_COLOUR('',#20711);
#20711 = COLOUR_RGB('',0.956862747054,0.898039222556,0.654901957162);
#20712 = OVER_RIDING_STYLED_ITEM('overriding color',(#20713),#244,#20696
  );
#20713 = PRESENTATION_STYLE_ASSIGNMENT((#20714));
#20714 = SURFACE_STYLE_USAGE(.BOTH.,#20715);
#20715 = SURFACE_SIDE_STYLE('',(#20716));
#20716 = SURFACE_STYLE_FILL_AREA(#20717);
#20717 = FILL_AREA_STYLE('',(#20718));
#20718 = FILL_AREA_STYLE_COLOUR('',#20711);
#20719 = OVER_RIDING_STYLED_ITEM('overriding color',(#20720),#275,#20696
  );
#20720 = PRESENTATION_STYLE_ASSIGNMENT((#20721));
#20721 = SURFACE_STYLE_USAGE(.BOTH.,#20722);
#20722 = SURFACE_SIDE_STYLE('',(#20723));
#20723 = SURFACE_STYLE_FILL_AREA(#20724);
#20724 = FILL_AREA_STYLE('',(#20725));
#20725 = FILL_AREA_STYLE_COLOUR('',#20711);
#20726 = OVER_RIDING_STYLED_ITEM('overriding color',(#20727),#316,#20696
  );
#20727 = PRESENTATION_STYLE_ASSIGNMENT((#20728));
#20728 = SURFACE_STYLE_USAGE(.BOTH.,#20729);
#20729 = SURFACE_SIDE_STYLE('',(#20730));
#20730 = SURFACE_STYLE_FILL_AREA(#20731);
#20731 = FILL_AREA_STYLE('',(#20732));
#20732 = FILL_AREA_STYLE_COLOUR('',#20711);
#20733 = OVER_RIDING_STYLED_ITEM('overriding color',(#20734),#358,#20696
  );
#20734 = PRESENTATION_STYLE_ASSIGNMENT((#20735));
#20735 = SURFACE_STYLE_USAGE(.BOTH.,#20736);
#20736 = SURFACE_SIDE_STYLE('',(#20737));
#20737 = SURFACE_STYLE_FILL_AREA(#20738);
#20738 = FILL_AREA_STYLE('',(#20739));
#20739 = FILL_AREA_STYLE_COLOUR('',#20711);
#20740 = OVER_RIDING_STYLED_ITEM('overriding color',(#20741),#431,#20696
  );
#20741 = PRESENTATION_STYLE_ASSIGNMENT((#20742));
#20742 = SURFACE_STYLE_USAGE(.BOTH.,#20743);
#20743 = SURFACE_SIDE_STYLE('',(#20744));
#20744 = SURFACE_STYLE_FILL_AREA(#20745);
#20745 = FILL_AREA_STYLE('',(#20746));
#20746 = FILL_AREA_STYLE_COLOUR('',#20711);
#20747 = OVER_RIDING_STYLED_ITEM('overriding color',(#20748),#472,#20696
  );
#20748 = PRESENTATION_STYLE_ASSIGNMENT((#20749));
#20749 = SURFACE_STYLE_USAGE(.BOTH.,#20750);
#20750 = SURFACE_SIDE_STYLE('',(#20751));
#20751 = SURFACE_STYLE_FILL_AREA(#20752);
#20752 = FILL_AREA_STYLE('',(#20753));
#20753 = FILL_AREA_STYLE_COLOUR('',#20711);
#20754 = OVER_RIDING_STYLED_ITEM('overriding color',(#20755),#504,#20696
  );
#20755 = PRESENTATION_STYLE_ASSIGNMENT((#20756));
#20756 = SURFACE_STYLE_USAGE(.BOTH.,#20757);
#20757 = SURFACE_SIDE_STYLE('',(#20758));
#20758 = SURFACE_STYLE_FILL_AREA(#20759);
#20759 = FILL_AREA_STYLE('',(#20760));
#20760 = FILL_AREA_STYLE_COLOUR('',#20711);
#20761 = OVER_RIDING_STYLED_ITEM('overriding color',(#20762),#562,#20696
  );
#20762 = PRESENTATION_STYLE_ASSIGNMENT((#20763));
#20763 = SURFACE_STYLE_USAGE(.BOTH.,#20764);
#20764 = SURFACE_SIDE_STYLE('',(#20765));
#20765 = SURFACE_STYLE_FILL_AREA(#20766);
#20766 = FILL_AREA_STYLE('',(#20767));
#20767 = FILL_AREA_STYLE_COLOUR('',#20711);
#20768 = OVER_RIDING_STYLED_ITEM('overriding color',(#20769),#587,#20696
  );
#20769 = PRESENTATION_STYLE_ASSIGNMENT((#20770));
#20770 = SURFACE_STYLE_USAGE(.BOTH.,#20771);
#20771 = SURFACE_SIDE_STYLE('',(#20772));
#20772 = SURFACE_STYLE_FILL_AREA(#20773);
#20773 = FILL_AREA_STYLE('',(#20774));
#20774 = FILL_AREA_STYLE_COLOUR('',#20711);
#20775 = OVER_RIDING_STYLED_ITEM('overriding color',(#20776),#629,#20696
  );
#20776 = PRESENTATION_STYLE_ASSIGNMENT((#20777));
#20777 = SURFACE_STYLE_USAGE(.BOTH.,#20778);
#20778 = SURFACE_SIDE_STYLE('',(#20779));
#20779 = SURFACE_STYLE_FILL_AREA(#20780);
#20780 = FILL_AREA_STYLE('',(#20781));
#20781 = FILL_AREA_STYLE_COLOUR('',#20711);
#20782 = OVER_RIDING_STYLED_ITEM('overriding color',(#20783),#694,#20696
  );
#20783 = PRESENTATION_STYLE_ASSIGNMENT((#20784));
#20784 = SURFACE_STYLE_USAGE(.BOTH.,#20785);
#20785 = SURFACE_SIDE_STYLE('',(#20786));
#20786 = SURFACE_STYLE_FILL_AREA(#20787);
#20787 = FILL_AREA_STYLE('',(#20788));
#20788 = FILL_AREA_STYLE_COLOUR('',#20711);
#20789 = OVER_RIDING_STYLED_ITEM('overriding color',(#20790),#735,#20696
  );
#20790 = PRESENTATION_STYLE_ASSIGNMENT((#20791));
#20791 = SURFACE_STYLE_USAGE(.BOTH.,#20792);
#20792 = SURFACE_SIDE_STYLE('',(#20793));
#20793 = SURFACE_STYLE_FILL_AREA(#20794);
#20794 = FILL_AREA_STYLE('',(#20795));
#20795 = FILL_AREA_STYLE_COLOUR('',#20711);
#20796 = OVER_RIDING_STYLED_ITEM('overriding color',(#20797),#777,#20696
  );
#20797 = PRESENTATION_STYLE_ASSIGNMENT((#20798));
#20798 = SURFACE_STYLE_USAGE(.BOTH.,#20799);
#20799 = SURFACE_SIDE_STYLE('',(#20800));
#20800 = SURFACE_STYLE_FILL_AREA(#20801);
#20801 = FILL_AREA_STYLE('',(#20802));
#20802 = FILL_AREA_STYLE_COLOUR('',#20711);
#20803 = OVER_RIDING_STYLED_ITEM('overriding color',(#20804),#808,#20696
  );
#20804 = PRESENTATION_STYLE_ASSIGNMENT((#20805));
#20805 = SURFACE_STYLE_USAGE(.BOTH.,#20806);
#20806 = SURFACE_SIDE_STYLE('',(#20807));
#20807 = SURFACE_STYLE_FILL_AREA(#20808);
#20808 = FILL_AREA_STYLE('',(#20809));
#20809 = FILL_AREA_STYLE_COLOUR('',#20711);
#20810 = OVER_RIDING_STYLED_ITEM('overriding color',(#20811),#849,#20696
  );
#20811 = PRESENTATION_STYLE_ASSIGNMENT((#20812));
#20812 = SURFACE_STYLE_USAGE(.BOTH.,#20813);
#20813 = SURFACE_SIDE_STYLE('',(#20814));
#20814 = SURFACE_STYLE_FILL_AREA(#20815);
#20815 = FILL_AREA_STYLE('',(#20816));
#20816 = FILL_AREA_STYLE_COLOUR('',#20711);
#20817 = OVER_RIDING_STYLED_ITEM('overriding color',(#20818),#874,#20696
  );
#20818 = PRESENTATION_STYLE_ASSIGNMENT((#20819));
#20819 = SURFACE_STYLE_USAGE(.BOTH.,#20820);
#20820 = SURFACE_SIDE_STYLE('',(#20821));
#20821 = SURFACE_STYLE_FILL_AREA(#20822);
#20822 = FILL_AREA_STYLE('',(#20823));
#20823 = FILL_AREA_STYLE_COLOUR('',#20711);
#20824 = OVER_RIDING_STYLED_ITEM('overriding color',(#20825),#906,#20696
  );
#20825 = PRESENTATION_STYLE_ASSIGNMENT((#20826));
#20826 = SURFACE_STYLE_USAGE(.BOTH.,#20827);
#20827 = SURFACE_SIDE_STYLE('',(#20828));
#20828 = SURFACE_STYLE_FILL_AREA(#20829);
#20829 = FILL_AREA_STYLE('',(#20830));
#20830 = FILL_AREA_STYLE_COLOUR('',#20711);
#20831 = OVER_RIDING_STYLED_ITEM('overriding color',(#20832),#972,#20696
  );
#20832 = PRESENTATION_STYLE_ASSIGNMENT((#20833));
#20833 = SURFACE_STYLE_USAGE(.BOTH.,#20834);
#20834 = SURFACE_SIDE_STYLE('',(#20835));
#20835 = SURFACE_STYLE_FILL_AREA(#20836);
#20836 = FILL_AREA_STYLE('',(#20837));
#20837 = FILL_AREA_STYLE_COLOUR('',#20711);
#20838 = OVER_RIDING_STYLED_ITEM('overriding color',(#20839),#1038,
  #20696);
#20839 = PRESENTATION_STYLE_ASSIGNMENT((#20840));
#20840 = SURFACE_STYLE_USAGE(.BOTH.,#20841);
#20841 = SURFACE_SIDE_STYLE('',(#20842));
#20842 = SURFACE_STYLE_FILL_AREA(#20843);
#20843 = FILL_AREA_STYLE('',(#20844));
#20844 = FILL_AREA_STYLE_COLOUR('',#20711);
#20845 = OVER_RIDING_STYLED_ITEM('overriding color',(#20846),#1069,
  #20696);
#20846 = PRESENTATION_STYLE_ASSIGNMENT((#20847));
#20847 = SURFACE_STYLE_USAGE(.BOTH.,#20848);
#20848 = SURFACE_SIDE_STYLE('',(#20849));
#20849 = SURFACE_STYLE_FILL_AREA(#20850);
#20850 = FILL_AREA_STYLE('',(#20851));
#20851 = FILL_AREA_STYLE_COLOUR('',#20711);
#20852 = OVER_RIDING_STYLED_ITEM('overriding color',(#20853),#1119,
  #20696);
#20853 = PRESENTATION_STYLE_ASSIGNMENT((#20854));
#20854 = SURFACE_STYLE_USAGE(.BOTH.,#20855);
#20855 = SURFACE_SIDE_STYLE('',(#20856));
#20856 = SURFACE_STYLE_FILL_AREA(#20857);
#20857 = FILL_AREA_STYLE('',(#20858));
#20858 = FILL_AREA_STYLE_COLOUR('',#20711);
#20859 = OVER_RIDING_STYLED_ITEM('overriding color',(#20860),#1168,
  #20696);
#20860 = PRESENTATION_STYLE_ASSIGNMENT((#20861));
#20861 = SURFACE_STYLE_USAGE(.BOTH.,#20862);
#20862 = SURFACE_SIDE_STYLE('',(#20863));
#20863 = SURFACE_STYLE_FILL_AREA(#20864);
#20864 = FILL_AREA_STYLE('',(#20865));
#20865 = FILL_AREA_STYLE_COLOUR('',#20711);
#20866 = OVER_RIDING_STYLED_ITEM('overriding color',(#20867),#1225,
  #20696);
#20867 = PRESENTATION_STYLE_ASSIGNMENT((#20868));
#20868 = SURFACE_STYLE_USAGE(.BOTH.,#20869);
#20869 = SURFACE_SIDE_STYLE('',(#20870));
#20870 = SURFACE_STYLE_FILL_AREA(#20871);
#20871 = FILL_AREA_STYLE('',(#20872));
#20872 = FILL_AREA_STYLE_COLOUR('',#20711);
#20873 = OVER_RIDING_STYLED_ITEM('overriding color',(#20874),#1265,
  #20696);
#20874 = PRESENTATION_STYLE_ASSIGNMENT((#20875));
#20875 = SURFACE_STYLE_USAGE(.BOTH.,#20876);
#20876 = SURFACE_SIDE_STYLE('',(#20877));
#20877 = SURFACE_STYLE_FILL_AREA(#20878);
#20878 = FILL_AREA_STYLE('',(#20879));
#20879 = FILL_AREA_STYLE_COLOUR('',#20711);
#20880 = OVER_RIDING_STYLED_ITEM('overriding color',(#20881),#1315,
  #20696);
#20881 = PRESENTATION_STYLE_ASSIGNMENT((#20882));
#20882 = SURFACE_STYLE_USAGE(.BOTH.,#20883);
#20883 = SURFACE_SIDE_STYLE('',(#20884));
#20884 = SURFACE_STYLE_FILL_AREA(#20885);
#20885 = FILL_AREA_STYLE('',(#20886));
#20886 = FILL_AREA_STYLE_COLOUR('',#20711);
#20887 = OVER_RIDING_STYLED_ITEM('overriding color',(#20888),#1339,
  #20696);
#20888 = PRESENTATION_STYLE_ASSIGNMENT((#20889));
#20889 = SURFACE_STYLE_USAGE(.BOTH.,#20890);
#20890 = SURFACE_SIDE_STYLE('',(#20891));
#20891 = SURFACE_STYLE_FILL_AREA(#20892);
#20892 = FILL_AREA_STYLE('',(#20893));
#20893 = FILL_AREA_STYLE_COLOUR('',#20711);
#20894 = OVER_RIDING_STYLED_ITEM('overriding color',(#20895),#1405,
  #20696);
#20895 = PRESENTATION_STYLE_ASSIGNMENT((#20896));
#20896 = SURFACE_STYLE_USAGE(.BOTH.,#20897);
#20897 = SURFACE_SIDE_STYLE('',(#20898));
#20898 = SURFACE_STYLE_FILL_AREA(#20899);
#20899 = FILL_AREA_STYLE('',(#20900));
#20900 = FILL_AREA_STYLE_COLOUR('',#20901);
#20901 = COLOUR_RGB('',0.796078417252,0.796078417252,0.796078417252);
#20902 = OVER_RIDING_STYLED_ITEM('overriding color',(#20903),#1444,
  #20696);
#20903 = PRESENTATION_STYLE_ASSIGNMENT((#20904));
#20904 = SURFACE_STYLE_USAGE(.BOTH.,#20905);
#20905 = SURFACE_SIDE_STYLE('',(#20906));
#20906 = SURFACE_STYLE_FILL_AREA(#20907);
#20907 = FILL_AREA_STYLE('',(#20908));
#20908 = FILL_AREA_STYLE_COLOUR('',#20711);
#20909 = OVER_RIDING_STYLED_ITEM('overriding color',(#20910),#1494,
  #20696);
#20910 = PRESENTATION_STYLE_ASSIGNMENT((#20911));
#20911 = SURFACE_STYLE_USAGE(.BOTH.,#20912);
#20912 = SURFACE_SIDE_STYLE('',(#20913));
#20913 = SURFACE_STYLE_FILL_AREA(#20914);
#20914 = FILL_AREA_STYLE('',(#20915));
#20915 = FILL_AREA_STYLE_COLOUR('',#20711);
#20916 = OVER_RIDING_STYLED_ITEM('overriding color',(#20917),#1543,
  #20696);
#20917 = PRESENTATION_STYLE_ASSIGNMENT((#20918));
#20918 = SURFACE_STYLE_USAGE(.BOTH.,#20919);
#20919 = SURFACE_SIDE_STYLE('',(#20920));
#20920 = SURFACE_STYLE_FILL_AREA(#20921);
#20921 = FILL_AREA_STYLE('',(#20922));
#20922 = FILL_AREA_STYLE_COLOUR('',#20711);
#20923 = OVER_RIDING_STYLED_ITEM('overriding color',(#20924),#1600,
  #20696);
#20924 = PRESENTATION_STYLE_ASSIGNMENT((#20925));
#20925 = SURFACE_STYLE_USAGE(.BOTH.,#20926);
#20926 = SURFACE_SIDE_STYLE('',(#20927));
#20927 = SURFACE_STYLE_FILL_AREA(#20928);
#20928 = FILL_AREA_STYLE('',(#20929));
#20929 = FILL_AREA_STYLE_COLOUR('',#20901);
#20930 = OVER_RIDING_STYLED_ITEM('overriding color',(#20931),#1632,
  #20696);
#20931 = PRESENTATION_STYLE_ASSIGNMENT((#20932));
#20932 = SURFACE_STYLE_USAGE(.BOTH.,#20933);
#20933 = SURFACE_SIDE_STYLE('',(#20934));
#20934 = SURFACE_STYLE_FILL_AREA(#20935);
#20935 = FILL_AREA_STYLE('',(#20936));
#20936 = FILL_AREA_STYLE_COLOUR('',#20901);
#20937 = OVER_RIDING_STYLED_ITEM('overriding color',(#20938),#1725,
  #20696);
#20938 = PRESENTATION_STYLE_ASSIGNMENT((#20939));
#20939 = SURFACE_STYLE_USAGE(.BOTH.,#20940);
#20940 = SURFACE_SIDE_STYLE('',(#20941));
#20941 = SURFACE_STYLE_FILL_AREA(#20942);
#20942 = FILL_AREA_STYLE('',(#20943));
#20943 = FILL_AREA_STYLE_COLOUR('',#20711);
#20944 = OVER_RIDING_STYLED_ITEM('overriding color',(#20945),#1749,
  #20696);
#20945 = PRESENTATION_STYLE_ASSIGNMENT((#20946));
#20946 = SURFACE_STYLE_USAGE(.BOTH.,#20947);
#20947 = SURFACE_SIDE_STYLE('',(#20948));
#20948 = SURFACE_STYLE_FILL_AREA(#20949);
#20949 = FILL_AREA_STYLE('',(#20950));
#20950 = FILL_AREA_STYLE_COLOUR('',#20711);
#20951 = OVER_RIDING_STYLED_ITEM('overriding color',(#20952),#1798,
  #20696);
#20952 = PRESENTATION_STYLE_ASSIGNMENT((#20953));
#20953 = SURFACE_STYLE_USAGE(.BOTH.,#20954);
#20954 = SURFACE_SIDE_STYLE('',(#20955));
#20955 = SURFACE_STYLE_FILL_AREA(#20956);
#20956 = FILL_AREA_STYLE('',(#20957));
#20957 = FILL_AREA_STYLE_COLOUR('',#20711);
#20958 = OVER_RIDING_STYLED_ITEM('overriding color',(#20959),#1823,
  #20696);
#20959 = PRESENTATION_STYLE_ASSIGNMENT((#20960));
#20960 = SURFACE_STYLE_USAGE(.BOTH.,#20961);
#20961 = SURFACE_SIDE_STYLE('',(#20962));
#20962 = SURFACE_STYLE_FILL_AREA(#20963);
#20963 = FILL_AREA_STYLE('',(#20964));
#20964 = FILL_AREA_STYLE_COLOUR('',#20711);
#20965 = OVER_RIDING_STYLED_ITEM('overriding color',(#20966),#1856,
  #20696);
#20966 = PRESENTATION_STYLE_ASSIGNMENT((#20967));
#20967 = SURFACE_STYLE_USAGE(.BOTH.,#20968);
#20968 = SURFACE_SIDE_STYLE('',(#20969));
#20969 = SURFACE_STYLE_FILL_AREA(#20970);
#20970 = FILL_AREA_STYLE('',(#20971));
#20971 = FILL_AREA_STYLE_COLOUR('',#20711);
#20972 = OVER_RIDING_STYLED_ITEM('overriding color',(#20973),#1873,
  #20696);
#20973 = PRESENTATION_STYLE_ASSIGNMENT((#20974));
#20974 = SURFACE_STYLE_USAGE(.BOTH.,#20975);
#20975 = SURFACE_SIDE_STYLE('',(#20976));
#20976 = SURFACE_STYLE_FILL_AREA(#20977);
#20977 = FILL_AREA_STYLE('',(#20978));
#20978 = FILL_AREA_STYLE_COLOUR('',#20711);
#20979 = OVER_RIDING_STYLED_ITEM('overriding color',(#20980),#1890,
  #20696);
#20980 = PRESENTATION_STYLE_ASSIGNMENT((#20981));
#20981 = SURFACE_STYLE_USAGE(.BOTH.,#20982);
#20982 = SURFACE_SIDE_STYLE('',(#20983));
#20983 = SURFACE_STYLE_FILL_AREA(#20984);
#20984 = FILL_AREA_STYLE('',(#20985));
#20985 = FILL_AREA_STYLE_COLOUR('',#20711);
#20986 = OVER_RIDING_STYLED_ITEM('overriding color',(#20987),#1922,
  #20696);
#20987 = PRESENTATION_STYLE_ASSIGNMENT((#20988));
#20988 = SURFACE_STYLE_USAGE(.BOTH.,#20989);
#20989 = SURFACE_SIDE_STYLE('',(#20990));
#20990 = SURFACE_STYLE_FILL_AREA(#20991);
#20991 = FILL_AREA_STYLE('',(#20992));
#20992 = FILL_AREA_STYLE_COLOUR('',#20711);
#20993 = OVER_RIDING_STYLED_ITEM('overriding color',(#20994),#1972,
  #20696);
#20994 = PRESENTATION_STYLE_ASSIGNMENT((#20995));
#20995 = SURFACE_STYLE_USAGE(.BOTH.,#20996);
#20996 = SURFACE_SIDE_STYLE('',(#20997));
#20997 = SURFACE_STYLE_FILL_AREA(#20998);
#20998 = FILL_AREA_STYLE('',(#20999));
#20999 = FILL_AREA_STYLE_COLOUR('',#20711);
#21000 = OVER_RIDING_STYLED_ITEM('overriding color',(#21001),#2015,
  #20696);
#21001 = PRESENTATION_STYLE_ASSIGNMENT((#21002));
#21002 = SURFACE_STYLE_USAGE(.BOTH.,#21003);
#21003 = SURFACE_SIDE_STYLE('',(#21004));
#21004 = SURFACE_STYLE_FILL_AREA(#21005);
#21005 = FILL_AREA_STYLE('',(#21006));
#21006 = FILL_AREA_STYLE_COLOUR('',#20711);
#21007 = OVER_RIDING_STYLED_ITEM('overriding color',(#21008),#2039,
  #20696);
#21008 = PRESENTATION_STYLE_ASSIGNMENT((#21009));
#21009 = SURFACE_STYLE_USAGE(.BOTH.,#21010);
#21010 = SURFACE_SIDE_STYLE('',(#21011));
#21011 = SURFACE_STYLE_FILL_AREA(#21012);
#21012 = FILL_AREA_STYLE('',(#21013));
#21013 = FILL_AREA_STYLE_COLOUR('',#20711);
#21014 = OVER_RIDING_STYLED_ITEM('overriding color',(#21015),#2051,
  #20696);
#21015 = PRESENTATION_STYLE_ASSIGNMENT((#21016));
#21016 = SURFACE_STYLE_USAGE(.BOTH.,#21017);
#21017 = SURFACE_SIDE_STYLE('',(#21018));
#21018 = SURFACE_STYLE_FILL_AREA(#21019);
#21019 = FILL_AREA_STYLE('',(#21020));
#21020 = FILL_AREA_STYLE_COLOUR('',#20711);
#21021 = OVER_RIDING_STYLED_ITEM('overriding color',(#21022),#2070,
  #20696);
#21022 = PRESENTATION_STYLE_ASSIGNMENT((#21023));
#21023 = SURFACE_STYLE_USAGE(.BOTH.,#21024);
#21024 = SURFACE_SIDE_STYLE('',(#21025));
#21025 = SURFACE_STYLE_FILL_AREA(#21026);
#21026 = FILL_AREA_STYLE('',(#21027));
#21027 = FILL_AREA_STYLE_COLOUR('',#20711);
#21028 = OVER_RIDING_STYLED_ITEM('overriding color',(#21029),#2082,
  #20696);
#21029 = PRESENTATION_STYLE_ASSIGNMENT((#21030));
#21030 = SURFACE_STYLE_USAGE(.BOTH.,#21031);
#21031 = SURFACE_SIDE_STYLE('',(#21032));
#21032 = SURFACE_STYLE_FILL_AREA(#21033);
#21033 = FILL_AREA_STYLE('',(#21034));
#21034 = FILL_AREA_STYLE_COLOUR('',#20711);
#21035 = OVER_RIDING_STYLED_ITEM('overriding color',(#21036),#2094,
  #20696);
#21036 = PRESENTATION_STYLE_ASSIGNMENT((#21037));
#21037 = SURFACE_STYLE_USAGE(.BOTH.,#21038);
#21038 = SURFACE_SIDE_STYLE('',(#21039));
#21039 = SURFACE_STYLE_FILL_AREA(#21040);
#21040 = FILL_AREA_STYLE('',(#21041));
#21041 = FILL_AREA_STYLE_COLOUR('',#20711);
#21042 = OVER_RIDING_STYLED_ITEM('overriding color',(#21043),#2118,
  #20696);
#21043 = PRESENTATION_STYLE_ASSIGNMENT((#21044));
#21044 = SURFACE_STYLE_USAGE(.BOTH.,#21045);
#21045 = SURFACE_SIDE_STYLE('',(#21046));
#21046 = SURFACE_STYLE_FILL_AREA(#21047);
#21047 = FILL_AREA_STYLE('',(#21048));
#21048 = FILL_AREA_STYLE_COLOUR('',#20711);
#21049 = OVER_RIDING_STYLED_ITEM('overriding color',(#21050),#2160,
  #20696);
#21050 = PRESENTATION_STYLE_ASSIGNMENT((#21051));
#21051 = SURFACE_STYLE_USAGE(.BOTH.,#21052);
#21052 = SURFACE_SIDE_STYLE('',(#21053));
#21053 = SURFACE_STYLE_FILL_AREA(#21054);
#21054 = FILL_AREA_STYLE('',(#21055));
#21055 = FILL_AREA_STYLE_COLOUR('',#20711);
#21056 = OVER_RIDING_STYLED_ITEM('overriding color',(#21057),#2284,
  #20696);
#21057 = PRESENTATION_STYLE_ASSIGNMENT((#21058));
#21058 = SURFACE_STYLE_USAGE(.BOTH.,#21059);
#21059 = SURFACE_SIDE_STYLE('',(#21060));
#21060 = SURFACE_STYLE_FILL_AREA(#21061);
#21061 = FILL_AREA_STYLE('',(#21062));
#21062 = FILL_AREA_STYLE_COLOUR('',#20711);
#21063 = OVER_RIDING_STYLED_ITEM('overriding color',(#21064),#2333,
  #20696);
#21064 = PRESENTATION_STYLE_ASSIGNMENT((#21065));
#21065 = SURFACE_STYLE_USAGE(.BOTH.,#21066);
#21066 = SURFACE_SIDE_STYLE('',(#21067));
#21067 = SURFACE_STYLE_FILL_AREA(#21068);
#21068 = FILL_AREA_STYLE('',(#21069));
#21069 = FILL_AREA_STYLE_COLOUR('',#20711);
#21070 = OVER_RIDING_STYLED_ITEM('overriding color',(#21071),#2358,
  #20696);
#21071 = PRESENTATION_STYLE_ASSIGNMENT((#21072));
#21072 = SURFACE_STYLE_USAGE(.BOTH.,#21073);
#21073 = SURFACE_SIDE_STYLE('',(#21074));
#21074 = SURFACE_STYLE_FILL_AREA(#21075);
#21075 = FILL_AREA_STYLE('',(#21076));
#21076 = FILL_AREA_STYLE_COLOUR('',#20711);
#21077 = OVER_RIDING_STYLED_ITEM('overriding color',(#21078),#2383,
  #20696);
#21078 = PRESENTATION_STYLE_ASSIGNMENT((#21079));
#21079 = SURFACE_STYLE_USAGE(.BOTH.,#21080);
#21080 = SURFACE_SIDE_STYLE('',(#21081));
#21081 = SURFACE_STYLE_FILL_AREA(#21082);
#21082 = FILL_AREA_STYLE('',(#21083));
#21083 = FILL_AREA_STYLE_COLOUR('',#20711);
#21084 = OVER_RIDING_STYLED_ITEM('overriding color',(#21085),#2400,
  #20696);
#21085 = PRESENTATION_STYLE_ASSIGNMENT((#21086));
#21086 = SURFACE_STYLE_USAGE(.BOTH.,#21087);
#21087 = SURFACE_SIDE_STYLE('',(#21088));
#21088 = SURFACE_STYLE_FILL_AREA(#21089);
#21089 = FILL_AREA_STYLE('',(#21090));
#21090 = FILL_AREA_STYLE_COLOUR('',#20711);
#21091 = OVER_RIDING_STYLED_ITEM('overriding color',(#21092),#2425,
  #20696);
#21092 = PRESENTATION_STYLE_ASSIGNMENT((#21093));
#21093 = SURFACE_STYLE_USAGE(.BOTH.,#21094);
#21094 = SURFACE_SIDE_STYLE('',(#21095));
#21095 = SURFACE_STYLE_FILL_AREA(#21096);
#21096 = FILL_AREA_STYLE('',(#21097));
#21097 = FILL_AREA_STYLE_COLOUR('',#20711);
#21098 = OVER_RIDING_STYLED_ITEM('overriding color',(#21099),#2467,
  #20696);
#21099 = PRESENTATION_STYLE_ASSIGNMENT((#21100));
#21100 = SURFACE_STYLE_USAGE(.BOTH.,#21101);
#21101 = SURFACE_SIDE_STYLE('',(#21102));
#21102 = SURFACE_STYLE_FILL_AREA(#21103);
#21103 = FILL_AREA_STYLE('',(#21104));
#21104 = FILL_AREA_STYLE_COLOUR('',#20711);
#21105 = OVER_RIDING_STYLED_ITEM('overriding color',(#21106),#2491,
  #20696);
#21106 = PRESENTATION_STYLE_ASSIGNMENT((#21107));
#21107 = SURFACE_STYLE_USAGE(.BOTH.,#21108);
#21108 = SURFACE_SIDE_STYLE('',(#21109));
#21109 = SURFACE_STYLE_FILL_AREA(#21110);
#21110 = FILL_AREA_STYLE('',(#21111));
#21111 = FILL_AREA_STYLE_COLOUR('',#20711);
#21112 = OVER_RIDING_STYLED_ITEM('overriding color',(#21113),#2503,
  #20696);
#21113 = PRESENTATION_STYLE_ASSIGNMENT((#21114));
#21114 = SURFACE_STYLE_USAGE(.BOTH.,#21115);
#21115 = SURFACE_SIDE_STYLE('',(#21116));
#21116 = SURFACE_STYLE_FILL_AREA(#21117);
#21117 = FILL_AREA_STYLE('',(#21118));
#21118 = FILL_AREA_STYLE_COLOUR('',#20711);
#21119 = OVER_RIDING_STYLED_ITEM('overriding color',(#21120),#2522,
  #20696);
#21120 = PRESENTATION_STYLE_ASSIGNMENT((#21121));
#21121 = SURFACE_STYLE_USAGE(.BOTH.,#21122);
#21122 = SURFACE_SIDE_STYLE('',(#21123));
#21123 = SURFACE_STYLE_FILL_AREA(#21124);
#21124 = FILL_AREA_STYLE('',(#21125));
#21125 = FILL_AREA_STYLE_COLOUR('',#20711);
#21126 = OVER_RIDING_STYLED_ITEM('overriding color',(#21127),#2534,
  #20696);
#21127 = PRESENTATION_STYLE_ASSIGNMENT((#21128));
#21128 = SURFACE_STYLE_USAGE(.BOTH.,#21129);
#21129 = SURFACE_SIDE_STYLE('',(#21130));
#21130 = SURFACE_STYLE_FILL_AREA(#21131);
#21131 = FILL_AREA_STYLE('',(#21132));
#21132 = FILL_AREA_STYLE_COLOUR('',#20711);
#21133 = OVER_RIDING_STYLED_ITEM('overriding color',(#21134),#2546,
  #20696);
#21134 = PRESENTATION_STYLE_ASSIGNMENT((#21135));
#21135 = SURFACE_STYLE_USAGE(.BOTH.,#21136);
#21136 = SURFACE_SIDE_STYLE('',(#21137));
#21137 = SURFACE_STYLE_FILL_AREA(#21138);
#21138 = FILL_AREA_STYLE('',(#21139));
#21139 = FILL_AREA_STYLE_COLOUR('',#20711);
#21140 = OVER_RIDING_STYLED_ITEM('overriding color',(#21141),#2604,
  #20696);
#21141 = PRESENTATION_STYLE_ASSIGNMENT((#21142));
#21142 = SURFACE_STYLE_USAGE(.BOTH.,#21143);
#21143 = SURFACE_SIDE_STYLE('',(#21144));
#21144 = SURFACE_STYLE_FILL_AREA(#21145);
#21145 = FILL_AREA_STYLE('',(#21146));
#21146 = FILL_AREA_STYLE_COLOUR('',#20711);
#21147 = OVER_RIDING_STYLED_ITEM('overriding color',(#21148),#2663,
  #20696);
#21148 = PRESENTATION_STYLE_ASSIGNMENT((#21149));
#21149 = SURFACE_STYLE_USAGE(.BOTH.,#21150);
#21150 = SURFACE_SIDE_STYLE('',(#21151));
#21151 = SURFACE_STYLE_FILL_AREA(#21152);
#21152 = FILL_AREA_STYLE('',(#21153));
#21153 = FILL_AREA_STYLE_COLOUR('',#20901);
#21154 = OVER_RIDING_STYLED_ITEM('overriding color',(#21155),#2732,
  #20696);
#21155 = PRESENTATION_STYLE_ASSIGNMENT((#21156));
#21156 = SURFACE_STYLE_USAGE(.BOTH.,#21157);
#21157 = SURFACE_SIDE_STYLE('',(#21158));
#21158 = SURFACE_STYLE_FILL_AREA(#21159);
#21159 = FILL_AREA_STYLE('',(#21160));
#21160 = FILL_AREA_STYLE_COLOUR('',#20901);
#21161 = OVER_RIDING_STYLED_ITEM('overriding color',(#21162),#2941,
  #20696);
#21162 = PRESENTATION_STYLE_ASSIGNMENT((#21163));
#21163 = SURFACE_STYLE_USAGE(.BOTH.,#21164);
#21164 = SURFACE_SIDE_STYLE('',(#21165));
#21165 = SURFACE_STYLE_FILL_AREA(#21166);
#21166 = FILL_AREA_STYLE('',(#21167));
#21167 = FILL_AREA_STYLE_COLOUR('',#20901);
#21168 = OVER_RIDING_STYLED_ITEM('overriding color',(#21169),#2986,
  #20696);
#21169 = PRESENTATION_STYLE_ASSIGNMENT((#21170));
#21170 = SURFACE_STYLE_USAGE(.BOTH.,#21171);
#21171 = SURFACE_SIDE_STYLE('',(#21172));
#21172 = SURFACE_STYLE_FILL_AREA(#21173);
#21173 = FILL_AREA_STYLE('',(#21174));
#21174 = FILL_AREA_STYLE_COLOUR('',#20901);
#21175 = OVER_RIDING_STYLED_ITEM('overriding color',(#21176),#3053,
  #20696);
#21176 = PRESENTATION_STYLE_ASSIGNMENT((#21177));
#21177 = SURFACE_STYLE_USAGE(.BOTH.,#21178);
#21178 = SURFACE_SIDE_STYLE('',(#21179));
#21179 = SURFACE_STYLE_FILL_AREA(#21180);
#21180 = FILL_AREA_STYLE('',(#21181));
#21181 = FILL_AREA_STYLE_COLOUR('',#20901);
#21182 = OVER_RIDING_STYLED_ITEM('overriding color',(#21183),#3077,
  #20696);
#21183 = PRESENTATION_STYLE_ASSIGNMENT((#21184));
#21184 = SURFACE_STYLE_USAGE(.BOTH.,#21185);
#21185 = SURFACE_SIDE_STYLE('',(#21186));
#21186 = SURFACE_STYLE_FILL_AREA(#21187);
#21187 = FILL_AREA_STYLE('',(#21188));
#21188 = FILL_AREA_STYLE_COLOUR('',#20901);
#21189 = OVER_RIDING_STYLED_ITEM('overriding color',(#21190),#3101,
  #20696);
#21190 = PRESENTATION_STYLE_ASSIGNMENT((#21191));
#21191 = SURFACE_STYLE_USAGE(.BOTH.,#21192);
#21192 = SURFACE_SIDE_STYLE('',(#21193));
#21193 = SURFACE_STYLE_FILL_AREA(#21194);
#21194 = FILL_AREA_STYLE('',(#21195));
#21195 = FILL_AREA_STYLE_COLOUR('',#20901);
#21196 = OVER_RIDING_STYLED_ITEM('overriding color',(#21197),#3146,
  #20696);
#21197 = PRESENTATION_STYLE_ASSIGNMENT((#21198));
#21198 = SURFACE_STYLE_USAGE(.BOTH.,#21199);
#21199 = SURFACE_SIDE_STYLE('',(#21200));
#21200 = SURFACE_STYLE_FILL_AREA(#21201);
#21201 = FILL_AREA_STYLE('',(#21202));
#21202 = FILL_AREA_STYLE_COLOUR('',#20901);
#21203 = OVER_RIDING_STYLED_ITEM('overriding color',(#21204),#3193,
  #20696);
#21204 = PRESENTATION_STYLE_ASSIGNMENT((#21205));
#21205 = SURFACE_STYLE_USAGE(.BOTH.,#21206);
#21206 = SURFACE_SIDE_STYLE('',(#21207));
#21207 = SURFACE_STYLE_FILL_AREA(#21208);
#21208 = FILL_AREA_STYLE('',(#21209));
#21209 = FILL_AREA_STYLE_COLOUR('',#20901);
#21210 = OVER_RIDING_STYLED_ITEM('overriding color',(#21211),#3250,
  #20696);
#21211 = PRESENTATION_STYLE_ASSIGNMENT((#21212));
#21212 = SURFACE_STYLE_USAGE(.BOTH.,#21213);
#21213 = SURFACE_SIDE_STYLE('',(#21214));
#21214 = SURFACE_STYLE_FILL_AREA(#21215);
#21215 = FILL_AREA_STYLE('',(#21216));
#21216 = FILL_AREA_STYLE_COLOUR('',#20901);
#21217 = OVER_RIDING_STYLED_ITEM('overriding color',(#21218),#3654,
  #20696);
#21218 = PRESENTATION_STYLE_ASSIGNMENT((#21219));
#21219 = SURFACE_STYLE_USAGE(.BOTH.,#21220);
#21220 = SURFACE_SIDE_STYLE('',(#21221));
#21221 = SURFACE_STYLE_FILL_AREA(#21222);
#21222 = FILL_AREA_STYLE('',(#21223));
#21223 = FILL_AREA_STYLE_COLOUR('',#20901);
#21224 = OVER_RIDING_STYLED_ITEM('overriding color',(#21225),#3679,
  #20696);
#21225 = PRESENTATION_STYLE_ASSIGNMENT((#21226));
#21226 = SURFACE_STYLE_USAGE(.BOTH.,#21227);
#21227 = SURFACE_SIDE_STYLE('',(#21228));
#21228 = SURFACE_STYLE_FILL_AREA(#21229);
#21229 = FILL_AREA_STYLE('',(#21230));
#21230 = FILL_AREA_STYLE_COLOUR('',#20901);
#21231 = OVER_RIDING_STYLED_ITEM('overriding color',(#21232),#4682,
  #20696);
#21232 = PRESENTATION_STYLE_ASSIGNMENT((#21233));
#21233 = SURFACE_STYLE_USAGE(.BOTH.,#21234);
#21234 = SURFACE_SIDE_STYLE('',(#21235));
#21235 = SURFACE_STYLE_FILL_AREA(#21236);
#21236 = FILL_AREA_STYLE('',(#21237));
#21237 = FILL_AREA_STYLE_COLOUR('',#20901);
#21238 = OVER_RIDING_STYLED_ITEM('overriding color',(#21239),#4751,
  #20696);
#21239 = PRESENTATION_STYLE_ASSIGNMENT((#21240));
#21240 = SURFACE_STYLE_USAGE(.BOTH.,#21241);
#21241 = SURFACE_SIDE_STYLE('',(#21242));
#21242 = SURFACE_STYLE_FILL_AREA(#21243);
#21243 = FILL_AREA_STYLE('',(#21244));
#21244 = FILL_AREA_STYLE_COLOUR('',#20901);
#21245 = OVER_RIDING_STYLED_ITEM('overriding color',(#21246),#4803,
  #20696);
#21246 = PRESENTATION_STYLE_ASSIGNMENT((#21247));
#21247 = SURFACE_STYLE_USAGE(.BOTH.,#21248);
#21248 = SURFACE_SIDE_STYLE('',(#21249));
#21249 = SURFACE_STYLE_FILL_AREA(#21250);
#21250 = FILL_AREA_STYLE('',(#21251));
#21251 = FILL_AREA_STYLE_COLOUR('',#20901);
#21252 = OVER_RIDING_STYLED_ITEM('overriding color',(#21253),#4860,
  #20696);
#21253 = PRESENTATION_STYLE_ASSIGNMENT((#21254));
#21254 = SURFACE_STYLE_USAGE(.BOTH.,#21255);
#21255 = SURFACE_SIDE_STYLE('',(#21256));
#21256 = SURFACE_STYLE_FILL_AREA(#21257);
#21257 = FILL_AREA_STYLE('',(#21258));
#21258 = FILL_AREA_STYLE_COLOUR('',#20901);
#21259 = OVER_RIDING_STYLED_ITEM('overriding color',(#21260),#4916,
  #20696);
#21260 = PRESENTATION_STYLE_ASSIGNMENT((#21261));
#21261 = SURFACE_STYLE_USAGE(.BOTH.,#21262);
#21262 = SURFACE_SIDE_STYLE('',(#21263));
#21263 = SURFACE_STYLE_FILL_AREA(#21264);
#21264 = FILL_AREA_STYLE('',(#21265));
#21265 = FILL_AREA_STYLE_COLOUR('',#20901);
#21266 = OVER_RIDING_STYLED_ITEM('overriding color',(#21267),#4947,
  #20696);
#21267 = PRESENTATION_STYLE_ASSIGNMENT((#21268));
#21268 = SURFACE_STYLE_USAGE(.BOTH.,#21269);
#21269 = SURFACE_SIDE_STYLE('',(#21270));
#21270 = SURFACE_STYLE_FILL_AREA(#21271);
#21271 = FILL_AREA_STYLE('',(#21272));
#21272 = FILL_AREA_STYLE_COLOUR('',#20901);
#21273 = OVER_RIDING_STYLED_ITEM('overriding color',(#21274),#5012,
  #20696);
#21274 = PRESENTATION_STYLE_ASSIGNMENT((#21275));
#21275 = SURFACE_STYLE_USAGE(.BOTH.,#21276);
#21276 = SURFACE_SIDE_STYLE('',(#21277));
#21277 = SURFACE_STYLE_FILL_AREA(#21278);
#21278 = FILL_AREA_STYLE('',(#21279));
#21279 = FILL_AREA_STYLE_COLOUR('',#20901);
#21280 = OVER_RIDING_STYLED_ITEM('overriding color',(#21281),#5029,
  #20696);
#21281 = PRESENTATION_STYLE_ASSIGNMENT((#21282));
#21282 = SURFACE_STYLE_USAGE(.BOTH.,#21283);
#21283 = SURFACE_SIDE_STYLE('',(#21284));
#21284 = SURFACE_STYLE_FILL_AREA(#21285);
#21285 = FILL_AREA_STYLE('',(#21286));
#21286 = FILL_AREA_STYLE_COLOUR('',#20901);
#21287 = OVER_RIDING_STYLED_ITEM('overriding color',(#21288),#5077,
  #20696);
#21288 = PRESENTATION_STYLE_ASSIGNMENT((#21289));
#21289 = SURFACE_STYLE_USAGE(.BOTH.,#21290);
#21290 = SURFACE_SIDE_STYLE('',(#21291));
#21291 = SURFACE_STYLE_FILL_AREA(#21292);
#21292 = FILL_AREA_STYLE('',(#21293));
#21293 = FILL_AREA_STYLE_COLOUR('',#20901);
#21294 = OVER_RIDING_STYLED_ITEM('overriding color',(#21295),#5126,
  #20696);
#21295 = PRESENTATION_STYLE_ASSIGNMENT((#21296));
#21296 = SURFACE_STYLE_USAGE(.BOTH.,#21297);
#21297 = SURFACE_SIDE_STYLE('',(#21298));
#21298 = SURFACE_STYLE_FILL_AREA(#21299);
#21299 = FILL_AREA_STYLE('',(#21300));
#21300 = FILL_AREA_STYLE_COLOUR('',#20901);
#21301 = OVER_RIDING_STYLED_ITEM('overriding color',(#21302),#5150,
  #20696);
#21302 = PRESENTATION_STYLE_ASSIGNMENT((#21303));
#21303 = SURFACE_STYLE_USAGE(.BOTH.,#21304);
#21304 = SURFACE_SIDE_STYLE('',(#21305));
#21305 = SURFACE_STYLE_FILL_AREA(#21306);
#21306 = FILL_AREA_STYLE('',(#21307));
#21307 = FILL_AREA_STYLE_COLOUR('',#20901);
#21308 = OVER_RIDING_STYLED_ITEM('overriding color',(#21309),#5187,
  #20696);
#21309 = PRESENTATION_STYLE_ASSIGNMENT((#21310));
#21310 = SURFACE_STYLE_USAGE(.BOTH.,#21311);
#21311 = SURFACE_SIDE_STYLE('',(#21312));
#21312 = SURFACE_STYLE_FILL_AREA(#21313);
#21313 = FILL_AREA_STYLE('',(#21314));
#21314 = FILL_AREA_STYLE_COLOUR('',#20901);
#21315 = OVER_RIDING_STYLED_ITEM('overriding color',(#21316),#5738,
  #20696);
#21316 = PRESENTATION_STYLE_ASSIGNMENT((#21317));
#21317 = SURFACE_STYLE_USAGE(.BOTH.,#21318);
#21318 = SURFACE_SIDE_STYLE('',(#21319));
#21319 = SURFACE_STYLE_FILL_AREA(#21320);
#21320 = FILL_AREA_STYLE('',(#21321));
#21321 = FILL_AREA_STYLE_COLOUR('',#20901);
#21322 = OVER_RIDING_STYLED_ITEM('overriding color',(#21323),#5768,
  #20696);
#21323 = PRESENTATION_STYLE_ASSIGNMENT((#21324));
#21324 = SURFACE_STYLE_USAGE(.BOTH.,#21325);
#21325 = SURFACE_SIDE_STYLE('',(#21326));
#21326 = SURFACE_STYLE_FILL_AREA(#21327);
#21327 = FILL_AREA_STYLE('',(#21328));
#21328 = FILL_AREA_STYLE_COLOUR('',#20901);
#21329 = OVER_RIDING_STYLED_ITEM('overriding color',(#21330),#5796,
  #20696);
#21330 = PRESENTATION_STYLE_ASSIGNMENT((#21331));
#21331 = SURFACE_STYLE_USAGE(.BOTH.,#21332);
#21332 = SURFACE_SIDE_STYLE('',(#21333));
#21333 = SURFACE_STYLE_FILL_AREA(#21334);
#21334 = FILL_AREA_STYLE('',(#21335));
#21335 = FILL_AREA_STYLE_COLOUR('',#20901);
#21336 = OVER_RIDING_STYLED_ITEM('overriding color',(#21337),#5824,
  #20696);
#21337 = PRESENTATION_STYLE_ASSIGNMENT((#21338));
#21338 = SURFACE_STYLE_USAGE(.BOTH.,#21339);
#21339 = SURFACE_SIDE_STYLE('',(#21340));
#21340 = SURFACE_STYLE_FILL_AREA(#21341);
#21341 = FILL_AREA_STYLE('',(#21342));
#21342 = FILL_AREA_STYLE_COLOUR('',#20901);
#21343 = OVER_RIDING_STYLED_ITEM('overriding color',(#21344),#5836,
  #20696);
#21344 = PRESENTATION_STYLE_ASSIGNMENT((#21345));
#21345 = SURFACE_STYLE_USAGE(.BOTH.,#21346);
#21346 = SURFACE_SIDE_STYLE('',(#21347));
#21347 = SURFACE_STYLE_FILL_AREA(#21348);
#21348 = FILL_AREA_STYLE('',(#21349));
#21349 = FILL_AREA_STYLE_COLOUR('',#20901);
#21350 = OVER_RIDING_STYLED_ITEM('overriding color',(#21351),#5876,
  #20696);
#21351 = PRESENTATION_STYLE_ASSIGNMENT((#21352));
#21352 = SURFACE_STYLE_USAGE(.BOTH.,#21353);
#21353 = SURFACE_SIDE_STYLE('',(#21354));
#21354 = SURFACE_STYLE_FILL_AREA(#21355);
#21355 = FILL_AREA_STYLE('',(#21356));
#21356 = FILL_AREA_STYLE_COLOUR('',#20901);
#21357 = OVER_RIDING_STYLED_ITEM('overriding color',(#21358),#5916,
  #20696);
#21358 = PRESENTATION_STYLE_ASSIGNMENT((#21359));
#21359 = SURFACE_STYLE_USAGE(.BOTH.,#21360);
#21360 = SURFACE_SIDE_STYLE('',(#21361));
#21361 = SURFACE_STYLE_FILL_AREA(#21362);
#21362 = FILL_AREA_STYLE('',(#21363));
#21363 = FILL_AREA_STYLE_COLOUR('',#20901);
#21364 = OVER_RIDING_STYLED_ITEM('overriding color',(#21365),#5956,
  #20696);
#21365 = PRESENTATION_STYLE_ASSIGNMENT((#21366));
#21366 = SURFACE_STYLE_USAGE(.BOTH.,#21367);
#21367 = SURFACE_SIDE_STYLE('',(#21368));
#21368 = SURFACE_STYLE_FILL_AREA(#21369);
#21369 = FILL_AREA_STYLE('',(#21370));
#21370 = FILL_AREA_STYLE_COLOUR('',#20901);
#21371 = OVER_RIDING_STYLED_ITEM('overriding color',(#21372),#5996,
  #20696);
#21372 = PRESENTATION_STYLE_ASSIGNMENT((#21373));
#21373 = SURFACE_STYLE_USAGE(.BOTH.,#21374);
#21374 = SURFACE_SIDE_STYLE('',(#21375));
#21375 = SURFACE_STYLE_FILL_AREA(#21376);
#21376 = FILL_AREA_STYLE('',(#21377));
#21377 = FILL_AREA_STYLE_COLOUR('',#20901);
#21378 = OVER_RIDING_STYLED_ITEM('overriding color',(#21379),#6043,
  #20696);
#21379 = PRESENTATION_STYLE_ASSIGNMENT((#21380));
#21380 = SURFACE_STYLE_USAGE(.BOTH.,#21381);
#21381 = SURFACE_SIDE_STYLE('',(#21382));
#21382 = SURFACE_STYLE_FILL_AREA(#21383);
#21383 = FILL_AREA_STYLE('',(#21384));
#21384 = FILL_AREA_STYLE_COLOUR('',#20901);
#21385 = OVER_RIDING_STYLED_ITEM('overriding color',(#21386),#6099,
  #20696);
#21386 = PRESENTATION_STYLE_ASSIGNMENT((#21387));
#21387 = SURFACE_STYLE_USAGE(.BOTH.,#21388);
#21388 = SURFACE_SIDE_STYLE('',(#21389));
#21389 = SURFACE_STYLE_FILL_AREA(#21390);
#21390 = FILL_AREA_STYLE('',(#21391));
#21391 = FILL_AREA_STYLE_COLOUR('',#20901);
#21392 = OVER_RIDING_STYLED_ITEM('overriding color',(#21393),#6123,
  #20696);
#21393 = PRESENTATION_STYLE_ASSIGNMENT((#21394));
#21394 = SURFACE_STYLE_USAGE(.BOTH.,#21395);
#21395 = SURFACE_SIDE_STYLE('',(#21396));
#21396 = SURFACE_STYLE_FILL_AREA(#21397);
#21397 = FILL_AREA_STYLE('',(#21398));
#21398 = FILL_AREA_STYLE_COLOUR('',#20901);
#21399 = OVER_RIDING_STYLED_ITEM('overriding color',(#21400),#6158,
  #20696);
#21400 = PRESENTATION_STYLE_ASSIGNMENT((#21401));
#21401 = SURFACE_STYLE_USAGE(.BOTH.,#21402);
#21402 = SURFACE_SIDE_STYLE('',(#21403));
#21403 = SURFACE_STYLE_FILL_AREA(#21404);
#21404 = FILL_AREA_STYLE('',(#21405));
#21405 = FILL_AREA_STYLE_COLOUR('',#20901);
#21406 = OVER_RIDING_STYLED_ITEM('overriding color',(#21407),#6175,
  #20696);
#21407 = PRESENTATION_STYLE_ASSIGNMENT((#21408));
#21408 = SURFACE_STYLE_USAGE(.BOTH.,#21409);
#21409 = SURFACE_SIDE_STYLE('',(#21410));
#21410 = SURFACE_STYLE_FILL_AREA(#21411);
#21411 = FILL_AREA_STYLE('',(#21412));
#21412 = FILL_AREA_STYLE_COLOUR('',#20901);
#21413 = OVER_RIDING_STYLED_ITEM('overriding color',(#21414),#6206,
  #20696);
#21414 = PRESENTATION_STYLE_ASSIGNMENT((#21415));
#21415 = SURFACE_STYLE_USAGE(.BOTH.,#21416);
#21416 = SURFACE_SIDE_STYLE('',(#21417));
#21417 = SURFACE_STYLE_FILL_AREA(#21418);
#21418 = FILL_AREA_STYLE('',(#21419));
#21419 = FILL_AREA_STYLE_COLOUR('',#20901);
#21420 = OVER_RIDING_STYLED_ITEM('overriding color',(#21421),#6246,
  #20696);
#21421 = PRESENTATION_STYLE_ASSIGNMENT((#21422));
#21422 = SURFACE_STYLE_USAGE(.BOTH.,#21423);
#21423 = SURFACE_SIDE_STYLE('',(#21424));
#21424 = SURFACE_STYLE_FILL_AREA(#21425);
#21425 = FILL_AREA_STYLE('',(#21426));
#21426 = FILL_AREA_STYLE_COLOUR('',#20901);
#21427 = OVER_RIDING_STYLED_ITEM('overriding color',(#21428),#6302,
  #20696);
#21428 = PRESENTATION_STYLE_ASSIGNMENT((#21429));
#21429 = SURFACE_STYLE_USAGE(.BOTH.,#21430);
#21430 = SURFACE_SIDE_STYLE('',(#21431));
#21431 = SURFACE_STYLE_FILL_AREA(#21432);
#21432 = FILL_AREA_STYLE('',(#21433));
#21433 = FILL_AREA_STYLE_COLOUR('',#20901);
#21434 = OVER_RIDING_STYLED_ITEM('overriding color',(#21435),#6351,
  #20696);
#21435 = PRESENTATION_STYLE_ASSIGNMENT((#21436));
#21436 = SURFACE_STYLE_USAGE(.BOTH.,#21437);
#21437 = SURFACE_SIDE_STYLE('',(#21438));
#21438 = SURFACE_STYLE_FILL_AREA(#21439);
#21439 = FILL_AREA_STYLE('',(#21440));
#21440 = FILL_AREA_STYLE_COLOUR('',#20901);
#21441 = OVER_RIDING_STYLED_ITEM('overriding color',(#21442),#6386,
  #20696);
#21442 = PRESENTATION_STYLE_ASSIGNMENT((#21443));
#21443 = SURFACE_STYLE_USAGE(.BOTH.,#21444);
#21444 = SURFACE_SIDE_STYLE('',(#21445));
#21445 = SURFACE_STYLE_FILL_AREA(#21446);
#21446 = FILL_AREA_STYLE('',(#21447));
#21447 = FILL_AREA_STYLE_COLOUR('',#20901);
#21448 = OVER_RIDING_STYLED_ITEM('overriding color',(#21449),#6403,
  #20696);
#21449 = PRESENTATION_STYLE_ASSIGNMENT((#21450));
#21450 = SURFACE_STYLE_USAGE(.BOTH.,#21451);
#21451 = SURFACE_SIDE_STYLE('',(#21452));
#21452 = SURFACE_STYLE_FILL_AREA(#21453);
#21453 = FILL_AREA_STYLE('',(#21454));
#21454 = FILL_AREA_STYLE_COLOUR('',#20901);
#21455 = OVER_RIDING_STYLED_ITEM('overriding color',(#21456),#6420,
  #20696);
#21456 = PRESENTATION_STYLE_ASSIGNMENT((#21457));
#21457 = SURFACE_STYLE_USAGE(.BOTH.,#21458);
#21458 = SURFACE_SIDE_STYLE('',(#21459));
#21459 = SURFACE_STYLE_FILL_AREA(#21460);
#21460 = FILL_AREA_STYLE('',(#21461));
#21461 = FILL_AREA_STYLE_COLOUR('',#20901);
#21462 = OVER_RIDING_STYLED_ITEM('overriding color',(#21463),#6432,
  #20696);
#21463 = PRESENTATION_STYLE_ASSIGNMENT((#21464));
#21464 = SURFACE_STYLE_USAGE(.BOTH.,#21465);
#21465 = SURFACE_SIDE_STYLE('',(#21466));
#21466 = SURFACE_STYLE_FILL_AREA(#21467);
#21467 = FILL_AREA_STYLE('',(#21468));
#21468 = FILL_AREA_STYLE_COLOUR('',#20901);
#21469 = OVER_RIDING_STYLED_ITEM('overriding color',(#21470),#6449,
  #20696);
#21470 = PRESENTATION_STYLE_ASSIGNMENT((#21471));
#21471 = SURFACE_STYLE_USAGE(.BOTH.,#21472);
#21472 = SURFACE_SIDE_STYLE('',(#21473));
#21473 = SURFACE_STYLE_FILL_AREA(#21474);
#21474 = FILL_AREA_STYLE('',(#21475));
#21475 = FILL_AREA_STYLE_COLOUR('',#20901);
#21476 = OVER_RIDING_STYLED_ITEM('overriding color',(#21477),#6540,
  #20696);
#21477 = PRESENTATION_STYLE_ASSIGNMENT((#21478));
#21478 = SURFACE_STYLE_USAGE(.BOTH.,#21479);
#21479 = SURFACE_SIDE_STYLE('',(#21480));
#21480 = SURFACE_STYLE_FILL_AREA(#21481);
#21481 = FILL_AREA_STYLE('',(#21482));
#21482 = FILL_AREA_STYLE_COLOUR('',#20901);
#21483 = OVER_RIDING_STYLED_ITEM('overriding color',(#21484),#6558,
  #20696);
#21484 = PRESENTATION_STYLE_ASSIGNMENT((#21485));
#21485 = SURFACE_STYLE_USAGE(.BOTH.,#21486);
#21486 = SURFACE_SIDE_STYLE('',(#21487));
#21487 = SURFACE_STYLE_FILL_AREA(#21488);
#21488 = FILL_AREA_STYLE('',(#21489));
#21489 = FILL_AREA_STYLE_COLOUR('',#20901);
#21490 = OVER_RIDING_STYLED_ITEM('overriding color',(#21491),#6570,
  #20696);
#21491 = PRESENTATION_STYLE_ASSIGNMENT((#21492));
#21492 = SURFACE_STYLE_USAGE(.BOTH.,#21493);
#21493 = SURFACE_SIDE_STYLE('',(#21494));
#21494 = SURFACE_STYLE_FILL_AREA(#21495);
#21495 = FILL_AREA_STYLE('',(#21496));
#21496 = FILL_AREA_STYLE_COLOUR('',#20901);
#21497 = OVER_RIDING_STYLED_ITEM('overriding color',(#21498),#6582,
  #20696);
#21498 = PRESENTATION_STYLE_ASSIGNMENT((#21499));
#21499 = SURFACE_STYLE_USAGE(.BOTH.,#21500);
#21500 = SURFACE_SIDE_STYLE('',(#21501));
#21501 = SURFACE_STYLE_FILL_AREA(#21502);
#21502 = FILL_AREA_STYLE('',(#21503));
#21503 = FILL_AREA_STYLE_COLOUR('',#20901);
#21504 = OVER_RIDING_STYLED_ITEM('overriding color',(#21505),#6614,
  #20696);
#21505 = PRESENTATION_STYLE_ASSIGNMENT((#21506));
#21506 = SURFACE_STYLE_USAGE(.BOTH.,#21507);
#21507 = SURFACE_SIDE_STYLE('',(#21508));
#21508 = SURFACE_STYLE_FILL_AREA(#21509);
#21509 = FILL_AREA_STYLE('',(#21510));
#21510 = FILL_AREA_STYLE_COLOUR('',#20901);
#21511 = OVER_RIDING_STYLED_ITEM('overriding color',(#21512),#6631,
  #20696);
#21512 = PRESENTATION_STYLE_ASSIGNMENT((#21513));
#21513 = SURFACE_STYLE_USAGE(.BOTH.,#21514);
#21514 = SURFACE_SIDE_STYLE('',(#21515));
#21515 = SURFACE_STYLE_FILL_AREA(#21516);
#21516 = FILL_AREA_STYLE('',(#21517));
#21517 = FILL_AREA_STYLE_COLOUR('',#20901);
#21518 = OVER_RIDING_STYLED_ITEM('overriding color',(#21519),#6657,
  #20696);
#21519 = PRESENTATION_STYLE_ASSIGNMENT((#21520));
#21520 = SURFACE_STYLE_USAGE(.BOTH.,#21521);
#21521 = SURFACE_SIDE_STYLE('',(#21522));
#21522 = SURFACE_STYLE_FILL_AREA(#21523);
#21523 = FILL_AREA_STYLE('',(#21524));
#21524 = FILL_AREA_STYLE_COLOUR('',#20901);
#21525 = OVER_RIDING_STYLED_ITEM('overriding color',(#21526),#6669,
  #20696);
#21526 = PRESENTATION_STYLE_ASSIGNMENT((#21527));
#21527 = SURFACE_STYLE_USAGE(.BOTH.,#21528);
#21528 = SURFACE_SIDE_STYLE('',(#21529));
#21529 = SURFACE_STYLE_FILL_AREA(#21530);
#21530 = FILL_AREA_STYLE('',(#21531));
#21531 = FILL_AREA_STYLE_COLOUR('',#20901);
#21532 = OVER_RIDING_STYLED_ITEM('overriding color',(#21533),#6681,
  #20696);
#21533 = PRESENTATION_STYLE_ASSIGNMENT((#21534));
#21534 = SURFACE_STYLE_USAGE(.BOTH.,#21535);
#21535 = SURFACE_SIDE_STYLE('',(#21536));
#21536 = SURFACE_STYLE_FILL_AREA(#21537);
#21537 = FILL_AREA_STYLE('',(#21538));
#21538 = FILL_AREA_STYLE_COLOUR('',#20901);
#21539 = OVER_RIDING_STYLED_ITEM('overriding color',(#21540),#6706,
  #20696);
#21540 = PRESENTATION_STYLE_ASSIGNMENT((#21541));
#21541 = SURFACE_STYLE_USAGE(.BOTH.,#21542);
#21542 = SURFACE_SIDE_STYLE('',(#21543));
#21543 = SURFACE_STYLE_FILL_AREA(#21544);
#21544 = FILL_AREA_STYLE('',(#21545));
#21545 = FILL_AREA_STYLE_COLOUR('',#20901);
#21546 = OVER_RIDING_STYLED_ITEM('overriding color',(#21547),#6723,
  #20696);
#21547 = PRESENTATION_STYLE_ASSIGNMENT((#21548));
#21548 = SURFACE_STYLE_USAGE(.BOTH.,#21549);
#21549 = SURFACE_SIDE_STYLE('',(#21550));
#21550 = SURFACE_STYLE_FILL_AREA(#21551);
#21551 = FILL_AREA_STYLE('',(#21552));
#21552 = FILL_AREA_STYLE_COLOUR('',#20901);
#21553 = OVER_RIDING_STYLED_ITEM('overriding color',(#21554),#6735,
  #20696);
#21554 = PRESENTATION_STYLE_ASSIGNMENT((#21555));
#21555 = SURFACE_STYLE_USAGE(.BOTH.,#21556);
#21556 = SURFACE_SIDE_STYLE('',(#21557));
#21557 = SURFACE_STYLE_FILL_AREA(#21558);
#21558 = FILL_AREA_STYLE('',(#21559));
#21559 = FILL_AREA_STYLE_COLOUR('',#20901);
#21560 = OVER_RIDING_STYLED_ITEM('overriding color',(#21561),#6747,
  #20696);
#21561 = PRESENTATION_STYLE_ASSIGNMENT((#21562));
#21562 = SURFACE_STYLE_USAGE(.BOTH.,#21563);
#21563 = SURFACE_SIDE_STYLE('',(#21564));
#21564 = SURFACE_STYLE_FILL_AREA(#21565);
#21565 = FILL_AREA_STYLE('',(#21566));
#21566 = FILL_AREA_STYLE_COLOUR('',#20901);
#21567 = OVER_RIDING_STYLED_ITEM('overriding color',(#21568),#6764,
  #20696);
#21568 = PRESENTATION_STYLE_ASSIGNMENT((#21569));
#21569 = SURFACE_STYLE_USAGE(.BOTH.,#21570);
#21570 = SURFACE_SIDE_STYLE('',(#21571));
#21571 = SURFACE_STYLE_FILL_AREA(#21572);
#21572 = FILL_AREA_STYLE('',(#21573));
#21573 = FILL_AREA_STYLE_COLOUR('',#20901);
#21574 = OVER_RIDING_STYLED_ITEM('overriding color',(#21575),#7654,
  #20696);
#21575 = PRESENTATION_STYLE_ASSIGNMENT((#21576));
#21576 = SURFACE_STYLE_USAGE(.BOTH.,#21577);
#21577 = SURFACE_SIDE_STYLE('',(#21578));
#21578 = SURFACE_STYLE_FILL_AREA(#21579);
#21579 = FILL_AREA_STYLE('',(#21580));
#21580 = FILL_AREA_STYLE_COLOUR('',#20901);
#21581 = MECHANICAL_DESIGN_GEOMETRIC_PRESENTATION_REPRESENTATION('',(
    #21582),#19319);
#21582 = STYLED_ITEM('color',(#21583),#13211);
#21583 = PRESENTATION_STYLE_ASSIGNMENT((#21584));
#21584 = SURFACE_STYLE_USAGE(.BOTH.,#21585);
#21585 = SURFACE_SIDE_STYLE('',(#21586));
#21586 = SURFACE_STYLE_FILL_AREA(#21587);
#21587 = FILL_AREA_STYLE('',(#21588));
#21588 = FILL_AREA_STYLE_COLOUR('',#21589);
#21589 = COLOUR_RGB('',0.313304153717,0.484529207832,0.410020903123);
ENDSEC;
END-ISO-10303-21;
